ID,study,position,price,level,order,answers
QXkclcGdoR,1a,oben,L,L1,3,5000
QXkclcGdoR,1a,oben,L,L2,3,50
QXkclcGdoR,1a,oben,L,L3,3,35
QXkclcGdoR,1a,oben,L,L4,3,60000
QXkclcGdoR,1a,oben,L,L5,3,270
QXkclcGdoR,1b,unten,A,A1,2,7
QXkclcGdoR,1b,unten,A,A2,2,6
QXkclcGdoR,1b,unten,A,A3,2,2
QXkclcGdoR,1b,unten,A,A4,2,4
QXkclcGdoR,1b,unten,A,A5,2,4
QXkclcGdoR,2,oben,L,L1,1,7
QXkclcGdoR,2,oben,L,L2,1,2
QXkclcGdoR,2,oben,L,L3,1,2
QXkclcGdoR,2,oben,L,L4,1,3
QXkclcGdoR,2,oben,L,L5,1,4
j2zRmuLwo9,1a,oben,A,A1,3,5.9
j2zRmuLwo9,1a,oben,A,A2,3,9.9
j2zRmuLwo9,1a,oben,A,A3,3,3.4499999999999997
j2zRmuLwo9,1a,oben,A,A4,3,21.95
j2zRmuLwo9,1a,oben,A,A5,3,39.949999999999996
j2zRmuLwo9,1b,unten,L,L1,1,9
j2zRmuLwo9,1b,unten,L,L2,1,4
j2zRmuLwo9,1b,unten,L,L3,1,6
j2zRmuLwo9,1b,unten,L,L4,1,9
j2zRmuLwo9,1b,unten,L,L5,1,9
j2zRmuLwo9,2,oben,A,A1,2,6
j2zRmuLwo9,2,oben,A,A2,2,1
j2zRmuLwo9,2,oben,A,A3,2,3
j2zRmuLwo9,2,oben,A,A4,2,1
j2zRmuLwo9,2,oben,A,A5,2,7
SGjPmtCman,1a,unten,A,A1,3,3.9499999999999997
SGjPmtCman,1a,unten,A,A2,3,2.9499999999999997
SGjPmtCman,1a,unten,A,A3,3,1.5
SGjPmtCman,1a,unten,A,A4,3,6.5
SGjPmtCman,1a,unten,A,A5,3,20
SGjPmtCman,1b,unten,A,A1,2,8
SGjPmtCman,1b,unten,A,A2,2,7
SGjPmtCman,1b,unten,A,A3,2,6
SGjPmtCman,1b,unten,A,A4,2,6
SGjPmtCman,2,oben,L,L1,1,2
SGjPmtCman,2,oben,L,L2,1,1
SGjPmtCman,2,oben,L,L3,1,1
SGjPmtCman,2,oben,L,L4,1,1
SGjPmtCman,2,oben,L,L5,1,1
T6wXjrfJlI,1a,unten,L,L1,1,280
T6wXjrfJlI,1a,unten,L,L2,1,5.9
T6wXjrfJlI,1a,unten,L,L3,1,20
T6wXjrfJlI,1a,unten,L,L4,1,60000
T6wXjrfJlI,1a,unten,L,L5,1,50
T6wXjrfJlI,1b,oben,A,A1,3,6
T6wXjrfJlI,1b,oben,A,A2,3,4
T6wXjrfJlI,1b,oben,A,A3,3,1
T6wXjrfJlI,1b,oben,A,A4,3,7
T6wXjrfJlI,1b,oben,A,A5,3,2
T6wXjrfJlI,2,oben,A,A1,2,9
T6wXjrfJlI,2,oben,A,A2,2,2
T6wXjrfJlI,2,oben,A,A3,2,2
T6wXjrfJlI,2,oben,A,A4,2,8
T6wXjrfJlI,2,oben,A,A5,2,3
HMbXMoSt26,1a,oben,A,A1,2,7.5
HMbXMoSt26,1a,oben,A,A2,2,1.95
HMbXMoSt26,1a,oben,A,A3,2,2
HMbXMoSt26,1a,oben,A,A4,2,8
HMbXMoSt26,1a,oben,A,A5,2,20
HMbXMoSt26,1b,unten,L,L1,3,9
HMbXMoSt26,1b,unten,L,L2,3,9
HMbXMoSt26,1b,unten,L,L3,3,9
HMbXMoSt26,1b,unten,L,L4,3,9
HMbXMoSt26,1b,unten,L,L5,3,8
HMbXMoSt26,2,unten,A,A1,1,6
HMbXMoSt26,2,unten,A,A2,1,1
HMbXMoSt26,2,unten,A,A3,1,3
HMbXMoSt26,2,unten,A,A4,1,5
HMbXMoSt26,2,unten,A,A5,1,9
yGWTOr1TxS,1a,oben,L,L1,1,400
yGWTOr1TxS,1a,oben,L,L2,1,30
yGWTOr1TxS,1a,oben,L,L3,1,10
yGWTOr1TxS,1a,oben,L,L4,1,500000
yGWTOr1TxS,1a,oben,L,L5,1,35
yGWTOr1TxS,1b,unten,A,A1,3,6
yGWTOr1TxS,1b,unten,A,A2,3,5
yGWTOr1TxS,1b,unten,A,A3,3,6
yGWTOr1TxS,1b,unten,A,A4,3,8
yGWTOr1TxS,1b,unten,A,A5,3,5
yGWTOr1TxS,2,unten,L,L1,2,1
yGWTOr1TxS,2,unten,L,L2,2,1
yGWTOr1TxS,2,unten,L,L3,2,1
yGWTOr1TxS,2,unten,L,L4,2,1
yGWTOr1TxS,2,unten,L,L5,2,1
RwKiPjRemv,1a,unten,L,L1,1,400
RwKiPjRemv,1a,unten,L,L2,1,15
RwKiPjRemv,1a,unten,L,L3,1,10
RwKiPjRemv,1a,unten,L,L4,1,4000
RwKiPjRemv,1a,unten,L,L5,1,10
RwKiPjRemv,1b,oben,L,L1,3,8
RwKiPjRemv,1b,oben,L,L2,3,8
RwKiPjRemv,1b,oben,L,L3,3,9
RwKiPjRemv,1b,oben,L,L4,3,9
RwKiPjRemv,1b,oben,L,L5,3,9
RwKiPjRemv,2,unten,A,A1,2,8
RwKiPjRemv,2,unten,A,A2,2,9
RwKiPjRemv,2,unten,A,A3,2,9
RwKiPjRemv,2,unten,A,A4,2,7
RwKiPjRemv,2,unten,A,A5,2,9
5llljCu9h2,1a,unten,A,A1,3,0
5llljCu9h2,1a,unten,A,A2,3,2
5llljCu9h2,1a,unten,A,A3,3,0
5llljCu9h2,1a,unten,A,A4,3,5
5llljCu9h2,1a,unten,A,A5,3,30
5llljCu9h2,1b,oben,L,L2,1,6
5llljCu9h2,1b,oben,L,L3,1,8
5llljCu9h2,1b,oben,L,L4,1,9
5llljCu9h2,1b,oben,L,L5,1,8
5llljCu9h2,2,oben,A,A1,2,3
5llljCu9h2,2,oben,A,A2,2,3
5llljCu9h2,2,oben,A,A3,2,2
5llljCu9h2,2,oben,A,A4,2,4
5llljCu9h2,2,oben,A,A5,2,1
mG1me99lDL,1a,oben,A,A1,3,19
mG1me99lDL,1a,oben,A,A2,3,24
mG1me99lDL,1a,oben,A,A3,3,15
mG1me99lDL,1a,oben,A,A4,3,9
mG1me99lDL,1a,oben,A,A5,3,39
mG1me99lDL,1b,unten,A,A1,1,4
mG1me99lDL,1b,unten,A,A2,1,7
mG1me99lDL,1b,unten,A,A3,1,6
mG1me99lDL,1b,unten,A,A4,1,6
mG1me99lDL,1b,unten,A,A5,1,7
mG1me99lDL,2,unten,L,L1,2,2
mG1me99lDL,2,unten,L,L2,2,1
mG1me99lDL,2,unten,L,L3,2,1
mG1me99lDL,2,unten,L,L4,2,2
mG1me99lDL,2,unten,L,L5,2,3
0swpwQecG1,1a,unten,A,A1,3,12.9
0swpwQecG1,1a,unten,A,A2,3,12.9
0swpwQecG1,1a,unten,A,A3,3,6.9
0swpwQecG1,1a,unten,A,A4,3,14.950000000000001
0swpwQecG1,1a,unten,A,A5,3,19.95
0swpwQecG1,1b,oben,A,A1,2,7
0swpwQecG1,1b,oben,A,A2,2,4
0swpwQecG1,1b,oben,A,A3,2,3
0swpwQecG1,1b,oben,A,A4,2,8
0swpwQecG1,1b,oben,A,A5,2,3
0swpwQecG1,2,oben,L,L1,1,2
0swpwQecG1,2,oben,L,L2,1,1
0swpwQecG1,2,oben,L,L3,1,1
0swpwQecG1,2,oben,L,L4,1,1
0swpwQecG1,2,oben,L,L5,1,2
Z5e3O5rxYd,1a,unten,L,L1,2,400
Z5e3O5rxYd,1a,unten,L,L2,2,50
Z5e3O5rxYd,1a,unten,L,L3,2,20
Z5e3O5rxYd,1a,unten,L,L4,2,100000
Z5e3O5rxYd,1a,unten,L,L5,2,130
Z5e3O5rxYd,1b,oben,L,L1,1,7
Z5e3O5rxYd,1b,oben,L,L2,1,7
Z5e3O5rxYd,1b,oben,L,L3,1,8
Z5e3O5rxYd,1b,oben,L,L4,1,9
Z5e3O5rxYd,1b,oben,L,L5,1,8
Z5e3O5rxYd,2,unten,A,A1,3,7
Z5e3O5rxYd,2,unten,A,A2,3,9
Z5e3O5rxYd,2,unten,A,A3,3,9
Z5e3O5rxYd,2,unten,A,A4,3,7
Z5e3O5rxYd,2,unten,A,A5,3,7
cfWNQKlR53,1a,unten,A,A1,1,10
cfWNQKlR53,1a,unten,A,A2,1,15
cfWNQKlR53,1a,unten,A,A3,1,3
cfWNQKlR53,1a,unten,A,A4,1,9
cfWNQKlR53,1a,unten,A,A5,1,29
cfWNQKlR53,1b,oben,A,A1,2,3
cfWNQKlR53,1b,oben,A,A2,2,5
cfWNQKlR53,1b,oben,A,A4,2,7
cfWNQKlR53,1b,oben,A,A5,2,3
cfWNQKlR53,2,unten,L,L1,3,7
cfWNQKlR53,2,unten,L,L2,3,9
cfWNQKlR53,2,unten,L,L3,3,9
cfWNQKlR53,2,unten,L,L4,3,8
cfWNQKlR53,2,unten,L,L5,3,3
OZVDbcVWmd,1a,unten,L,L1,1,700
OZVDbcVWmd,1a,unten,L,L2,1,30
OZVDbcVWmd,1a,unten,L,L3,1,25
OZVDbcVWmd,1a,unten,L,L4,1,25000
OZVDbcVWmd,1a,unten,L,L5,1,80
OZVDbcVWmd,1b,unten,L,L2,3,7
OZVDbcVWmd,1b,unten,L,L4,3,9
OZVDbcVWmd,1b,unten,L,L5,3,8
OZVDbcVWmd,2,oben,A,A1,2,9
OZVDbcVWmd,2,oben,A,A2,2,9
OZVDbcVWmd,2,oben,A,A3,2,2
OZVDbcVWmd,2,oben,A,A4,2,6
OZVDbcVWmd,2,oben,A,A5,2,9
BKpBRoKc8u,1a,unten,L,L1,1,400
BKpBRoKc8u,1a,unten,L,L2,1,30
BKpBRoKc8u,1a,unten,L,L3,1,15
BKpBRoKc8u,1a,unten,L,L4,1,60000
BKpBRoKc8u,1a,unten,L,L5,1,60
BKpBRoKc8u,1b,oben,A,A1,3,6
BKpBRoKc8u,1b,oben,A,A2,3,7
BKpBRoKc8u,1b,oben,A,A3,3,2
BKpBRoKc8u,1b,oben,A,A4,3,6
BKpBRoKc8u,1b,oben,A,A5,3,6
BKpBRoKc8u,2,oben,L,L1,2,1
BKpBRoKc8u,2,oben,L,L2,2,1
BKpBRoKc8u,2,oben,L,L3,2,1
BKpBRoKc8u,2,oben,L,L4,2,1
BKpBRoKc8u,2,oben,L,L5,2,1
3GY0FVPrIJ,1a,oben,A,A1,1,8
3GY0FVPrIJ,1a,oben,A,A2,1,3
3GY0FVPrIJ,1a,oben,A,A3,1,1
3GY0FVPrIJ,1a,oben,A,A4,1,6
3GY0FVPrIJ,1a,oben,A,A5,1,25
3GY0FVPrIJ,1b,oben,L,L1,2,9
3GY0FVPrIJ,1b,oben,L,L2,2,7
3GY0FVPrIJ,1b,oben,L,L3,2,9
3GY0FVPrIJ,1b,oben,L,L4,2,9
3GY0FVPrIJ,1b,oben,L,L5,2,9
3GY0FVPrIJ,2,unten,L,L1,3,3
3GY0FVPrIJ,2,unten,L,L2,3,1
3GY0FVPrIJ,2,unten,L,L3,3,1
3GY0FVPrIJ,2,unten,L,L4,3,1
3GY0FVPrIJ,2,unten,L,L5,3,1
M8HTzw6aMc,1a,unten,A,A1,2,9.9
M8HTzw6aMc,1a,unten,A,A2,2,15
M8HTzw6aMc,1a,unten,A,A3,2,3.5
M8HTzw6aMc,1a,unten,A,A4,2,15.9
M8HTzw6aMc,1a,unten,A,A5,2,39
M8HTzw6aMc,1b,unten,A,A2,3,7
M8HTzw6aMc,1b,unten,A,A3,3,4
M8HTzw6aMc,1b,unten,A,A4,3,7
M8HTzw6aMc,1b,unten,A,A5,3,7
M8HTzw6aMc,2,oben,A,A1,1,9
M8HTzw6aMc,2,oben,A,A2,1,1
M8HTzw6aMc,2,oben,A,A3,1,1
M8HTzw6aMc,2,oben,A,A4,1,7
M8HTzw6aMc,2,oben,A,A5,1,1
BJC60aYjg0,1a,oben,L,L1,2,450
BJC60aYjg0,1a,oben,L,L2,2,50
BJC60aYjg0,1a,oben,L,L3,2,40
BJC60aYjg0,1a,oben,L,L4,2,60000
BJC60aYjg0,1a,oben,L,L5,2,50
BJC60aYjg0,1b,oben,A,A1,3,8
BJC60aYjg0,1b,oben,A,A2,3,7
BJC60aYjg0,2,oben,L,L1,1,1
BJC60aYjg0,2,oben,L,L2,1,1
BJC60aYjg0,2,oben,L,L3,1,1
BJC60aYjg0,2,oben,L,L4,1,1
BJC60aYjg0,2,oben,L,L5,1,1
8XuzyEVR83,1a,oben,A,A1,3,25
8XuzyEVR83,1a,oben,A,A2,3,12
8XuzyEVR83,1a,oben,A,A3,3,6
8XuzyEVR83,1a,oben,A,A4,3,3
8XuzyEVR83,1a,oben,A,A5,3,150
8XuzyEVR83,1b,oben,L,L1,1,6
8XuzyEVR83,1b,oben,L,L2,1,4
8XuzyEVR83,1b,oben,L,L3,1,7
8XuzyEVR83,1b,oben,L,L4,1,7
8XuzyEVR83,1b,oben,L,L5,1,9
8XuzyEVR83,2,oben,L,L1,2,1
8XuzyEVR83,2,oben,L,L2,2,3
8XuzyEVR83,2,oben,L,L3,2,2
8XuzyEVR83,2,oben,L,L4,2,7
8XuzyEVR83,2,oben,L,L5,2,1
WvPxYL34Oa,1a,oben,L,L1,3,200
WvPxYL34Oa,1a,oben,L,L2,3,10
WvPxYL34Oa,1a,oben,L,L3,3,5
WvPxYL34Oa,1a,oben,L,L4,3,10000
WvPxYL34Oa,1a,oben,L,L5,3,15
WvPxYL34Oa,1b,unten,A,A1,1,8
WvPxYL34Oa,1b,unten,A,A2,1,7
WvPxYL34Oa,1b,unten,A,A3,1,4
WvPxYL34Oa,1b,unten,A,A4,1,9
WvPxYL34Oa,1b,unten,A,A5,1,7
WvPxYL34Oa,2,oben,A,A1,2,2
WvPxYL34Oa,2,oben,A,A2,2,6
WvPxYL34Oa,2,oben,A,A3,2,1
WvPxYL34Oa,2,oben,A,A4,2,1
WvPxYL34Oa,2,oben,A,A5,2,1
snI2zwPl2h,1a,unten,L,L1,1,500
snI2zwPl2h,1a,unten,L,L2,1,30
snI2zwPl2h,1a,unten,L,L3,1,50
snI2zwPl2h,1a,unten,L,L4,1,40000
snI2zwPl2h,1a,unten,L,L5,1,30
snI2zwPl2h,1b,oben,L,L1,3,9
snI2zwPl2h,1b,oben,L,L2,3,5
snI2zwPl2h,1b,oben,L,L4,3,9
snI2zwPl2h,1b,oben,L,L5,3,9
snI2zwPl2h,2,unten,L,L1,2,1
snI2zwPl2h,2,unten,L,L2,2,1
snI2zwPl2h,2,unten,L,L3,2,1
snI2zwPl2h,2,unten,L,L4,2,1
snI2zwPl2h,2,unten,L,L5,2,1
VrU6rudE4O,1a,unten,L,L1,3,499
VrU6rudE4O,1a,unten,L,L2,3,39.9
VrU6rudE4O,1a,unten,L,L3,3,19.99
VrU6rudE4O,1a,unten,L,L4,3,35000
VrU6rudE4O,1a,unten,L,L5,3,159
VrU6rudE4O,1b,unten,L,L1,2,1
VrU6rudE4O,1b,unten,L,L2,2,1
VrU6rudE4O,1b,unten,L,L3,2,2
VrU6rudE4O,1b,unten,L,L4,2,1
VrU6rudE4O,1b,unten,L,L5,2,9
VrU6rudE4O,2,oben,L,L1,1,1
VrU6rudE4O,2,oben,L,L2,1,1
VrU6rudE4O,2,oben,L,L3,1,1
VrU6rudE4O,2,oben,L,L4,1,1
VrU6rudE4O,2,oben,L,L5,1,1
4ETybs6UPw,1a,unten,A,A1,1,9.9
4ETybs6UPw,1a,unten,A,A2,1,49.9
4ETybs6UPw,1a,unten,A,A3,1,2.5
4ETybs6UPw,1a,unten,A,A4,1,5.9
4ETybs6UPw,1a,unten,A,A5,1,39.9
4ETybs6UPw,1b,oben,A,A1,2,6
4ETybs6UPw,1b,oben,A,A2,2,3
4ETybs6UPw,1b,oben,A,A3,2,3
4ETybs6UPw,1b,oben,A,A4,2,4
4ETybs6UPw,1b,oben,A,A5,2,4
4ETybs6UPw,2,unten,A,A1,3,6
4ETybs6UPw,2,unten,A,A2,3,1
4ETybs6UPw,2,unten,A,A3,3,1
4ETybs6UPw,2,unten,A,A4,3,7
4ETybs6UPw,2,unten,A,A5,3,1
9t5x12nBci,1a,oben,L,L1,2,600
9t5x12nBci,1a,oben,L,L2,2,5
9t5x12nBci,1a,oben,L,L3,2,12
9t5x12nBci,1a,oben,L,L4,2,50000
9t5x12nBci,1a,oben,L,L5,2,70
9t5x12nBci,1b,unten,L,L1,3,9
9t5x12nBci,1b,unten,L,L2,3,7
9t5x12nBci,1b,unten,L,L3,3,7
9t5x12nBci,1b,unten,L,L4,3,9
9t5x12nBci,1b,unten,L,L5,3,9
9t5x12nBci,2,unten,A,A1,1,8
9t5x12nBci,2,unten,A,A2,1,1
9t5x12nBci,2,unten,A,A3,1,1
9t5x12nBci,2,unten,A,A4,1,1
9t5x12nBci,2,unten,A,A5,1,1
urmsle3GQ5,1a,oben,L,L1,3,250
urmsle3GQ5,1a,oben,L,L2,3,30
urmsle3GQ5,1a,oben,L,L3,3,20
urmsle3GQ5,1a,oben,L,L4,3,25000
urmsle3GQ5,1a,oben,L,L5,3,50
urmsle3GQ5,1b,oben,L,L1,2,2
urmsle3GQ5,1b,oben,L,L2,2,1
urmsle3GQ5,1b,oben,L,L3,2,3
urmsle3GQ5,1b,oben,L,L4,2,1
urmsle3GQ5,1b,oben,L,L5,2,1
urmsle3GQ5,2,oben,L,L1,1,1
urmsle3GQ5,2,oben,L,L2,1,1
urmsle3GQ5,2,oben,L,L3,1,1
urmsle3GQ5,2,oben,L,L4,1,1
urmsle3GQ5,2,oben,L,L5,1,1
HHbwGfgZYd,1a,oben,A,A1,3,10
HHbwGfgZYd,1a,oben,A,A2,3,10
HHbwGfgZYd,1a,oben,A,A3,3,5
HHbwGfgZYd,1a,oben,A,A4,3,25
HHbwGfgZYd,1a,oben,A,A5,3,80
HHbwGfgZYd,1b,unten,L,L1,1,9
HHbwGfgZYd,1b,unten,L,L3,1,6
HHbwGfgZYd,1b,unten,L,L4,1,9
HHbwGfgZYd,1b,unten,L,L5,1,7
HHbwGfgZYd,2,unten,L,L1,2,1
HHbwGfgZYd,2,unten,L,L2,2,1
HHbwGfgZYd,2,unten,L,L3,2,1
HHbwGfgZYd,2,unten,L,L4,2,1
HHbwGfgZYd,2,unten,L,L5,2,1
L0SaPXmhQD,1a,unten,L,L1,1,150
L0SaPXmhQD,1a,unten,L,L2,1,10
L0SaPXmhQD,1a,unten,L,L3,1,40
L0SaPXmhQD,1a,unten,L,L4,1,50000
L0SaPXmhQD,1a,unten,L,L5,1,40
L0SaPXmhQD,1b,unten,A,A2,3,5
L0SaPXmhQD,1b,unten,A,A5,3,6
L0SaPXmhQD,2,unten,A,A1,2,9
L0SaPXmhQD,2,unten,A,A2,2,9
L0SaPXmhQD,2,unten,A,A4,2,8
L0SaPXmhQD,2,unten,A,A5,2,8
7nu4FVcb4z,1a,unten,A,A1,2,6
7nu4FVcb4z,1a,unten,A,A2,2,7
7nu4FVcb4z,1a,unten,A,A3,2,2.5
7nu4FVcb4z,1a,unten,A,A4,2,6
7nu4FVcb4z,1a,unten,A,A5,2,30
7nu4FVcb4z,1b,unten,A,A1,3,6
7nu4FVcb4z,1b,unten,A,A2,3,6
7nu4FVcb4z,1b,unten,A,A3,3,5
7nu4FVcb4z,1b,unten,A,A4,3,6
7nu4FVcb4z,1b,unten,A,A5,3,4
7nu4FVcb4z,2,oben,L,L1,1,1
7nu4FVcb4z,2,oben,L,L2,1,1
7nu4FVcb4z,2,oben,L,L3,1,1
7nu4FVcb4z,2,oben,L,L4,1,1
7nu4FVcb4z,2,oben,L,L5,1,1
AqdUe9X9zW,1a,unten,A,A1,2,5.5
AqdUe9X9zW,1a,unten,A,A2,2,4.5
AqdUe9X9zW,1a,unten,A,A3,2,1.5
AqdUe9X9zW,1a,unten,A,A4,2,12.9
AqdUe9X9zW,1a,unten,A,A5,2,32
AqdUe9X9zW,1b,oben,A,A1,1,7
AqdUe9X9zW,1b,oben,A,A2,1,7
AqdUe9X9zW,1b,oben,A,A3,1,8
AqdUe9X9zW,1b,oben,A,A4,1,8
AqdUe9X9zW,1b,oben,A,A5,1,5
AqdUe9X9zW,2,unten,A,A1,3,7
AqdUe9X9zW,2,unten,A,A2,3,6
AqdUe9X9zW,2,unten,A,A3,3,1
AqdUe9X9zW,2,unten,A,A4,3,5
AqdUe9X9zW,2,unten,A,A5,3,3
9DNR1Q74eB,1a,oben,L,L1,2,800
9DNR1Q74eB,1a,oben,L,L2,2,10
9DNR1Q74eB,1a,oben,L,L3,2,12
9DNR1Q74eB,1a,oben,L,L4,2,35000
9DNR1Q74eB,1a,oben,L,L5,2,80
9DNR1Q74eB,1b,oben,A,A1,1,8
9DNR1Q74eB,1b,oben,A,A2,1,4
9DNR1Q74eB,1b,oben,A,A3,1,5
9DNR1Q74eB,1b,oben,A,A4,1,9
9DNR1Q74eB,1b,oben,A,A5,1,3
9DNR1Q74eB,2,unten,A,A1,3,2
9DNR1Q74eB,2,unten,A,A2,3,1
9DNR1Q74eB,2,unten,A,A3,3,2
9DNR1Q74eB,2,unten,A,A4,3,8
9DNR1Q74eB,2,unten,A,A5,3,7
pCf1nIrpGb,1a,oben,A,A1,2,12
pCf1nIrpGb,1a,oben,A,A2,2,10
pCf1nIrpGb,1a,oben,A,A3,2,0
pCf1nIrpGb,1a,oben,A,A4,2,15
pCf1nIrpGb,1a,oben,A,A5,2,80
pCf1nIrpGb,1b,unten,A,A1,3,5
pCf1nIrpGb,1b,unten,A,A2,3,8
pCf1nIrpGb,1b,unten,A,A3,3,5
pCf1nIrpGb,1b,unten,A,A4,3,5
pCf1nIrpGb,1b,unten,A,A5,3,2
pCf1nIrpGb,2,unten,L,L1,1,1
pCf1nIrpGb,2,unten,L,L2,1,1
pCf1nIrpGb,2,unten,L,L3,1,1
pCf1nIrpGb,2,unten,L,L4,1,1
pCf1nIrpGb,2,unten,L,L5,1,1
B6FWlnQE7b,1a,oben,A,A1,2,8
B6FWlnQE7b,1a,oben,A,A2,2,14
B6FWlnQE7b,1a,oben,A,A3,2,2.5
B6FWlnQE7b,1a,oben,A,A4,2,8
B6FWlnQE7b,1a,oben,A,A5,2,40
B6FWlnQE7b,1b,oben,L,L1,3,6
B6FWlnQE7b,1b,oben,L,L4,3,7
B6FWlnQE7b,1b,oben,L,L5,3,7
B6FWlnQE7b,2,unten,L,L1,1,2
B6FWlnQE7b,2,unten,L,L2,1,1
B6FWlnQE7b,2,unten,L,L3,1,1
B6FWlnQE7b,2,unten,L,L4,1,1
B6FWlnQE7b,2,unten,L,L5,1,1
QMshZTvyK0,1a,unten,L,L1,3,590
QMshZTvyK0,1a,unten,L,L2,3,25
QMshZTvyK0,1a,unten,L,L3,3,15
QMshZTvyK0,1a,unten,L,L4,3,59000
QMshZTvyK0,1a,unten,L,L5,3,220
QMshZTvyK0,1b,unten,L,L1,2,7
QMshZTvyK0,1b,unten,L,L2,2,7
QMshZTvyK0,1b,unten,L,L3,2,6
QMshZTvyK0,1b,unten,L,L4,2,9
QMshZTvyK0,1b,unten,L,L5,2,8
QMshZTvyK0,2,unten,A,A1,1,9
QMshZTvyK0,2,unten,A,A2,1,1
QMshZTvyK0,2,unten,A,A3,1,4
QMshZTvyK0,2,unten,A,A4,1,6
PTEiwd2Id7,1a,oben,L,L1,1,499
PTEiwd2Id7,1a,oben,L,L2,1,20
PTEiwd2Id7,1a,oben,L,L3,1,15
PTEiwd2Id7,1a,oben,L,L4,1,50000
PTEiwd2Id7,1a,oben,L,L5,1,120
PTEiwd2Id7,1b,unten,L,L1,2,3
PTEiwd2Id7,1b,unten,L,L2,2,4
PTEiwd2Id7,1b,unten,L,L3,2,7
PTEiwd2Id7,1b,unten,L,L4,2,9
PTEiwd2Id7,1b,unten,L,L5,2,6
PTEiwd2Id7,2,oben,L,L1,3,2
PTEiwd2Id7,2,oben,L,L2,3,5
PTEiwd2Id7,2,oben,L,L3,3,1
PTEiwd2Id7,2,oben,L,L4,3,4
PTEiwd2Id7,2,oben,L,L5,3,3
kNqfpt5fDD,1a,unten,A,A1,3,10
kNqfpt5fDD,1a,unten,A,A2,3,5
kNqfpt5fDD,1a,unten,A,A3,3,5
kNqfpt5fDD,1a,unten,A,A4,3,25
kNqfpt5fDD,1a,unten,A,A5,3,80
kNqfpt5fDD,1b,oben,L,L1,2,3
kNqfpt5fDD,1b,oben,L,L2,2,7
kNqfpt5fDD,1b,oben,L,L3,2,5
kNqfpt5fDD,1b,oben,L,L4,2,9
kNqfpt5fDD,1b,oben,L,L5,2,7
kNqfpt5fDD,2,unten,L,L1,1,1
kNqfpt5fDD,2,unten,L,L2,1,1
kNqfpt5fDD,2,unten,L,L3,1,1
kNqfpt5fDD,2,unten,L,L4,1,1
kNqfpt5fDD,2,unten,L,L5,1,2
zPaRlysSHN,1a,oben,L,L1,1,250
zPaRlysSHN,1a,oben,L,L2,1,20
zPaRlysSHN,1a,oben,L,L3,1,5
zPaRlysSHN,1a,oben,L,L4,1,30000
zPaRlysSHN,1a,oben,L,L5,1,50
zPaRlysSHN,1b,oben,A,A1,3,7
zPaRlysSHN,1b,oben,A,A2,3,6
zPaRlysSHN,1b,oben,A,A4,3,7
zPaRlysSHN,1b,oben,A,A5,3,3
zPaRlysSHN,2,oben,A,A1,2,9
zPaRlysSHN,2,oben,A,A2,2,1
zPaRlysSHN,2,oben,A,A3,2,1
zPaRlysSHN,2,oben,A,A4,2,3
zPaRlysSHN,2,oben,A,A5,2,1
m2YVwUhBOz,1a,unten,A,A1,3,4.5
m2YVwUhBOz,1a,unten,A,A2,3,5
m2YVwUhBOz,1a,unten,A,A3,3,1.2
m2YVwUhBOz,1a,unten,A,A4,3,12
m2YVwUhBOz,1a,unten,A,A5,3,20
m2YVwUhBOz,1b,oben,L,L1,1,3
m2YVwUhBOz,1b,oben,L,L2,1,7
m2YVwUhBOz,1b,oben,L,L3,1,7
m2YVwUhBOz,1b,oben,L,L4,1,9
m2YVwUhBOz,1b,oben,L,L5,1,5
m2YVwUhBOz,2,unten,L,L1,2,1
m2YVwUhBOz,2,unten,L,L2,2,1
m2YVwUhBOz,2,unten,L,L3,2,1
m2YVwUhBOz,2,unten,L,L4,2,1
m2YVwUhBOz,2,unten,L,L5,2,1
H4Xow3Lop6,1a,oben,L,L1,3,250
H4Xow3Lop6,1a,oben,L,L2,3,8
H4Xow3Lop6,1a,oben,L,L3,3,10
H4Xow3Lop6,1a,oben,L,L4,3,50000
H4Xow3Lop6,1a,oben,L,L5,3,60
H4Xow3Lop6,1b,oben,A,A1,2,7
H4Xow3Lop6,1b,oben,A,A2,2,4
H4Xow3Lop6,1b,oben,A,A3,2,5
H4Xow3Lop6,1b,oben,A,A4,2,8
H4Xow3Lop6,1b,oben,A,A5,2,6
H4Xow3Lop6,2,unten,A,A1,1,4
H4Xow3Lop6,2,unten,A,A2,1,2
H4Xow3Lop6,2,unten,A,A3,1,1
H4Xow3Lop6,2,unten,A,A4,1,6
H4Xow3Lop6,2,unten,A,A5,1,1
RCxzRC7hKB,1a,oben,A,A1,1,7
RCxzRC7hKB,1a,oben,A,A2,1,12
RCxzRC7hKB,1a,oben,A,A3,1,1
RCxzRC7hKB,1a,oben,A,A4,1,8
RCxzRC7hKB,1a,oben,A,A5,1,25
RCxzRC7hKB,1b,oben,L,L1,2,8
RCxzRC7hKB,1b,oben,L,L2,2,8
RCxzRC7hKB,1b,oben,L,L3,2,9
RCxzRC7hKB,1b,oben,L,L4,2,9
RCxzRC7hKB,1b,oben,L,L5,2,9
RCxzRC7hKB,2,oben,A,A1,3,4
RCxzRC7hKB,2,oben,A,A2,3,1
RCxzRC7hKB,2,oben,A,A3,3,4
RCxzRC7hKB,2,oben,A,A4,3,9
RCxzRC7hKB,2,oben,A,A5,3,4
26hTwp0xMc,1a,unten,L,L1,1,300
26hTwp0xMc,1a,unten,L,L2,1,80
26hTwp0xMc,1a,unten,L,L3,1,15
26hTwp0xMc,1a,unten,L,L4,1,80000
26hTwp0xMc,1a,unten,L,L5,1,70
26hTwp0xMc,1b,oben,A,A1,2,7
26hTwp0xMc,1b,oben,A,A2,2,6
26hTwp0xMc,1b,oben,A,A3,2,6
26hTwp0xMc,1b,oben,A,A4,2,7
26hTwp0xMc,1b,oben,A,A5,2,4
26hTwp0xMc,2,unten,A,A1,3,7
26hTwp0xMc,2,unten,A,A2,3,1
26hTwp0xMc,2,unten,A,A3,3,1
26hTwp0xMc,2,unten,A,A4,3,8
26hTwp0xMc,2,unten,A,A5,3,1
ECtfHyRi7e,1a,unten,A,A1,1,10
ECtfHyRi7e,1a,unten,A,A2,1,30
ECtfHyRi7e,1a,unten,A,A3,1,3
ECtfHyRi7e,1a,unten,A,A4,1,15
ECtfHyRi7e,1a,unten,A,A5,1,30
ECtfHyRi7e,1b,unten,L,L1,2,7
ECtfHyRi7e,1b,unten,L,L3,2,8
ECtfHyRi7e,1b,unten,L,L4,2,8
ECtfHyRi7e,1b,unten,L,L5,2,3
ECtfHyRi7e,2,oben,A,A1,3,9
ECtfHyRi7e,2,oben,A,A2,3,2
ECtfHyRi7e,2,oben,A,A4,3,7
ECtfHyRi7e,2,oben,A,A5,3,6
UTmJiSIpYf,1a,oben,L,L1,2,900
UTmJiSIpYf,1a,oben,L,L2,2,7
UTmJiSIpYf,1a,oben,L,L3,2,10
UTmJiSIpYf,1a,oben,L,L4,2,40000
UTmJiSIpYf,1a,oben,L,L5,2,80
UTmJiSIpYf,1b,oben,L,L1,3,7
UTmJiSIpYf,1b,oben,L,L2,3,7
UTmJiSIpYf,1b,oben,L,L4,3,9
UTmJiSIpYf,1b,oben,L,L5,3,8
UTmJiSIpYf,2,oben,L,L1,1,2
UTmJiSIpYf,2,oben,L,L2,1,3
UTmJiSIpYf,2,oben,L,L3,1,1
UTmJiSIpYf,2,oben,L,L4,1,1
UTmJiSIpYf,2,oben,L,L5,1,1
RsERZG0Ii6,1a,unten,A,A1,3,7
RsERZG0Ii6,1a,unten,A,A2,3,5
RsERZG0Ii6,1a,unten,A,A3,3,1
RsERZG0Ii6,1a,unten,A,A4,3,6
RsERZG0Ii6,1a,unten,A,A5,3,35
RsERZG0Ii6,1b,unten,L,L1,1,7
RsERZG0Ii6,1b,unten,L,L2,1,7
RsERZG0Ii6,1b,unten,L,L3,1,8
RsERZG0Ii6,1b,unten,L,L4,1,9
RsERZG0Ii6,1b,unten,L,L5,1,8
RsERZG0Ii6,2,oben,A,A1,2,9
RsERZG0Ii6,2,oben,A,A2,2,7
RsERZG0Ii6,2,oben,A,A4,2,6
RsERZG0Ii6,2,oben,A,A5,2,8
PZxyfKjoS8,1a,oben,L,L1,3,300
PZxyfKjoS8,1a,oben,L,L2,3,30
PZxyfKjoS8,1a,oben,L,L3,3,20
PZxyfKjoS8,1a,oben,L,L4,3,30000
PZxyfKjoS8,1a,oben,L,L5,3,40
PZxyfKjoS8,1b,unten,A,A1,2,7
PZxyfKjoS8,1b,unten,A,A2,2,6
PZxyfKjoS8,1b,unten,A,A3,2,6
PZxyfKjoS8,1b,unten,A,A4,2,7
PZxyfKjoS8,2,unten,A,A1,1,2
PZxyfKjoS8,2,unten,A,A2,1,5
PZxyfKjoS8,2,unten,A,A3,1,6
PZxyfKjoS8,2,unten,A,A4,1,7
cLhjyVFtJq,1a,unten,L,L1,1,200
cLhjyVFtJq,1a,unten,L,L2,1,150
cLhjyVFtJq,1a,unten,L,L3,1,50
cLhjyVFtJq,1a,unten,L,L4,1,5000
cLhjyVFtJq,1a,unten,L,L5,1,100
cLhjyVFtJq,1b,oben,L,L1,3,3
cLhjyVFtJq,1b,oben,L,L2,3,3
cLhjyVFtJq,1b,oben,L,L3,3,3
cLhjyVFtJq,1b,oben,L,L4,3,3
cLhjyVFtJq,1b,oben,L,L5,3,3
cLhjyVFtJq,2,oben,A,A1,2,6
cLhjyVFtJq,2,oben,A,A2,2,9
cLhjyVFtJq,2,oben,A,A3,2,9
cLhjyVFtJq,2,oben,A,A4,2,8
cLhjyVFtJq,2,oben,A,A5,2,3
vYPRdS9Brq,1a,oben,A,A1,1,5.5
vYPRdS9Brq,1a,oben,A,A2,1,12.5
vYPRdS9Brq,1a,oben,A,A3,1,4.95
vYPRdS9Brq,1a,oben,A,A4,1,13.450000000000001
vYPRdS9Brq,1a,oben,A,A5,1,22.9
vYPRdS9Brq,1b,unten,A,A1,2,4
vYPRdS9Brq,1b,unten,A,A2,2,5
vYPRdS9Brq,1b,unten,A,A3,2,4
vYPRdS9Brq,1b,unten,A,A4,2,7
vYPRdS9Brq,1b,unten,A,A5,2,6
vYPRdS9Brq,2,oben,L,L1,3,1
vYPRdS9Brq,2,oben,L,L2,3,1
vYPRdS9Brq,2,oben,L,L3,3,1
vYPRdS9Brq,2,oben,L,L4,3,3
vYPRdS9Brq,2,oben,L,L5,3,1
oL2XNSfsZf,1a,oben,A,A1,2,12
oL2XNSfsZf,1a,oben,A,A2,2,8
oL2XNSfsZf,1a,oben,A,A3,2,0.5
oL2XNSfsZf,1a,oben,A,A4,2,15
oL2XNSfsZf,1a,oben,A,A5,2,40
oL2XNSfsZf,1b,unten,L,L1,3,7
oL2XNSfsZf,1b,unten,L,L2,3,7
oL2XNSfsZf,1b,unten,L,L3,3,6
oL2XNSfsZf,1b,unten,L,L4,3,9
oL2XNSfsZf,1b,unten,L,L5,3,9
oL2XNSfsZf,2,unten,L,L1,1,1
oL2XNSfsZf,2,unten,L,L2,1,1
oL2XNSfsZf,2,unten,L,L3,1,1
oL2XNSfsZf,2,unten,L,L4,1,1
oL2XNSfsZf,2,unten,L,L5,1,1
fR7EiRvuUk,1a,unten,A,A1,1,5.5
fR7EiRvuUk,1a,unten,A,A2,1,10
fR7EiRvuUk,1a,unten,A,A3,1,3
fR7EiRvuUk,1a,unten,A,A4,1,15
fR7EiRvuUk,1a,unten,A,A5,1,50
fR7EiRvuUk,1b,oben,A,A1,3,5
fR7EiRvuUk,1b,oben,A,A2,3,7
fR7EiRvuUk,1b,oben,A,A3,3,5
fR7EiRvuUk,1b,oben,A,A4,3,8
fR7EiRvuUk,1b,oben,A,A5,3,7
fR7EiRvuUk,2,unten,A,A1,2,9
fR7EiRvuUk,2,unten,A,A2,2,9
fR7EiRvuUk,2,unten,A,A3,2,1
fR7EiRvuUk,2,unten,A,A4,2,3
fR7EiRvuUk,2,unten,A,A5,2,1
bvQ92J0fno,1a,unten,L,L1,1,500
bvQ92J0fno,1a,unten,L,L2,1,25
bvQ92J0fno,1a,unten,L,L3,1,12
bvQ92J0fno,1a,unten,L,L4,1,30000
bvQ92J0fno,1a,unten,L,L5,1,55
bvQ92J0fno,1b,unten,L,L1,2,9
bvQ92J0fno,1b,unten,L,L2,2,4
bvQ92J0fno,1b,unten,L,L3,2,6
bvQ92J0fno,1b,unten,L,L4,2,7
bvQ92J0fno,1b,unten,L,L5,2,7
bvQ92J0fno,2,unten,L,L1,3,1
bvQ92J0fno,2,unten,L,L2,3,1
bvQ92J0fno,2,unten,L,L3,3,1
bvQ92J0fno,2,unten,L,L4,3,1
bvQ92J0fno,2,unten,L,L5,3,1
U3m7GAU5uj,1a,unten,A,A1,2,12
U3m7GAU5uj,1a,unten,A,A2,2,8
U3m7GAU5uj,1a,unten,A,A3,2,5
U3m7GAU5uj,1a,unten,A,A4,2,10
U3m7GAU5uj,1a,unten,A,A5,2,80
U3m7GAU5uj,1b,unten,A,A1,3,9
U3m7GAU5uj,1b,unten,A,A2,3,4
U3m7GAU5uj,1b,unten,A,A3,3,4
U3m7GAU5uj,1b,unten,A,A4,3,8
U3m7GAU5uj,1b,unten,A,A5,3,7
U3m7GAU5uj,2,oben,L,L1,1,1
U3m7GAU5uj,2,oben,L,L2,1,1
U3m7GAU5uj,2,oben,L,L3,1,1
U3m7GAU5uj,2,oben,L,L4,1,1
U3m7GAU5uj,2,oben,L,L5,1,1
djrCJ5pqPV,1a,oben,A,A1,1,7
djrCJ5pqPV,1a,oben,A,A2,1,10
djrCJ5pqPV,1a,oben,A,A3,1,3
djrCJ5pqPV,1a,oben,A,A4,1,15
djrCJ5pqPV,1a,oben,A,A5,1,30
djrCJ5pqPV,1b,unten,L,L1,3,9
djrCJ5pqPV,1b,unten,L,L2,3,9
djrCJ5pqPV,1b,unten,L,L3,3,9
djrCJ5pqPV,1b,unten,L,L4,3,9
djrCJ5pqPV,1b,unten,L,L5,3,9
djrCJ5pqPV,2,unten,A,A1,2,8
djrCJ5pqPV,2,unten,A,A2,2,8
djrCJ5pqPV,2,unten,A,A3,2,1
djrCJ5pqPV,2,unten,A,A4,2,9
Aw9tmKhZVW,1a,unten,A,A1,1,5.9
Aw9tmKhZVW,1a,unten,A,A2,1,9.9
Aw9tmKhZVW,1a,unten,A,A3,1,5.9
Aw9tmKhZVW,1a,unten,A,A4,1,24.95
Aw9tmKhZVW,1a,unten,A,A5,1,118
Aw9tmKhZVW,1b,unten,A,A1,2,5
Aw9tmKhZVW,1b,unten,A,A4,2,8
Aw9tmKhZVW,2,oben,A,A1,3,9
Aw9tmKhZVW,2,oben,A,A2,3,1
Aw9tmKhZVW,2,oben,A,A3,3,1
Aw9tmKhZVW,2,oben,A,A5,3,1
dXGhmCEXtQ,1a,oben,L,L1,3,300
dXGhmCEXtQ,1a,oben,L,L2,3,200
dXGhmCEXtQ,1a,oben,L,L3,3,150
dXGhmCEXtQ,1a,oben,L,L4,3,80000
dXGhmCEXtQ,1a,oben,L,L5,3,120
dXGhmCEXtQ,1b,oben,L,L1,1,5
dXGhmCEXtQ,1b,oben,L,L2,1,5
dXGhmCEXtQ,1b,oben,L,L3,1,9
dXGhmCEXtQ,1b,oben,L,L4,1,8
dXGhmCEXtQ,1b,oben,L,L5,1,6
dXGhmCEXtQ,2,unten,L,L1,2,1
dXGhmCEXtQ,2,unten,L,L2,2,4
dXGhmCEXtQ,2,unten,L,L3,2,2
dXGhmCEXtQ,2,unten,L,L4,2,4
dXGhmCEXtQ,2,unten,L,L5,2,9
IHpsJ1hN6F,1a,unten,L,L1,3,500
IHpsJ1hN6F,1a,unten,L,L2,3,13
IHpsJ1hN6F,1a,unten,L,L3,3,15
IHpsJ1hN6F,1a,unten,L,L4,3,35000
IHpsJ1hN6F,1a,unten,L,L5,3,99
IHpsJ1hN6F,1b,oben,A,A1,1,7
IHpsJ1hN6F,1b,oben,A,A2,1,6
IHpsJ1hN6F,1b,oben,A,A3,1,3
IHpsJ1hN6F,1b,oben,A,A4,1,8
IHpsJ1hN6F,1b,oben,A,A5,1,7
IHpsJ1hN6F,2,oben,L,L1,2,1
IHpsJ1hN6F,2,oben,L,L2,2,1
IHpsJ1hN6F,2,oben,L,L3,2,1
IHpsJ1hN6F,2,oben,L,L4,2,1
IHpsJ1hN6F,2,oben,L,L5,2,2
QwmeYPBnG0,1a,unten,A,A1,3,4.5
QwmeYPBnG0,1a,unten,A,A2,3,3.5
QwmeYPBnG0,1a,unten,A,A3,3,1.5
QwmeYPBnG0,1a,unten,A,A4,3,6
QwmeYPBnG0,1a,unten,A,A5,3,35
QwmeYPBnG0,1b,unten,L,L1,2,9
QwmeYPBnG0,1b,unten,L,L2,2,9
QwmeYPBnG0,1b,unten,L,L3,2,9
QwmeYPBnG0,1b,unten,L,L4,2,9
QwmeYPBnG0,1b,unten,L,L5,2,9
QwmeYPBnG0,2,unten,A,A1,1,4
QwmeYPBnG0,2,unten,A,A2,1,6
QwmeYPBnG0,2,unten,A,A3,1,2
QwmeYPBnG0,2,unten,A,A4,1,4
QwmeYPBnG0,2,unten,A,A5,1,2
wZRBiD0YZA,1a,oben,L,L1,3,2500
wZRBiD0YZA,1a,oben,L,L2,3,20
wZRBiD0YZA,1a,oben,L,L3,3,25
wZRBiD0YZA,1a,oben,L,L4,3,450000
wZRBiD0YZA,1a,oben,L,L5,3,230
wZRBiD0YZA,1b,unten,A,A1,1,7
wZRBiD0YZA,1b,unten,A,A3,1,5
wZRBiD0YZA,1b,unten,A,A4,1,3
wZRBiD0YZA,1b,unten,A,A5,1,7
wZRBiD0YZA,2,oben,A,A1,2,9
wZRBiD0YZA,2,oben,A,A2,2,5
wZRBiD0YZA,2,oben,A,A3,2,2
wZRBiD0YZA,2,oben,A,A4,2,3
wZRBiD0YZA,2,oben,A,A5,2,4
YR676UI3jz,1a,oben,L,L1,3,175
YR676UI3jz,1a,oben,L,L2,3,5
YR676UI3jz,1a,oben,L,L3,3,4
YR676UI3jz,1a,oben,L,L4,3,7000
YR676UI3jz,1a,oben,L,L5,3,40
YR676UI3jz,1b,oben,A,A1,2,7
YR676UI3jz,1b,oben,A,A2,2,5
YR676UI3jz,1b,oben,A,A3,2,6
YR676UI3jz,1b,oben,A,A4,2,6
YR676UI3jz,1b,oben,A,A5,2,7
YR676UI3jz,2,unten,A,A1,1,2
YR676UI3jz,2,unten,A,A2,1,8
YR676UI3jz,2,unten,A,A3,1,2
YR676UI3jz,2,unten,A,A4,1,4
YR676UI3jz,2,unten,A,A5,1,1
FpHhidXQV2,1a,unten,L,L1,3,1499
FpHhidXQV2,1a,unten,L,L2,3,10
FpHhidXQV2,1a,unten,L,L3,3,12
FpHhidXQV2,1a,unten,L,L4,3,40000
FpHhidXQV2,1a,unten,L,L5,3,250
FpHhidXQV2,1b,unten,A,A1,1,7
FpHhidXQV2,1b,unten,A,A2,1,6
FpHhidXQV2,1b,unten,A,A4,1,5
FpHhidXQV2,1b,unten,A,A5,1,8
FpHhidXQV2,2,oben,L,L1,2,2
FpHhidXQV2,2,oben,L,L2,2,2
FpHhidXQV2,2,oben,L,L3,2,1
FpHhidXQV2,2,oben,L,L4,2,2
FpHhidXQV2,2,oben,L,L5,2,2
UBsMXYuYg9,1a,unten,A,A1,1,5
UBsMXYuYg9,1a,unten,A,A2,1,6
UBsMXYuYg9,1a,unten,A,A3,1,2
UBsMXYuYg9,1a,unten,A,A4,1,10
UBsMXYuYg9,1a,unten,A,A5,1,20
UBsMXYuYg9,1b,unten,L,L1,3,7
UBsMXYuYg9,1b,unten,L,L2,3,7
UBsMXYuYg9,1b,unten,L,L3,3,5
UBsMXYuYg9,1b,unten,L,L4,3,9
UBsMXYuYg9,1b,unten,L,L5,3,8
UBsMXYuYg9,2,oben,L,L1,2,5
UBsMXYuYg9,2,oben,L,L2,2,1
UBsMXYuYg9,2,oben,L,L3,2,1
UBsMXYuYg9,2,oben,L,L4,2,1
UBsMXYuYg9,2,oben,L,L5,2,1
CTbCmRqm0s,1a,unten,A,A1,2,4.95
CTbCmRqm0s,1a,unten,A,A2,2,15.950000000000001
CTbCmRqm0s,1a,unten,A,A3,2,4.95
CTbCmRqm0s,1a,unten,A,A4,2,14.950000000000001
CTbCmRqm0s,1a,unten,A,A5,2,14.950000000000001
CTbCmRqm0s,1b,unten,A,A1,3,4
CTbCmRqm0s,1b,unten,A,A2,3,4
CTbCmRqm0s,1b,unten,A,A3,3,3
CTbCmRqm0s,1b,unten,A,A4,3,5
CTbCmRqm0s,1b,unten,A,A5,3,7
CTbCmRqm0s,2,unten,A,A1,1,7
CTbCmRqm0s,2,unten,A,A2,1,2
CTbCmRqm0s,2,unten,A,A3,1,8
CTbCmRqm0s,2,unten,A,A4,1,2
CTbCmRqm0s,2,unten,A,A5,1,7
3jVEF1xLey,1a,oben,A,A1,2,4.99
3jVEF1xLey,1a,oben,A,A2,2,6.99
3jVEF1xLey,1a,oben,A,A3,2,2.9899999999999998
3jVEF1xLey,1a,oben,A,A4,2,12
3jVEF1xLey,1a,oben,A,A5,2,35
3jVEF1xLey,1b,oben,L,L1,3,9
3jVEF1xLey,1b,oben,L,L2,3,9
3jVEF1xLey,1b,oben,L,L3,3,4
3jVEF1xLey,1b,oben,L,L4,3,9
3jVEF1xLey,1b,oben,L,L5,3,6
3jVEF1xLey,2,oben,A,A1,1,1
3jVEF1xLey,2,oben,A,A2,1,1
3jVEF1xLey,2,oben,A,A3,1,1
3jVEF1xLey,2,oben,A,A4,1,1
3jVEF1xLey,2,oben,A,A5,1,1
POCbzVSDJf,1a,unten,L,L1,1,300
POCbzVSDJf,1a,unten,L,L2,1,40
POCbzVSDJf,1a,unten,L,L3,1,29
POCbzVSDJf,1a,unten,L,L4,1,30000
POCbzVSDJf,1a,unten,L,L5,1,85
POCbzVSDJf,1b,oben,A,A1,2,9
POCbzVSDJf,1b,oben,A,A2,2,7
POCbzVSDJf,1b,oben,A,A3,2,5
POCbzVSDJf,1b,oben,A,A4,2,7
POCbzVSDJf,1b,oben,A,A5,2,5
POCbzVSDJf,2,unten,L,L1,3,1
POCbzVSDJf,2,unten,L,L2,3,1
POCbzVSDJf,2,unten,L,L3,3,1
POCbzVSDJf,2,unten,L,L4,3,1
POCbzVSDJf,2,unten,L,L5,3,1
kd1DOJZEw2,1a,unten,A,A1,1,2.5
kd1DOJZEw2,1a,unten,A,A2,1,10
kd1DOJZEw2,1a,unten,A,A3,1,3
kd1DOJZEw2,1a,unten,A,A4,1,10
kd1DOJZEw2,1a,unten,A,A5,1,40
kd1DOJZEw2,1b,unten,A,A1,3,6
kd1DOJZEw2,1b,unten,A,A2,3,4
kd1DOJZEw2,1b,unten,A,A3,3,2
kd1DOJZEw2,1b,unten,A,A4,3,7
kd1DOJZEw2,1b,unten,A,A5,3,2
kd1DOJZEw2,2,unten,A,A1,2,7
kd1DOJZEw2,2,unten,A,A2,2,9
kd1DOJZEw2,2,unten,A,A3,2,3
kd1DOJZEw2,2,unten,A,A4,2,3
kd1DOJZEw2,2,unten,A,A5,2,1
JJ2laKAge0,1a,oben,A,A1,1,12
JJ2laKAge0,1a,oben,A,A2,1,25
JJ2laKAge0,1a,oben,A,A3,1,3.5
JJ2laKAge0,1a,oben,A,A4,1,25
JJ2laKAge0,1a,oben,A,A5,1,35
JJ2laKAge0,1b,unten,L,L1,3,5
JJ2laKAge0,1b,unten,L,L2,3,2
JJ2laKAge0,1b,unten,L,L3,3,7
JJ2laKAge0,1b,unten,L,L4,3,9
JJ2laKAge0,1b,unten,L,L5,3,7
JJ2laKAge0,2,oben,L,L1,2,2
JJ2laKAge0,2,oben,L,L2,2,1
JJ2laKAge0,2,oben,L,L3,2,1
JJ2laKAge0,2,oben,L,L4,2,2
JJ2laKAge0,2,oben,L,L5,2,4
Nre3V3DJqw,1a,oben,L,L1,1,500
Nre3V3DJqw,1a,oben,L,L2,1,3
Nre3V3DJqw,1a,oben,L,L3,1,10
Nre3V3DJqw,1a,oben,L,L4,1,10000
Nre3V3DJqw,1a,oben,L,L5,1,50
Nre3V3DJqw,1b,unten,A,A1,2,9
Nre3V3DJqw,1b,unten,A,A2,2,9
Nre3V3DJqw,1b,unten,A,A3,2,7
Nre3V3DJqw,1b,unten,A,A4,2,5
Nre3V3DJqw,1b,unten,A,A5,2,4
Nre3V3DJqw,2,oben,L,L1,3,1
Nre3V3DJqw,2,oben,L,L2,3,1
Nre3V3DJqw,2,oben,L,L3,3,1
Nre3V3DJqw,2,oben,L,L4,3,1
Nre3V3DJqw,2,oben,L,L5,3,1
03L6JTiGDv,1a,unten,A,A1,3,8
03L6JTiGDv,1a,unten,A,A2,3,6
03L6JTiGDv,1a,unten,A,A3,3,3.5
03L6JTiGDv,1a,unten,A,A4,3,2.9499999999999997
03L6JTiGDv,1a,unten,A,A5,3,15
03L6JTiGDv,1b,unten,L,L1,2,7
03L6JTiGDv,1b,unten,L,L2,2,1
03L6JTiGDv,1b,unten,L,L3,2,7
03L6JTiGDv,1b,unten,L,L4,2,9
03L6JTiGDv,1b,unten,L,L5,2,9
03L6JTiGDv,2,unten,L,L1,1,1
03L6JTiGDv,2,unten,L,L2,1,3
03L6JTiGDv,2,unten,L,L3,1,1
03L6JTiGDv,2,unten,L,L4,1,3
LnASvg39Wy,1a,unten,L,L1,2,250
LnASvg39Wy,1a,unten,L,L2,2,30
LnASvg39Wy,1a,unten,L,L3,2,30
LnASvg39Wy,1a,unten,L,L4,2,60000
LnASvg39Wy,1a,unten,L,L5,2,75
LnASvg39Wy,1b,oben,L,L1,1,6
LnASvg39Wy,1b,oben,L,L2,1,6
LnASvg39Wy,1b,oben,L,L3,1,9
LnASvg39Wy,1b,oben,L,L4,1,9
LnASvg39Wy,1b,oben,L,L5,1,7
LnASvg39Wy,2,oben,A,A1,3,5
LnASvg39Wy,2,oben,A,A2,3,3
LnASvg39Wy,2,oben,A,A3,3,3
LnASvg39Wy,2,oben,A,A4,3,5
LnASvg39Wy,2,oben,A,A5,3,1
2r7bHHZHgk,1a,oben,A,A1,2,5
2r7bHHZHgk,1a,oben,A,A2,2,5
2r7bHHZHgk,1a,oben,A,A3,2,4
2r7bHHZHgk,1a,oben,A,A4,2,3
2r7bHHZHgk,1a,oben,A,A5,2,30
2r7bHHZHgk,1b,unten,L,L1,3,2
2r7bHHZHgk,1b,unten,L,L2,3,3
2r7bHHZHgk,1b,unten,L,L3,3,4
2r7bHHZHgk,1b,unten,L,L4,3,9
2r7bHHZHgk,1b,unten,L,L5,3,9
2r7bHHZHgk,2,unten,L,L1,1,1
2r7bHHZHgk,2,unten,L,L2,1,1
2r7bHHZHgk,2,unten,L,L3,1,1
2r7bHHZHgk,2,unten,L,L4,1,1
2r7bHHZHgk,2,unten,L,L5,1,1
E0SHPIEpyW,1a,unten,A,A1,3,8
E0SHPIEpyW,1a,unten,A,A2,3,10
E0SHPIEpyW,1a,unten,A,A3,3,2
E0SHPIEpyW,1a,unten,A,A4,3,8
E0SHPIEpyW,1a,unten,A,A5,3,40
E0SHPIEpyW,1b,oben,A,A1,1,7
E0SHPIEpyW,1b,oben,A,A3,1,7
E0SHPIEpyW,1b,oben,A,A4,1,3
E0SHPIEpyW,2,oben,L,L1,2,2
E0SHPIEpyW,2,oben,L,L2,2,4
E0SHPIEpyW,2,oben,L,L3,2,2
E0SHPIEpyW,2,oben,L,L4,2,1
E0SHPIEpyW,2,oben,L,L5,2,4
8hNic1r4Ic,1a,unten,L,L1,2,800
8hNic1r4Ic,1a,unten,L,L2,2,25
8hNic1r4Ic,1a,unten,L,L3,2,5
8hNic1r4Ic,1a,unten,L,L4,2,100000
8hNic1r4Ic,1a,unten,L,L5,2,100
8hNic1r4Ic,1b,unten,A,A1,3,7
8hNic1r4Ic,1b,unten,A,A2,3,5
8hNic1r4Ic,1b,unten,A,A3,3,3
8hNic1r4Ic,1b,unten,A,A4,3,7
8hNic1r4Ic,1b,unten,A,A5,3,6
8hNic1r4Ic,2,oben,A,A1,1,8
8hNic1r4Ic,2,oben,A,A2,1,9
8hNic1r4Ic,2,oben,A,A3,1,7
8hNic1r4Ic,2,oben,A,A4,1,3
8hNic1r4Ic,2,oben,A,A5,1,1
uZfhpyx9j6,1a,oben,A,A1,1,5
uZfhpyx9j6,1a,oben,A,A2,1,20
uZfhpyx9j6,1a,oben,A,A3,1,5
uZfhpyx9j6,1a,oben,A,A4,1,10
uZfhpyx9j6,1a,oben,A,A5,1,40
uZfhpyx9j6,1b,unten,L,L1,3,9
uZfhpyx9j6,1b,unten,L,L2,3,8
uZfhpyx9j6,1b,unten,L,L3,3,9
uZfhpyx9j6,1b,unten,L,L4,3,9
uZfhpyx9j6,1b,unten,L,L5,3,9
uZfhpyx9j6,2,unten,A,A1,2,8
uZfhpyx9j6,2,unten,A,A2,2,8
uZfhpyx9j6,2,unten,A,A3,2,8
uZfhpyx9j6,2,unten,A,A4,2,8
uZfhpyx9j6,2,unten,A,A5,2,1
sCoggMhdQM,1a,oben,L,L1,1,200
sCoggMhdQM,1a,oben,L,L2,1,9.9
sCoggMhdQM,1a,oben,L,L3,1,16.95
sCoggMhdQM,1a,oben,L,L4,1,34500
sCoggMhdQM,1a,oben,L,L5,1,89.9
sCoggMhdQM,1b,oben,L,L1,2,8
sCoggMhdQM,1b,oben,L,L2,2,7
sCoggMhdQM,1b,oben,L,L3,2,3
sCoggMhdQM,1b,oben,L,L4,2,9
sCoggMhdQM,1b,oben,L,L5,2,7
sCoggMhdQM,2,oben,L,L1,3,1
sCoggMhdQM,2,oben,L,L2,3,1
sCoggMhdQM,2,oben,L,L3,3,1
sCoggMhdQM,2,oben,L,L4,3,1
sCoggMhdQM,2,oben,L,L5,3,3
bbMfIxCNXv,1a,unten,A,A1,2,45
bbMfIxCNXv,1a,unten,A,A4,2,12
bbMfIxCNXv,1a,unten,A,A5,2,60
bbMfIxCNXv,1b,unten,A,A1,1,8
bbMfIxCNXv,1b,unten,A,A2,1,3
bbMfIxCNXv,1b,unten,A,A3,1,3
bbMfIxCNXv,1b,unten,A,A4,1,3
bbMfIxCNXv,1b,unten,A,A5,1,7
bbMfIxCNXv,2,unten,A,A1,3,9
bbMfIxCNXv,2,unten,A,A2,3,9
bbMfIxCNXv,2,unten,A,A3,3,8
bbMfIxCNXv,2,unten,A,A4,3,9
bbMfIxCNXv,2,unten,A,A5,3,5
JL60qd1urI,1a,oben,A,A1,2,3.5
JL60qd1urI,1a,oben,A,A2,2,5
JL60qd1urI,1a,oben,A,A3,2,2.5
JL60qd1urI,1a,oben,A,A4,2,6
JL60qd1urI,1a,oben,A,A5,2,30
JL60qd1urI,1b,oben,A,A1,1,9
JL60qd1urI,1b,oben,A,A2,1,6
JL60qd1urI,1b,oben,A,A3,1,4
JL60qd1urI,1b,oben,A,A4,1,9
JL60qd1urI,1b,oben,A,A5,1,8
JL60qd1urI,2,unten,L,L1,3,1
JL60qd1urI,2,unten,L,L2,3,1
JL60qd1urI,2,unten,L,L3,3,1
JL60qd1urI,2,unten,L,L4,3,1
JL60qd1urI,2,unten,L,L5,3,1
rimVS3JDUy,1a,unten,A,A1,2,14
rimVS3JDUy,1a,unten,A,A2,2,20
rimVS3JDUy,1a,unten,A,A3,2,5
rimVS3JDUy,1a,unten,A,A4,2,12
rimVS3JDUy,1a,unten,A,A5,2,25
rimVS3JDUy,1b,unten,L,L1,1,8
rimVS3JDUy,1b,unten,L,L2,1,6
rimVS3JDUy,1b,unten,L,L3,1,7
rimVS3JDUy,1b,unten,L,L4,1,9
rimVS3JDUy,1b,unten,L,L5,1,9
rimVS3JDUy,2,unten,L,L1,3,1
rimVS3JDUy,2,unten,L,L2,3,1
rimVS3JDUy,2,unten,L,L3,3,1
rimVS3JDUy,2,unten,L,L4,3,1
rimVS3JDUy,2,unten,L,L5,3,1
nHhHTkNG4Y,1a,oben,L,L1,1,1600
nHhHTkNG4Y,1a,oben,L,L2,1,20
nHhHTkNG4Y,1a,oben,L,L3,1,20
nHhHTkNG4Y,1a,oben,L,L4,1,70000
nHhHTkNG4Y,1a,oben,L,L5,1,200
nHhHTkNG4Y,1b,oben,A,A1,3,7
nHhHTkNG4Y,1b,oben,A,A2,3,5
nHhHTkNG4Y,1b,oben,A,A3,3,5
nHhHTkNG4Y,1b,oben,A,A4,3,5
nHhHTkNG4Y,2,unten,A,A1,2,5
nHhHTkNG4Y,2,unten,A,A2,2,7
nHhHTkNG4Y,2,unten,A,A3,2,8
nHhHTkNG4Y,2,unten,A,A4,2,1
nHhHTkNG4Y,2,unten,A,A5,2,8
31vzMkXql6,1a,oben,A,A1,2,9.950000000000001
31vzMkXql6,1a,oben,A,A2,2,4.95
31vzMkXql6,1a,oben,A,A3,2,2.9499999999999997
31vzMkXql6,1a,oben,A,A4,2,9.950000000000001
31vzMkXql6,1a,oben,A,A5,2,30
31vzMkXql6,1b,oben,L,L1,3,8
31vzMkXql6,1b,oben,L,L2,3,7
31vzMkXql6,1b,oben,L,L3,3,6
31vzMkXql6,1b,oben,L,L4,3,9
31vzMkXql6,1b,oben,L,L5,3,9
31vzMkXql6,2,oben,L,L1,1,2
31vzMkXql6,2,oben,L,L2,1,2
31vzMkXql6,2,oben,L,L3,1,2
31vzMkXql6,2,oben,L,L4,1,2
31vzMkXql6,2,oben,L,L5,1,2
nszgnENsKE,1a,unten,L,L1,3,450
nszgnENsKE,1a,unten,L,L2,3,20
nszgnENsKE,1a,unten,L,L3,3,18
nszgnENsKE,1a,unten,L,L4,3,60000
nszgnENsKE,1a,unten,L,L5,3,60
nszgnENsKE,1b,unten,L,L1,1,8
nszgnENsKE,1b,unten,L,L2,1,4
nszgnENsKE,1b,unten,L,L3,1,8
nszgnENsKE,1b,unten,L,L4,1,9
nszgnENsKE,1b,unten,L,L5,1,8
nszgnENsKE,2,oben,L,L1,2,1
nszgnENsKE,2,oben,L,L2,2,1
nszgnENsKE,2,oben,L,L3,2,1
nszgnENsKE,2,oben,L,L4,2,1
nszgnENsKE,2,oben,L,L5,2,3
Ax6KUNsfxT,1a,unten,A,A1,3,5.5
Ax6KUNsfxT,1a,unten,A,A2,3,15
Ax6KUNsfxT,1a,unten,A,A3,3,4
Ax6KUNsfxT,1a,unten,A,A4,3,25
Ax6KUNsfxT,1a,unten,A,A5,3,30
Ax6KUNsfxT,1b,oben,A,A1,2,7
Ax6KUNsfxT,1b,oben,A,A2,2,3
Ax6KUNsfxT,1b,oben,A,A3,2,5
Ax6KUNsfxT,1b,oben,A,A4,2,8
Ax6KUNsfxT,1b,oben,A,A5,2,6
Ax6KUNsfxT,2,unten,A,A1,1,4
Ax6KUNsfxT,2,unten,A,A2,1,8
Ax6KUNsfxT,2,unten,A,A3,1,7
Ax6KUNsfxT,2,unten,A,A4,1,9
Ax6KUNsfxT,2,unten,A,A5,1,8
1TbevTHTXd,1a,oben,A,A1,2,6
1TbevTHTXd,1a,oben,A,A2,2,8
1TbevTHTXd,1a,oben,A,A3,2,3
1TbevTHTXd,1a,oben,A,A4,2,10
1TbevTHTXd,1a,oben,A,A5,2,40
1TbevTHTXd,1b,unten,A,A1,1,6
1TbevTHTXd,1b,unten,A,A2,1,8
1TbevTHTXd,1b,unten,A,A3,1,3
1TbevTHTXd,1b,unten,A,A4,1,8
1TbevTHTXd,1b,unten,A,A5,1,3
1TbevTHTXd,2,oben,A,A1,3,6
1TbevTHTXd,2,oben,A,A2,3,3
1TbevTHTXd,2,oben,A,A3,3,5
1TbevTHTXd,2,oben,A,A4,3,2
1TbevTHTXd,2,oben,A,A5,3,1
nZPBmpev6Y,1a,unten,L,L1,3,198
nZPBmpev6Y,1a,unten,L,L2,3,12
nZPBmpev6Y,1a,unten,L,L3,3,7
nZPBmpev6Y,1a,unten,L,L4,3,73000
nZPBmpev6Y,1a,unten,L,L5,3,86
nZPBmpev6Y,1b,unten,L,L1,2,3
nZPBmpev6Y,1b,unten,L,L2,2,7
nZPBmpev6Y,1b,unten,L,L3,2,8
nZPBmpev6Y,1b,unten,L,L4,2,9
nZPBmpev6Y,1b,unten,L,L5,2,4
nZPBmpev6Y,2,unten,L,L1,1,1
nZPBmpev6Y,2,unten,L,L2,1,1
nZPBmpev6Y,2,unten,L,L3,1,1
nZPBmpev6Y,2,unten,L,L4,1,3
nZPBmpev6Y,2,unten,L,L5,1,1
5MdDDBJwH5,1a,oben,L,L1,2,70
5MdDDBJwH5,1a,oben,L,L2,2,15
5MdDDBJwH5,1a,oben,L,L3,2,25
5MdDDBJwH5,1a,oben,L,L4,2,40000
5MdDDBJwH5,1a,oben,L,L5,2,50
5MdDDBJwH5,1b,oben,A,A1,3,7
5MdDDBJwH5,1b,oben,A,A2,3,5
5MdDDBJwH5,1b,oben,A,A3,3,4
5MdDDBJwH5,1b,oben,A,A4,3,2
5MdDDBJwH5,2,oben,A,A1,1,7
5MdDDBJwH5,2,oben,A,A2,1,5
5MdDDBJwH5,2,oben,A,A3,1,8
5MdDDBJwH5,2,oben,A,A4,1,9
5MdDDBJwH5,2,oben,A,A5,1,4
ZgIySeaM5x,1a,unten,A,A1,3,6
ZgIySeaM5x,1a,unten,A,A2,3,21
ZgIySeaM5x,1a,unten,A,A3,3,12
ZgIySeaM5x,1a,unten,A,A4,3,7
ZgIySeaM5x,1a,unten,A,A5,3,29
ZgIySeaM5x,1b,oben,L,L1,2,8
ZgIySeaM5x,1b,oben,L,L2,2,6
ZgIySeaM5x,1b,oben,L,L3,2,7
ZgIySeaM5x,1b,oben,L,L4,2,8
ZgIySeaM5x,1b,oben,L,L5,2,7
ZgIySeaM5x,2,oben,L,L1,1,2
ZgIySeaM5x,2,oben,L,L2,1,3
ZgIySeaM5x,2,oben,L,L3,1,1
ZgIySeaM5x,2,oben,L,L4,1,1
ZgIySeaM5x,2,oben,L,L5,1,3
Bx6STsacA8,1a,oben,L,L1,2,200
Bx6STsacA8,1a,oben,L,L2,2,25
Bx6STsacA8,1a,oben,L,L3,2,20
Bx6STsacA8,1a,oben,L,L4,2,40000
Bx6STsacA8,1a,oben,L,L5,2,80
Bx6STsacA8,1b,unten,A,A1,3,8
Bx6STsacA8,1b,unten,A,A2,3,6
Bx6STsacA8,1b,unten,A,A3,3,5
Bx6STsacA8,1b,unten,A,A4,3,7
Bx6STsacA8,2,unten,A,A1,1,4
Bx6STsacA8,2,unten,A,A2,1,8
Bx6STsacA8,2,unten,A,A3,1,2
Bx6STsacA8,2,unten,A,A4,1,2
Bx6STsacA8,2,unten,A,A5,1,2
KaEEGxepwp,1a,oben,A,A1,3,12
KaEEGxepwp,1a,oben,A,A2,3,8
KaEEGxepwp,1a,oben,A,A3,3,2
KaEEGxepwp,1a,oben,A,A4,3,10
KaEEGxepwp,1a,oben,A,A5,3,20
KaEEGxepwp,1b,oben,A,A1,2,9
KaEEGxepwp,1b,oben,A,A2,2,6
KaEEGxepwp,1b,oben,A,A3,2,9
KaEEGxepwp,1b,oben,A,A5,2,7
KaEEGxepwp,2,oben,L,L1,1,6
KaEEGxepwp,2,oben,L,L2,1,4
KaEEGxepwp,2,oben,L,L3,1,2
KaEEGxepwp,2,oben,L,L4,1,1
KaEEGxepwp,2,oben,L,L5,1,1
ww2LIq45wp,1a,unten,A,A1,2,6
ww2LIq45wp,1a,unten,A,A2,2,9
ww2LIq45wp,1a,unten,A,A3,2,7
ww2LIq45wp,1a,unten,A,A4,2,20
ww2LIq45wp,1a,unten,A,A5,2,70
ww2LIq45wp,1b,oben,L,L1,1,7
ww2LIq45wp,1b,oben,L,L2,1,8
ww2LIq45wp,1b,oben,L,L3,1,7
ww2LIq45wp,1b,oben,L,L4,1,9
ww2LIq45wp,1b,oben,L,L5,1,6
ww2LIq45wp,2,oben,A,A1,3,3
ww2LIq45wp,2,oben,A,A2,3,7
ww2LIq45wp,2,oben,A,A3,3,1
ww2LIq45wp,2,oben,A,A4,3,4
ww2LIq45wp,2,oben,A,A5,3,3
VFx7ZRFCxz,1a,oben,L,L1,3,290
VFx7ZRFCxz,1a,oben,L,L2,3,10
VFx7ZRFCxz,1a,oben,L,L3,3,995
VFx7ZRFCxz,1a,oben,L,L4,3,9900
VFx7ZRFCxz,1a,oben,L,L5,3,225
VFx7ZRFCxz,1b,unten,L,L1,1,7
VFx7ZRFCxz,1b,unten,L,L2,1,6
VFx7ZRFCxz,1b,unten,L,L3,1,8
VFx7ZRFCxz,1b,unten,L,L4,1,9
VFx7ZRFCxz,1b,unten,L,L5,1,8
VFx7ZRFCxz,2,unten,L,L2,2,3
VFx7ZRFCxz,2,unten,L,L3,2,4
VFx7ZRFCxz,2,unten,L,L4,2,3
VFx7ZRFCxz,2,unten,L,L5,2,2
fc95rAt4G4,1a,unten,A,A1,1,3.5
fc95rAt4G4,1a,unten,A,A2,1,4.5
fc95rAt4G4,1a,unten,A,A3,1,3
fc95rAt4G4,1a,unten,A,A4,1,6
fc95rAt4G4,1a,unten,A,A5,1,15
fc95rAt4G4,1b,oben,L,L1,2,8
fc95rAt4G4,1b,oben,L,L2,2,9
fc95rAt4G4,1b,oben,L,L3,2,9
fc95rAt4G4,1b,oben,L,L4,2,9
fc95rAt4G4,1b,oben,L,L5,2,9
fc95rAt4G4,2,oben,A,A1,3,8
fc95rAt4G4,2,oben,A,A2,3,7
fc95rAt4G4,2,oben,A,A3,3,1
fc95rAt4G4,2,oben,A,A4,3,4
fc95rAt4G4,2,oben,A,A5,3,3
V0AsOBHpZt,1a,oben,L,L1,1,6.7
V0AsOBHpZt,1a,oben,L,L2,1,69
V0AsOBHpZt,1a,oben,L,L3,1,88
V0AsOBHpZt,1a,oben,L,L4,1,420
V0AsOBHpZt,1a,oben,L,L5,1,911
V0AsOBHpZt,1b,oben,A,A1,2,1
V0AsOBHpZt,1b,oben,A,A2,2,1
V0AsOBHpZt,1b,oben,A,A3,2,1
V0AsOBHpZt,1b,oben,A,A4,2,1
V0AsOBHpZt,1b,oben,A,A5,2,1
V0AsOBHpZt,2,oben,L,L1,3,9
V0AsOBHpZt,2,oben,L,L2,3,9
V0AsOBHpZt,2,oben,L,L3,3,8
V0AsOBHpZt,2,oben,L,L4,3,8
V0AsOBHpZt,2,oben,L,L5,3,8
X7psCH5qtk,1a,unten,L,L1,2,300
X7psCH5qtk,1a,unten,L,L2,2,20
X7psCH5qtk,1a,unten,L,L3,2,10
X7psCH5qtk,1a,unten,L,L4,2,100000
X7psCH5qtk,1a,unten,L,L5,2,65
X7psCH5qtk,1b,unten,A,A1,1,7
X7psCH5qtk,1b,unten,A,A2,1,4
X7psCH5qtk,1b,unten,A,A4,1,4
X7psCH5qtk,2,unten,L,L1,3,2
X7psCH5qtk,2,unten,L,L2,3,1
X7psCH5qtk,2,unten,L,L3,3,1
X7psCH5qtk,2,unten,L,L4,3,1
X7psCH5qtk,2,unten,L,L5,3,3
ODj3ahiBCK,1a,oben,A,A1,1,3.5
ODj3ahiBCK,1a,oben,A,A2,1,5.9
ODj3ahiBCK,1a,oben,A,A3,1,4
ODj3ahiBCK,1a,oben,A,A4,1,10
ODj3ahiBCK,1a,oben,A,A5,1,40
ODj3ahiBCK,1b,oben,L,L1,3,8
ODj3ahiBCK,1b,oben,L,L2,3,7
ODj3ahiBCK,1b,oben,L,L3,3,2
ODj3ahiBCK,1b,oben,L,L4,3,9
ODj3ahiBCK,1b,oben,L,L5,3,8
ODj3ahiBCK,2,oben,A,A1,2,2
ODj3ahiBCK,2,oben,A,A2,2,9
ODj3ahiBCK,2,oben,A,A3,2,7
ODj3ahiBCK,2,oben,A,A4,2,2
ODj3ahiBCK,2,oben,A,A5,2,9
27nOnRftsf,1a,oben,L,L1,1,300
27nOnRftsf,1a,oben,L,L2,1,25
27nOnRftsf,1a,oben,L,L3,1,45
27nOnRftsf,1a,oben,L,L4,1,40000
27nOnRftsf,1a,oben,L,L5,1,90
27nOnRftsf,1b,oben,L,L1,2,8
27nOnRftsf,1b,oben,L,L2,2,6
27nOnRftsf,1b,oben,L,L3,2,7
27nOnRftsf,1b,oben,L,L4,2,9
27nOnRftsf,1b,oben,L,L5,2,5
27nOnRftsf,2,unten,L,L1,3,6
27nOnRftsf,2,unten,L,L2,3,1
27nOnRftsf,2,unten,L,L3,3,3
27nOnRftsf,2,unten,L,L4,3,1
27nOnRftsf,2,unten,L,L5,3,3
nzjf8irtsg,1a,unten,L,L1,2,100
nzjf8irtsg,1a,unten,L,L2,2,19.9
nzjf8irtsg,1a,unten,L,L3,2,16
nzjf8irtsg,1a,unten,L,L4,2,45000
nzjf8irtsg,1a,unten,L,L5,2,55
nzjf8irtsg,1b,unten,A,A1,1,7
nzjf8irtsg,1b,unten,A,A2,1,4
nzjf8irtsg,1b,unten,A,A4,1,7
nzjf8irtsg,1b,unten,A,A5,1,3
nzjf8irtsg,2,unten,A,A1,3,4
nzjf8irtsg,2,unten,A,A2,3,5
nzjf8irtsg,2,unten,A,A3,3,6
nzjf8irtsg,2,unten,A,A4,3,6
nzjf8irtsg,2,unten,A,A5,3,6
7YxLIhJRRP,1a,oben,A,A1,2,4
7YxLIhJRRP,1a,oben,A,A2,2,10
7YxLIhJRRP,1a,oben,A,A3,2,2
7YxLIhJRRP,1a,oben,A,A4,2,3
7YxLIhJRRP,1a,oben,A,A5,2,20
7YxLIhJRRP,1b,oben,A,A1,3,3
7YxLIhJRRP,1b,oben,A,A2,3,2
7YxLIhJRRP,1b,oben,A,A5,3,6
7YxLIhJRRP,2,unten,L,L1,1,2
7YxLIhJRRP,2,unten,L,L3,1,1
7YxLIhJRRP,2,unten,L,L4,1,1
e2mL2kJM0C,1a,unten,A,A1,2,4
e2mL2kJM0C,1a,unten,A,A2,2,10
e2mL2kJM0C,1a,unten,A,A3,2,3
e2mL2kJM0C,1a,unten,A,A4,2,9
e2mL2kJM0C,1a,unten,A,A5,2,45
e2mL2kJM0C,1b,unten,L,L1,3,3
e2mL2kJM0C,1b,unten,L,L2,3,2
e2mL2kJM0C,1b,unten,L,L3,3,3
e2mL2kJM0C,1b,unten,L,L4,3,1
e2mL2kJM0C,1b,unten,L,L5,3,1
e2mL2kJM0C,2,oben,L,L1,1,1
e2mL2kJM0C,2,oben,L,L2,1,1
e2mL2kJM0C,2,oben,L,L3,1,1
e2mL2kJM0C,2,oben,L,L4,1,1
e2mL2kJM0C,2,oben,L,L5,1,1
LsyTDthBZp,1a,oben,A,A1,2,6
LsyTDthBZp,1a,oben,A,A2,2,6
LsyTDthBZp,1a,oben,A,A3,2,12
LsyTDthBZp,1a,oben,A,A4,2,14
LsyTDthBZp,1a,oben,A,A5,2,29
LsyTDthBZp,1b,oben,A,A1,3,7
LsyTDthBZp,1b,oben,A,A2,3,4
LsyTDthBZp,1b,oben,A,A4,3,7
LsyTDthBZp,2,unten,A,A1,1,7
LsyTDthBZp,2,unten,A,A2,1,8
LsyTDthBZp,2,unten,A,A3,1,7
LsyTDthBZp,2,unten,A,A4,1,4
LsyTDthBZp,2,unten,A,A5,1,2
Nd5XgPMdOV,1a,oben,L,L1,2,299
Nd5XgPMdOV,1a,oben,L,L2,2,29.95
Nd5XgPMdOV,1a,oben,L,L3,2,20
Nd5XgPMdOV,1a,oben,L,L4,2,0
Nd5XgPMdOV,1a,oben,L,L5,2,80
Nd5XgPMdOV,1b,unten,L,L1,1,9
Nd5XgPMdOV,1b,unten,L,L2,1,9
Nd5XgPMdOV,1b,unten,L,L3,1,9
Nd5XgPMdOV,1b,unten,L,L4,1,9
Nd5XgPMdOV,1b,unten,L,L5,1,9
Nd5XgPMdOV,2,oben,A,A1,3,9
Nd5XgPMdOV,2,oben,A,A2,3,4
Nd5XgPMdOV,2,oben,A,A3,3,3
Nd5XgPMdOV,2,oben,A,A4,3,9
Nd5XgPMdOV,2,oben,A,A5,3,3
XYipczt0X7,1a,unten,L,L1,1,500
XYipczt0X7,1a,unten,L,L2,1,50
XYipczt0X7,1a,unten,L,L3,1,20
XYipczt0X7,1a,unten,L,L4,1,0
XYipczt0X7,1a,unten,L,L5,1,70
XYipczt0X7,1b,oben,L,L1,3,9
XYipczt0X7,1b,oben,L,L3,3,2
XYipczt0X7,1b,oben,L,L4,3,9
XYipczt0X7,1b,oben,L,L5,3,7
XYipczt0X7,2,oben,A,A1,2,8
XYipczt0X7,2,oben,A,A2,2,8
XYipczt0X7,2,oben,A,A3,2,2
XYipczt0X7,2,oben,A,A4,2,9
XYipczt0X7,2,oben,A,A5,2,8
KsjX8vLTDr,1a,oben,L,L1,3,200
KsjX8vLTDr,1a,oben,L,L2,3,7
KsjX8vLTDr,1a,oben,L,L3,3,11
KsjX8vLTDr,1a,oben,L,L4,3,50000
KsjX8vLTDr,1a,oben,L,L5,3,50
KsjX8vLTDr,1b,unten,A,A1,1,8
KsjX8vLTDr,1b,unten,A,A2,1,5
KsjX8vLTDr,1b,unten,A,A3,1,3
KsjX8vLTDr,1b,unten,A,A4,1,8
KsjX8vLTDr,1b,unten,A,A5,1,6
KsjX8vLTDr,2,oben,L,L1,2,1
KsjX8vLTDr,2,oben,L,L2,2,1
KsjX8vLTDr,2,oben,L,L3,2,1
KsjX8vLTDr,2,oben,L,L4,2,1
KsjX8vLTDr,2,oben,L,L5,2,1
N69g8R8Win,1a,unten,L,L1,1,250
N69g8R8Win,1a,unten,L,L2,1,10
N69g8R8Win,1a,unten,L,L3,1,100
N69g8R8Win,1a,unten,L,L4,1,0
N69g8R8Win,1a,unten,L,L5,1,150
N69g8R8Win,1b,unten,L,L1,2,9
N69g8R8Win,1b,unten,L,L2,2,9
N69g8R8Win,1b,unten,L,L3,2,9
N69g8R8Win,1b,unten,L,L4,2,9
N69g8R8Win,1b,unten,L,L5,2,9
N69g8R8Win,2,unten,A,A2,3,2
N69g8R8Win,2,unten,A,A3,3,1
N69g8R8Win,2,unten,A,A4,3,1
N69g8R8Win,2,unten,A,A5,3,1
vtFulS1TPa,1a,oben,A,A1,1,3.9499999999999997
vtFulS1TPa,1a,oben,A,A2,1,6.95
vtFulS1TPa,1a,oben,A,A3,1,3.9499999999999997
vtFulS1TPa,1a,oben,A,A4,1,12.950000000000001
vtFulS1TPa,1a,oben,A,A5,1,22.95
vtFulS1TPa,1b,oben,A,A1,3,7
vtFulS1TPa,1b,oben,A,A5,3,6
vtFulS1TPa,2,oben,L,L1,2,1
vtFulS1TPa,2,oben,L,L2,2,1
vtFulS1TPa,2,oben,L,L3,2,1
vtFulS1TPa,2,oben,L,L4,2,1
vtFulS1TPa,2,oben,L,L5,2,1
GCLMmZgexI,1a,oben,L,L1,2,160
GCLMmZgexI,1a,oben,L,L2,2,65
GCLMmZgexI,1a,oben,L,L3,2,30
GCLMmZgexI,1a,oben,L,L4,2,35000
GCLMmZgexI,1a,oben,L,L5,2,70
GCLMmZgexI,1b,oben,A,A1,1,7
GCLMmZgexI,1b,oben,A,A3,1,4
GCLMmZgexI,1b,oben,A,A4,1,5
GCLMmZgexI,1b,oben,A,A5,1,6
GCLMmZgexI,2,unten,A,A1,3,7
GCLMmZgexI,2,unten,A,A2,3,9
GCLMmZgexI,2,unten,A,A3,3,4
GCLMmZgexI,2,unten,A,A4,3,5
GCLMmZgexI,2,unten,A,A5,3,4
RKxzGEbctq,1a,unten,L,L1,3,1200
RKxzGEbctq,1a,unten,L,L2,3,5
RKxzGEbctq,1a,unten,L,L3,3,10
RKxzGEbctq,1a,unten,L,L4,3,40000
RKxzGEbctq,1a,unten,L,L5,3,50
RKxzGEbctq,1b,unten,A,A1,2,9
RKxzGEbctq,1b,unten,A,A2,2,7
RKxzGEbctq,1b,unten,A,A3,2,6
RKxzGEbctq,1b,unten,A,A5,2,6
RKxzGEbctq,2,oben,A,A1,1,5
RKxzGEbctq,2,oben,A,A2,1,4
RKxzGEbctq,2,oben,A,A3,1,6
RKxzGEbctq,2,oben,A,A4,1,2
RKxzGEbctq,2,oben,A,A5,1,1
TxfGkNREgi,1a,unten,A,A1,1,5
TxfGkNREgi,1a,unten,A,A2,1,12
TxfGkNREgi,1a,unten,A,A3,1,8
TxfGkNREgi,1a,unten,A,A4,1,24
TxfGkNREgi,1a,unten,A,A5,1,32
TxfGkNREgi,1b,oben,L,L1,3,9
TxfGkNREgi,1b,oben,L,L2,3,6
TxfGkNREgi,1b,oben,L,L3,3,6
TxfGkNREgi,1b,oben,L,L4,3,9
TxfGkNREgi,1b,oben,L,L5,3,9
TxfGkNREgi,2,unten,L,L1,2,2
TxfGkNREgi,2,unten,L,L2,2,1
TxfGkNREgi,2,unten,L,L3,2,1
TxfGkNREgi,2,unten,L,L4,2,1
TxfGkNREgi,2,unten,L,L5,2,1
CshMf42pR2,1a,oben,A,A1,3,10
CshMf42pR2,1a,oben,A,A2,3,20
CshMf42pR2,1a,oben,A,A3,3,3
CshMf42pR2,1a,oben,A,A4,3,25
CshMf42pR2,1a,oben,A,A5,3,30
CshMf42pR2,1b,unten,L,L1,1,9
CshMf42pR2,1b,unten,L,L2,1,9
CshMf42pR2,1b,unten,L,L3,1,9
CshMf42pR2,1b,unten,L,L4,1,9
CshMf42pR2,1b,unten,L,L5,1,7
CshMf42pR2,2,unten,L,L1,2,9
CshMf42pR2,2,unten,L,L2,2,1
CshMf42pR2,2,unten,L,L3,2,1
CshMf42pR2,2,unten,L,L4,2,1
CshMf42pR2,2,unten,L,L5,2,1
BsA9mZJwVE,1a,unten,L,L1,2,1099
BsA9mZJwVE,1a,unten,L,L2,2,79
BsA9mZJwVE,1a,unten,L,L3,2,89
BsA9mZJwVE,1a,unten,L,L4,2,47990
BsA9mZJwVE,1a,unten,L,L5,2,230
BsA9mZJwVE,1b,oben,L,L1,1,4
BsA9mZJwVE,1b,oben,L,L2,1,6
BsA9mZJwVE,1b,oben,L,L3,1,7
BsA9mZJwVE,1b,oben,L,L4,1,9
BsA9mZJwVE,1b,oben,L,L5,1,8
BsA9mZJwVE,2,unten,A,A1,3,9
BsA9mZJwVE,2,unten,A,A2,3,6
BsA9mZJwVE,2,unten,A,A3,3,7
BsA9mZJwVE,2,unten,A,A4,3,9
BsA9mZJwVE,2,unten,A,A5,3,7
DoP4M7xYlC,1a,oben,L,L1,1,80
DoP4M7xYlC,1a,oben,L,L2,1,20
DoP4M7xYlC,1a,oben,L,L3,1,5
DoP4M7xYlC,1a,oben,L,L4,1,50000
DoP4M7xYlC,1a,oben,L,L5,1,90
DoP4M7xYlC,1b,oben,A,A1,2,7
DoP4M7xYlC,1b,oben,A,A2,2,3
DoP4M7xYlC,1b,oben,A,A5,2,3
DoP4M7xYlC,2,oben,L,L1,3,3
DoP4M7xYlC,2,oben,L,L2,3,3
DoP4M7xYlC,2,oben,L,L3,3,3
DoP4M7xYlC,2,oben,L,L4,3,1
DoP4M7xYlC,2,oben,L,L5,3,4
hjSshN9WR4,1a,oben,L,L1,1,150
hjSshN9WR4,1a,oben,L,L2,1,19.9
hjSshN9WR4,1a,oben,L,L3,1,15
hjSshN9WR4,1a,oben,L,L4,1,60000
hjSshN9WR4,1a,oben,L,L5,1,80
hjSshN9WR4,1b,oben,L,L1,3,6
hjSshN9WR4,1b,oben,L,L3,3,8
hjSshN9WR4,1b,oben,L,L4,3,8
hjSshN9WR4,1b,oben,L,L5,3,5
hjSshN9WR4,2,oben,L,L1,2,1
hjSshN9WR4,2,oben,L,L2,2,1
hjSshN9WR4,2,oben,L,L3,2,1
hjSshN9WR4,2,oben,L,L4,2,1
hjSshN9WR4,2,oben,L,L5,2,3
QETQ2xTKdt,1a,unten,A,A1,1,5
QETQ2xTKdt,1a,unten,A,A2,1,8
QETQ2xTKdt,1a,unten,A,A3,1,1
QETQ2xTKdt,1a,unten,A,A4,1,10
QETQ2xTKdt,1a,unten,A,A5,1,29
QETQ2xTKdt,1b,unten,L,L1,3,1
QETQ2xTKdt,1b,unten,L,L2,3,3
QETQ2xTKdt,1b,unten,L,L3,3,3
QETQ2xTKdt,1b,unten,L,L4,3,1
QETQ2xTKdt,1b,unten,L,L5,3,1
QETQ2xTKdt,2,oben,A,A1,2,9
QETQ2xTKdt,2,oben,A,A2,2,8
QETQ2xTKdt,2,oben,A,A3,2,3
QETQ2xTKdt,2,oben,A,A4,2,8
QETQ2xTKdt,2,oben,A,A5,2,8
P9MhYF3Yyf,1a,unten,A,A1,2,6
P9MhYF3Yyf,1a,unten,A,A2,2,8
P9MhYF3Yyf,1a,unten,A,A3,2,2
P9MhYF3Yyf,1a,unten,A,A4,2,15
P9MhYF3Yyf,1a,unten,A,A5,2,30
P9MhYF3Yyf,1b,oben,A,A1,3,6
P9MhYF3Yyf,1b,oben,A,A3,3,6
P9MhYF3Yyf,1b,oben,A,A4,3,7
P9MhYF3Yyf,2,oben,L,L1,1,2
P9MhYF3Yyf,2,oben,L,L2,1,1
P9MhYF3Yyf,2,oben,L,L3,1,1
P9MhYF3Yyf,2,oben,L,L4,1,1
P9MhYF3Yyf,2,oben,L,L5,1,1
b6KfIIItNJ,1a,unten,A,A1,1,5.6
b6KfIIItNJ,1a,unten,A,A2,1,495
b6KfIIItNJ,1a,unten,A,A3,1,1.5
b6KfIIItNJ,1a,unten,A,A4,1,8.9
b6KfIIItNJ,1a,unten,A,A5,1,40
b6KfIIItNJ,1b,oben,L,L1,2,7
b6KfIIItNJ,1b,oben,L,L3,2,9
b6KfIIItNJ,1b,oben,L,L4,2,9
b6KfIIItNJ,1b,oben,L,L5,2,8
b6KfIIItNJ,2,unten,L,L1,3,7
b6KfIIItNJ,2,unten,L,L2,3,3
b6KfIIItNJ,2,unten,L,L3,3,1
b6KfIIItNJ,2,unten,L,L4,3,1
b6KfIIItNJ,2,unten,L,L5,3,1
GDVXpZTfbT,1a,oben,L,L1,3,350
GDVXpZTfbT,1a,oben,L,L2,3,20
GDVXpZTfbT,1a,oben,L,L3,3,25
GDVXpZTfbT,1a,oben,L,L4,3,28000
GDVXpZTfbT,1a,oben,L,L5,3,25
GDVXpZTfbT,1b,unten,A,A1,2,3
GDVXpZTfbT,1b,unten,A,A2,2,3
GDVXpZTfbT,1b,unten,A,A3,2,5
GDVXpZTfbT,1b,unten,A,A4,2,4
GDVXpZTfbT,1b,unten,A,A5,2,3
GDVXpZTfbT,2,oben,L,L1,1,1
GDVXpZTfbT,2,oben,L,L2,1,1
GDVXpZTfbT,2,oben,L,L3,1,1
GDVXpZTfbT,2,oben,L,L4,1,1
GDVXpZTfbT,2,oben,L,L5,1,1
m9m0ktyZjK,1a,oben,A,A1,3,10
m9m0ktyZjK,1a,oben,A,A2,3,4
m9m0ktyZjK,1a,oben,A,A3,3,3
m9m0ktyZjK,1a,oben,A,A4,3,8
m9m0ktyZjK,1a,oben,A,A5,3,20
m9m0ktyZjK,1b,unten,L,L1,1,8
m9m0ktyZjK,1b,unten,L,L2,1,5
m9m0ktyZjK,1b,unten,L,L3,1,7
m9m0ktyZjK,1b,unten,L,L4,1,9
m9m0ktyZjK,1b,unten,L,L5,1,9
m9m0ktyZjK,2,oben,A,A1,2,9
m9m0ktyZjK,2,oben,A,A2,2,7
m9m0ktyZjK,2,oben,A,A3,2,8
m9m0ktyZjK,2,oben,A,A4,2,6
m9m0ktyZjK,2,oben,A,A5,2,6
OeJMHSbBXu,1a,unten,A,A1,3,7.5
OeJMHSbBXu,1a,unten,A,A2,3,18
OeJMHSbBXu,1a,unten,A,A3,3,5
OeJMHSbBXu,1a,unten,A,A4,3,9.9
OeJMHSbBXu,1a,unten,A,A5,3,80
OeJMHSbBXu,1b,oben,L,L1,1,7
OeJMHSbBXu,1b,oben,L,L4,1,8
OeJMHSbBXu,1b,oben,L,L5,1,6
OeJMHSbBXu,2,unten,A,A1,2,9
OeJMHSbBXu,2,unten,A,A4,2,7
OeJMHSbBXu,2,unten,A,A5,2,1
nZpZ5zm1eZ,1a,oben,A,A1,1,5
nZpZ5zm1eZ,1a,oben,A,A2,1,2.5
nZpZ5zm1eZ,1a,oben,A,A3,1,4.95
nZpZ5zm1eZ,1a,oben,A,A4,1,6
nZpZ5zm1eZ,1a,oben,A,A5,1,20
nZpZ5zm1eZ,1b,unten,A,A1,3,6
nZpZ5zm1eZ,1b,unten,A,A3,3,4
nZpZ5zm1eZ,1b,unten,A,A4,3,7
nZpZ5zm1eZ,1b,unten,A,A5,3,8
nZpZ5zm1eZ,2,unten,A,A1,2,3
nZpZ5zm1eZ,2,unten,A,A2,2,7
nZpZ5zm1eZ,2,unten,A,A3,2,2
nZpZ5zm1eZ,2,unten,A,A4,2,7
nZpZ5zm1eZ,2,unten,A,A5,2,3
dwIgBfNbXg,1a,oben,L,L1,1,890
dwIgBfNbXg,1a,oben,L,L2,1,8.8
dwIgBfNbXg,1a,oben,L,L3,1,15
dwIgBfNbXg,1a,oben,L,L4,1,60000
dwIgBfNbXg,1a,oben,L,L5,1,75
dwIgBfNbXg,1b,unten,L,L1,3,8
dwIgBfNbXg,1b,unten,L,L2,3,7
dwIgBfNbXg,1b,unten,L,L3,3,7
dwIgBfNbXg,1b,unten,L,L4,3,9
dwIgBfNbXg,1b,unten,L,L5,3,9
dwIgBfNbXg,2,oben,A,A2,2,6
dwIgBfNbXg,2,oben,A,A3,2,6
dwIgBfNbXg,2,oben,A,A4,2,4
dwIgBfNbXg,2,oben,A,A5,2,2
Fw5MbOQSKn,1a,oben,L,L1,1,100
Fw5MbOQSKn,1a,oben,L,L2,1,20
Fw5MbOQSKn,1a,oben,L,L3,1,10
Fw5MbOQSKn,1a,oben,L,L4,1,100000
Fw5MbOQSKn,1a,oben,L,L5,1,50
Fw5MbOQSKn,1b,unten,A,A2,3,3
Fw5MbOQSKn,1b,unten,A,A3,3,3
Fw5MbOQSKn,1b,unten,A,A4,3,4
Fw5MbOQSKn,1b,unten,A,A5,3,7
Fw5MbOQSKn,2,unten,A,A1,2,7
Fw5MbOQSKn,2,unten,A,A2,2,8
Fw5MbOQSKn,2,unten,A,A3,2,3
Fw5MbOQSKn,2,unten,A,A4,2,2
Fw5MbOQSKn,2,unten,A,A5,2,2
yZa6tPDPpz,1a,oben,A,A1,2,6
yZa6tPDPpz,1a,oben,A,A2,2,15
yZa6tPDPpz,1a,oben,A,A3,2,2
yZa6tPDPpz,1a,oben,A,A4,2,20
yZa6tPDPpz,1a,oben,A,A5,2,25
yZa6tPDPpz,1b,oben,A,A1,3,7
yZa6tPDPpz,1b,oben,A,A2,3,5
yZa6tPDPpz,1b,oben,A,A3,3,2
yZa6tPDPpz,1b,oben,A,A4,3,9
yZa6tPDPpz,2,oben,A,A1,1,7
yZa6tPDPpz,2,oben,A,A2,1,2
yZa6tPDPpz,2,oben,A,A3,1,8
yZa6tPDPpz,2,oben,A,A4,1,8
yZa6tPDPpz,2,oben,A,A5,1,2
KTaG6ewJcz,1a,oben,L,L1,2,850
KTaG6ewJcz,1a,oben,L,L2,2,25
KTaG6ewJcz,1a,oben,L,L3,2,25
KTaG6ewJcz,1a,oben,L,L4,2,35000
KTaG6ewJcz,1a,oben,L,L5,2,120
KTaG6ewJcz,1b,unten,L,L1,1,8
KTaG6ewJcz,1b,unten,L,L2,1,8
KTaG6ewJcz,1b,unten,L,L3,1,6
KTaG6ewJcz,1b,unten,L,L4,1,8
KTaG6ewJcz,1b,unten,L,L5,1,7
KTaG6ewJcz,2,unten,L,L1,3,2
KTaG6ewJcz,2,unten,L,L2,3,2
KTaG6ewJcz,2,unten,L,L3,3,3
KTaG6ewJcz,2,unten,L,L4,3,1
KTaG6ewJcz,2,unten,L,L5,3,4
gbsOiqud7a,1a,unten,L,L1,3,120
gbsOiqud7a,1a,unten,L,L2,3,38
gbsOiqud7a,1a,unten,L,L3,3,32
gbsOiqud7a,1a,unten,L,L4,3,48000
gbsOiqud7a,1a,unten,L,L5,3,135
gbsOiqud7a,1b,unten,L,L1,2,7
gbsOiqud7a,1b,unten,L,L2,2,7
gbsOiqud7a,1b,unten,L,L3,2,6
gbsOiqud7a,1b,unten,L,L4,2,9
gbsOiqud7a,1b,unten,L,L5,2,7
gbsOiqud7a,2,oben,A,A1,1,3
gbsOiqud7a,2,oben,A,A2,1,8
gbsOiqud7a,2,oben,A,A3,1,8
gbsOiqud7a,2,oben,A,A4,1,3
gbsOiqud7a,2,oben,A,A5,1,3
C2NLWRTyGp,1a,unten,A,A1,1,5
C2NLWRTyGp,1a,unten,A,A2,1,30
C2NLWRTyGp,1a,unten,A,A3,1,6
C2NLWRTyGp,1a,unten,A,A4,1,7
C2NLWRTyGp,1a,unten,A,A5,1,30
C2NLWRTyGp,1b,unten,A,A1,3,3
C2NLWRTyGp,1b,unten,A,A2,3,5
C2NLWRTyGp,1b,unten,A,A3,3,5
C2NLWRTyGp,1b,unten,A,A4,3,3
C2NLWRTyGp,2,unten,L,L1,2,1
C2NLWRTyGp,2,unten,L,L2,2,4
C2NLWRTyGp,2,unten,L,L3,2,4
C2NLWRTyGp,2,unten,L,L4,2,9
C2NLWRTyGp,2,unten,L,L5,2,9
cxa6LYTi1C,1a,unten,L,L1,1,499.5
cxa6LYTi1C,1a,unten,L,L2,1,4.5
cxa6LYTi1C,1a,unten,L,L3,1,19.85
cxa6LYTi1C,1a,unten,L,L4,1,46000
cxa6LYTi1C,1a,unten,L,L5,1,70
cxa6LYTi1C,1b,oben,A,A1,2,7
cxa6LYTi1C,1b,oben,A,A2,2,5
cxa6LYTi1C,1b,oben,A,A4,2,8
cxa6LYTi1C,1b,oben,A,A5,2,6
cxa6LYTi1C,2,oben,L,L1,3,2
cxa6LYTi1C,2,oben,L,L2,3,1
cxa6LYTi1C,2,oben,L,L3,3,8
cxa6LYTi1C,2,oben,L,L4,3,1
cxa6LYTi1C,2,oben,L,L5,3,2
lRKUVFeozG,1a,oben,L,L1,2,4870
lRKUVFeozG,1a,oben,L,L2,2,12
lRKUVFeozG,1a,oben,L,L3,2,14
lRKUVFeozG,1a,oben,L,L4,2,13000
lRKUVFeozG,1a,oben,L,L5,2,40
lRKUVFeozG,1b,oben,A,A1,1,6
lRKUVFeozG,1b,oben,A,A2,1,5
lRKUVFeozG,1b,oben,A,A3,1,7
lRKUVFeozG,1b,oben,A,A4,1,8
lRKUVFeozG,1b,oben,A,A5,1,9
lRKUVFeozG,2,oben,A,A1,3,8
lRKUVFeozG,2,oben,A,A2,3,9
lRKUVFeozG,2,oben,A,A3,3,7
lRKUVFeozG,2,oben,A,A4,3,4
lRKUVFeozG,2,oben,A,A5,3,8
cbFzLKvvnJ,1a,unten,A,A1,3,10
cbFzLKvvnJ,1a,unten,A,A2,3,8
cbFzLKvvnJ,1a,unten,A,A3,3,3
cbFzLKvvnJ,1a,unten,A,A4,3,14
cbFzLKvvnJ,1a,unten,A,A5,3,40
cbFzLKvvnJ,1b,oben,L,L1,1,9
cbFzLKvvnJ,1b,oben,L,L2,1,6
cbFzLKvvnJ,1b,oben,L,L3,1,9
cbFzLKvvnJ,1b,oben,L,L4,1,9
cbFzLKvvnJ,1b,oben,L,L5,1,8
cbFzLKvvnJ,2,unten,L,L1,2,2
cbFzLKvvnJ,2,unten,L,L2,2,2
cbFzLKvvnJ,2,unten,L,L3,2,1
cbFzLKvvnJ,2,unten,L,L4,2,1
cbFzLKvvnJ,2,unten,L,L5,2,1
tL2THjNZ9K,1a,oben,A,A1,2,4.95
tL2THjNZ9K,1a,oben,A,A2,2,10.950000000000001
tL2THjNZ9K,1a,oben,A,A3,2,2.9499999999999997
tL2THjNZ9K,1a,oben,A,A4,2,5.95
tL2THjNZ9K,1a,oben,A,A5,2,14.99
tL2THjNZ9K,1b,unten,A,A1,1,8
tL2THjNZ9K,1b,unten,A,A2,1,9
tL2THjNZ9K,1b,unten,A,A3,1,6
tL2THjNZ9K,1b,unten,A,A4,1,9
tL2THjNZ9K,1b,unten,A,A5,1,9
tL2THjNZ9K,2,oben,A,A1,3,4
tL2THjNZ9K,2,oben,A,A2,3,3
tL2THjNZ9K,2,oben,A,A3,3,6
tL2THjNZ9K,2,oben,A,A4,3,9
tL2THjNZ9K,2,oben,A,A5,3,9
goh0ookhgt,1a,oben,L,L1,1,600
goh0ookhgt,1a,oben,L,L2,1,65
goh0ookhgt,1a,oben,L,L3,1,25
goh0ookhgt,1a,oben,L,L4,1,45000
goh0ookhgt,1a,oben,L,L5,1,45
goh0ookhgt,1b,unten,L,L1,3,9
goh0ookhgt,1b,unten,L,L2,3,5
goh0ookhgt,1b,unten,L,L3,3,7
goh0ookhgt,1b,unten,L,L4,3,9
goh0ookhgt,1b,unten,L,L5,3,9
goh0ookhgt,2,unten,A,A1,2,7
goh0ookhgt,2,unten,A,A2,2,9
goh0ookhgt,2,unten,A,A3,2,6
goh0ookhgt,2,unten,A,A4,2,8
goh0ookhgt,2,unten,A,A5,2,9
RCsLU4MnHI,1a,unten,A,A1,1,12
RCsLU4MnHI,1a,unten,A,A2,1,9
RCsLU4MnHI,1a,unten,A,A3,1,5.5
RCsLU4MnHI,1a,unten,A,A4,1,7
RCsLU4MnHI,1a,unten,A,A5,1,42
RCsLU4MnHI,1b,oben,L,L1,3,9
RCsLU4MnHI,1b,oben,L,L2,3,9
RCsLU4MnHI,1b,oben,L,L3,3,9
RCsLU4MnHI,1b,oben,L,L4,3,9
RCsLU4MnHI,1b,oben,L,L5,3,9
RCsLU4MnHI,2,oben,L,L1,2,1
RCsLU4MnHI,2,oben,L,L2,2,1
RCsLU4MnHI,2,oben,L,L3,2,1
RCsLU4MnHI,2,oben,L,L4,2,1
RCsLU4MnHI,2,oben,L,L5,2,1
qLHjUgbmPa,1a,oben,A,A1,3,8.5
qLHjUgbmPa,1a,oben,A,A2,3,14
qLHjUgbmPa,1a,oben,A,A3,3,9
qLHjUgbmPa,1a,oben,A,A4,3,12
qLHjUgbmPa,1a,oben,A,A5,3,39
qLHjUgbmPa,1b,oben,L,L1,2,9
qLHjUgbmPa,1b,oben,L,L2,2,8
qLHjUgbmPa,1b,oben,L,L3,2,8
qLHjUgbmPa,1b,oben,L,L4,2,9
qLHjUgbmPa,1b,oben,L,L5,2,8
qLHjUgbmPa,2,oben,A,A1,1,6
qLHjUgbmPa,2,oben,A,A2,1,1
qLHjUgbmPa,2,oben,A,A3,1,1
qLHjUgbmPa,2,oben,A,A4,1,6
qLHjUgbmPa,2,oben,A,A5,1,1
udZHrWbMJu,1a,oben,A,A1,2,15
udZHrWbMJu,1a,oben,A,A2,2,10
udZHrWbMJu,1a,oben,A,A3,2,5
udZHrWbMJu,1a,oben,A,A4,2,10
udZHrWbMJu,1a,oben,A,A5,2,30
udZHrWbMJu,1b,unten,L,L1,3,9
udZHrWbMJu,1b,unten,L,L2,3,5
udZHrWbMJu,1b,unten,L,L4,3,9
udZHrWbMJu,1b,unten,L,L5,3,9
udZHrWbMJu,2,unten,L,L1,1,3
udZHrWbMJu,2,unten,L,L2,1,1
udZHrWbMJu,2,unten,L,L3,1,1
udZHrWbMJu,2,unten,L,L4,1,1
udZHrWbMJu,2,unten,L,L5,1,1
zHyP1cqS85,1a,oben,L,L1,2,450
zHyP1cqS85,1a,oben,L,L2,2,8.9
zHyP1cqS85,1a,oben,L,L3,2,25
zHyP1cqS85,1a,oben,L,L4,2,55
zHyP1cqS85,1a,oben,L,L5,2,45
zHyP1cqS85,1b,oben,A,A1,1,3
zHyP1cqS85,1b,oben,A,A2,1,5
zHyP1cqS85,1b,oben,A,A3,1,8
zHyP1cqS85,1b,oben,A,A4,1,8
zHyP1cqS85,1b,oben,A,A5,1,7
zHyP1cqS85,2,unten,A,A1,3,9
zHyP1cqS85,2,unten,A,A2,3,1
zHyP1cqS85,2,unten,A,A3,3,1
zHyP1cqS85,2,unten,A,A4,3,8
zHyP1cqS85,2,unten,A,A5,3,1
hprKKWhYZh,1a,oben,L,L1,1,99
hprKKWhYZh,1a,oben,L,L2,1,10
hprKKWhYZh,1a,oben,L,L3,1,20
hprKKWhYZh,1a,oben,L,L4,1,25000
hprKKWhYZh,1a,oben,L,L5,1,30
hprKKWhYZh,1b,oben,L,L1,3,9
hprKKWhYZh,1b,oben,L,L2,3,9
hprKKWhYZh,1b,oben,L,L3,3,9
hprKKWhYZh,1b,oben,L,L4,3,9
hprKKWhYZh,1b,oben,L,L5,3,9
hprKKWhYZh,2,unten,A,A1,2,2
hprKKWhYZh,2,unten,A,A2,2,6
hprKKWhYZh,2,unten,A,A3,2,4
hprKKWhYZh,2,unten,A,A4,2,6
hprKKWhYZh,2,unten,A,A5,2,4
YEXBOfmxAj,1a,unten,A,A1,1,7
YEXBOfmxAj,1a,unten,A,A2,1,3
YEXBOfmxAj,1a,unten,A,A3,1,2
YEXBOfmxAj,1a,unten,A,A4,1,5
YEXBOfmxAj,1a,unten,A,A5,1,15
YEXBOfmxAj,1b,unten,L,L1,2,8
YEXBOfmxAj,1b,unten,L,L2,2,8
YEXBOfmxAj,1b,unten,L,L3,2,9
YEXBOfmxAj,1b,unten,L,L4,2,9
YEXBOfmxAj,1b,unten,L,L5,2,9
YEXBOfmxAj,2,oben,L,L1,3,9
YEXBOfmxAj,2,oben,L,L2,3,1
YEXBOfmxAj,2,oben,L,L3,3,1
YEXBOfmxAj,2,oben,L,L4,3,1
YEXBOfmxAj,2,oben,L,L5,3,1
yrb3QNYKXK,1a,unten,L,L1,3,150
yrb3QNYKXK,1a,unten,L,L2,3,9
yrb3QNYKXK,1a,unten,L,L3,3,6
yrb3QNYKXK,1a,unten,L,L4,3,20000
yrb3QNYKXK,1a,unten,L,L5,3,25
yrb3QNYKXK,1b,oben,A,A1,1,7
yrb3QNYKXK,1b,oben,A,A2,1,4
yrb3QNYKXK,1b,oben,A,A3,1,3
yrb3QNYKXK,1b,oben,A,A4,1,8
yrb3QNYKXK,1b,oben,A,A5,1,5
yrb3QNYKXK,2,oben,A,A1,2,9
yrb3QNYKXK,2,oben,A,A2,2,8
yrb3QNYKXK,2,oben,A,A3,2,1
yrb3QNYKXK,2,oben,A,A5,2,5
O4UrSoE3yG,1a,oben,L,L1,1,120
O4UrSoE3yG,1a,oben,L,L2,1,20
O4UrSoE3yG,1a,oben,L,L3,1,50
O4UrSoE3yG,1a,oben,L,L4,1,90000
O4UrSoE3yG,1a,oben,L,L5,1,70
O4UrSoE3yG,1b,oben,A,A1,3,8
O4UrSoE3yG,1b,oben,A,A3,3,5
O4UrSoE3yG,1b,oben,A,A4,3,6
O4UrSoE3yG,1b,oben,A,A5,3,5
O4UrSoE3yG,2,oben,A,A1,2,4
O4UrSoE3yG,2,oben,A,A2,2,9
O4UrSoE3yG,2,oben,A,A4,2,9
O4UrSoE3yG,2,oben,A,A5,2,4
kefgzeyVMm,1a,unten,L,L1,2,1200
kefgzeyVMm,1a,unten,L,L2,2,30
kefgzeyVMm,1a,unten,L,L3,2,6
kefgzeyVMm,1a,unten,L,L4,2,20000
kefgzeyVMm,1a,unten,L,L5,2,45
kefgzeyVMm,1b,unten,A,A1,1,8
kefgzeyVMm,1b,unten,A,A2,1,4
kefgzeyVMm,1b,unten,A,A3,1,4
kefgzeyVMm,1b,unten,A,A4,1,6
kefgzeyVMm,1b,unten,A,A5,1,7
kefgzeyVMm,2,unten,A,A1,3,8
kefgzeyVMm,2,unten,A,A2,3,9
kefgzeyVMm,2,unten,A,A3,3,4
kefgzeyVMm,2,unten,A,A4,3,7
kefgzeyVMm,2,unten,A,A5,3,2
fk4PZxlVmU,1a,oben,L,L1,2,250
fk4PZxlVmU,1a,oben,L,L2,2,35
fk4PZxlVmU,1a,oben,L,L3,2,29
fk4PZxlVmU,1a,oben,L,L4,2,29999
fk4PZxlVmU,1a,oben,L,L5,2,120
fk4PZxlVmU,1b,unten,L,L1,1,8
fk4PZxlVmU,1b,unten,L,L2,1,5
fk4PZxlVmU,1b,unten,L,L3,1,9
fk4PZxlVmU,1b,unten,L,L4,1,9
fk4PZxlVmU,1b,unten,L,L5,1,7
fk4PZxlVmU,2,oben,L,L1,3,1
fk4PZxlVmU,2,oben,L,L2,3,1
fk4PZxlVmU,2,oben,L,L3,3,1
fk4PZxlVmU,2,oben,L,L5,3,1
G9aUdEX1rk,1a,unten,A,A1,3,0
G9aUdEX1rk,1a,unten,A,A2,3,3
G9aUdEX1rk,1a,unten,A,A3,3,1
G9aUdEX1rk,1a,unten,A,A4,3,10
G9aUdEX1rk,1a,unten,A,A5,3,30
G9aUdEX1rk,1b,unten,L,L1,1,3
G9aUdEX1rk,1b,unten,L,L2,1,9
G9aUdEX1rk,1b,unten,L,L3,1,6
G9aUdEX1rk,1b,unten,L,L4,1,6
G9aUdEX1rk,1b,unten,L,L5,1,7
G9aUdEX1rk,2,unten,L,L1,2,8
G9aUdEX1rk,2,unten,L,L2,2,9
G9aUdEX1rk,2,unten,L,L3,2,9
G9aUdEX1rk,2,unten,L,L4,2,8
G9aUdEX1rk,2,unten,L,L5,2,9
U1BTRBn9vT,1a,unten,A,A1,3,6
U1BTRBn9vT,1a,unten,A,A2,3,18
U1BTRBn9vT,1a,unten,A,A3,3,2
U1BTRBn9vT,1a,unten,A,A4,3,10
U1BTRBn9vT,1a,unten,A,A5,3,19
U1BTRBn9vT,1b,oben,A,A1,2,9
U1BTRBn9vT,1b,oben,A,A2,2,6
U1BTRBn9vT,1b,oben,A,A3,2,3
U1BTRBn9vT,1b,oben,A,A4,2,9
U1BTRBn9vT,2,unten,A,A1,1,2
U1BTRBn9vT,2,unten,A,A2,1,1
U1BTRBn9vT,2,unten,A,A3,1,1
U1BTRBn9vT,2,unten,A,A4,1,8
U1BTRBn9vT,2,unten,A,A5,1,2
wPG1Xwfe0S,1a,oben,L,L1,1,200
wPG1Xwfe0S,1a,oben,L,L2,1,20
wPG1Xwfe0S,1a,oben,L,L3,1,50
wPG1Xwfe0S,1a,oben,L,L4,1,15000
wPG1Xwfe0S,1a,oben,L,L5,1,100
wPG1Xwfe0S,1b,oben,L,L1,2,9
wPG1Xwfe0S,1b,oben,L,L2,2,7
wPG1Xwfe0S,1b,oben,L,L3,2,9
wPG1Xwfe0S,1b,oben,L,L4,2,9
wPG1Xwfe0S,1b,oben,L,L5,2,9
wPG1Xwfe0S,2,unten,L,L1,3,1
wPG1Xwfe0S,2,unten,L,L2,3,1
wPG1Xwfe0S,2,unten,L,L3,3,1
wPG1Xwfe0S,2,unten,L,L4,3,1
wPG1Xwfe0S,2,unten,L,L5,3,1
WBhxcMYzZV,1a,oben,A,A1,2,10
WBhxcMYzZV,1a,oben,A,A2,2,8
WBhxcMYzZV,1a,oben,A,A3,2,4
WBhxcMYzZV,1a,oben,A,A4,2,35
WBhxcMYzZV,1a,oben,A,A5,2,40
WBhxcMYzZV,1b,unten,A,A1,3,7
WBhxcMYzZV,1b,unten,A,A2,3,5
WBhxcMYzZV,1b,unten,A,A3,3,4
WBhxcMYzZV,1b,unten,A,A4,3,8
WBhxcMYzZV,1b,unten,A,A5,3,6
WBhxcMYzZV,2,unten,A,A1,1,8
WBhxcMYzZV,2,unten,A,A2,1,3
WBhxcMYzZV,2,unten,A,A3,1,3
WBhxcMYzZV,2,unten,A,A4,1,2
WBhxcMYzZV,2,unten,A,A5,1,6
ABfTWpN7zx,1a,unten,A,A1,2,18.9
ABfTWpN7zx,1a,unten,A,A2,2,22.9
ABfTWpN7zx,1a,unten,A,A3,2,6.5
ABfTWpN7zx,1a,unten,A,A4,2,12.9
ABfTWpN7zx,1a,unten,A,A5,2,69.9
ABfTWpN7zx,1b,unten,L,L1,1,6
ABfTWpN7zx,1b,unten,L,L2,1,5
ABfTWpN7zx,1b,unten,L,L3,1,6
ABfTWpN7zx,1b,unten,L,L4,1,9
ABfTWpN7zx,1b,unten,L,L5,1,6
ABfTWpN7zx,2,oben,A,A1,3,9
ABfTWpN7zx,2,oben,A,A2,3,1
ABfTWpN7zx,2,oben,A,A3,3,1
ABfTWpN7zx,2,oben,A,A4,3,3
ABfTWpN7zx,2,oben,A,A5,3,1
WhD9agm6Hy,1a,unten,L,L2,3,30
WhD9agm6Hy,1a,unten,L,L3,3,5
WhD9agm6Hy,1a,unten,L,L4,3,30000
WhD9agm6Hy,1a,unten,L,L5,3,20
WhD9agm6Hy,1b,oben,A,A1,2,7
WhD9agm6Hy,1b,oben,A,A4,2,6
WhD9agm6Hy,1b,oben,A,A5,2,8
WhD9agm6Hy,2,oben,L,L1,1,1
WhD9agm6Hy,2,oben,L,L2,1,1
WhD9agm6Hy,2,oben,L,L3,1,1
WhD9agm6Hy,2,oben,L,L4,1,1
WhD9agm6Hy,2,oben,L,L5,1,2
mEhN5XeiSt,1a,oben,A,A1,2,6.95
mEhN5XeiSt,1a,oben,A,A2,2,9.9
mEhN5XeiSt,1a,oben,A,A3,2,2.3
mEhN5XeiSt,1a,oben,A,A4,2,24.95
mEhN5XeiSt,1a,oben,A,A5,2,79
mEhN5XeiSt,1b,oben,L,L1,3,6
mEhN5XeiSt,1b,oben,L,L2,3,3
mEhN5XeiSt,1b,oben,L,L3,3,5
mEhN5XeiSt,1b,oben,L,L4,3,9
mEhN5XeiSt,1b,oben,L,L5,3,9
mEhN5XeiSt,2,unten,A,A1,1,7
mEhN5XeiSt,2,unten,A,A2,1,1
mEhN5XeiSt,2,unten,A,A3,1,3
mEhN5XeiSt,2,unten,A,A4,1,7
mEhN5XeiSt,2,unten,A,A5,1,4
QDRee0swlF,1a,oben,L,L1,3,600
QDRee0swlF,1a,oben,L,L2,3,20
QDRee0swlF,1a,oben,L,L3,3,30
QDRee0swlF,1a,oben,L,L4,3,300000
QDRee0swlF,1a,oben,L,L5,3,200
QDRee0swlF,1b,unten,A,A1,2,6
QDRee0swlF,1b,unten,A,A2,2,6
QDRee0swlF,1b,unten,A,A4,2,5
QDRee0swlF,1b,unten,A,A5,2,4
QDRee0swlF,2,unten,L,L1,1,2
QDRee0swlF,2,unten,L,L2,1,1
QDRee0swlF,2,unten,L,L3,1,1
QDRee0swlF,2,unten,L,L4,1,1
QDRee0swlF,2,unten,L,L5,1,4
IKa2Frf6EA,1a,unten,L,L1,2,290
IKa2Frf6EA,1a,unten,L,L2,2,40
IKa2Frf6EA,1a,unten,L,L3,2,60
IKa2Frf6EA,1a,unten,L,L4,2,20000
IKa2Frf6EA,1a,unten,L,L5,2,120
IKa2Frf6EA,1b,oben,L,L1,1,1
IKa2Frf6EA,1b,oben,L,L2,1,2
IKa2Frf6EA,1b,oben,L,L3,1,2
IKa2Frf6EA,1b,oben,L,L4,1,7
IKa2Frf6EA,1b,oben,L,L5,1,5
IKa2Frf6EA,2,unten,L,L1,3,1
IKa2Frf6EA,2,unten,L,L2,3,1
IKa2Frf6EA,2,unten,L,L3,3,1
IKa2Frf6EA,2,unten,L,L4,3,1
IKa2Frf6EA,2,unten,L,L5,3,1
tlUvf4HIq5,1a,unten,L,L1,3,300
tlUvf4HIq5,1a,unten,L,L2,3,40
tlUvf4HIq5,1a,unten,L,L3,3,15
tlUvf4HIq5,1a,unten,L,L4,3,150000
tlUvf4HIq5,1a,unten,L,L5,3,200
tlUvf4HIq5,1b,unten,L,L1,2,9
tlUvf4HIq5,1b,unten,L,L2,2,7
tlUvf4HIq5,1b,unten,L,L3,2,8
tlUvf4HIq5,1b,unten,L,L4,2,9
tlUvf4HIq5,1b,unten,L,L5,2,9
tlUvf4HIq5,2,oben,L,L1,1,7
tlUvf4HIq5,2,oben,L,L2,1,1
tlUvf4HIq5,2,oben,L,L3,1,6
tlUvf4HIq5,2,oben,L,L4,1,1
tlUvf4HIq5,2,oben,L,L5,1,2
70kA1pwQAL,1a,unten,A,A1,3,5.9
70kA1pwQAL,1a,unten,A,A2,3,9.8
70kA1pwQAL,1a,unten,A,A3,3,8.7
70kA1pwQAL,1a,unten,A,A4,3,13.5
70kA1pwQAL,1a,unten,A,A5,3,25.9
70kA1pwQAL,1b,oben,A,A1,2,6
70kA1pwQAL,1b,oben,A,A3,2,3
70kA1pwQAL,1b,oben,A,A4,2,6
70kA1pwQAL,1b,oben,A,A5,2,3
70kA1pwQAL,2,oben,A,A1,1,8
70kA1pwQAL,2,oben,A,A2,1,5
70kA1pwQAL,2,oben,A,A3,1,5
70kA1pwQAL,2,oben,A,A4,1,4
70kA1pwQAL,2,oben,A,A5,1,1
wj85PzlmbZ,1a,oben,L,L1,1,1500
wj85PzlmbZ,1a,oben,L,L2,1,50
wj85PzlmbZ,1a,oben,L,L3,1,30
wj85PzlmbZ,1a,oben,L,L4,1,200000
wj85PzlmbZ,1a,oben,L,L5,1,250
wj85PzlmbZ,1b,oben,A,A1,2,7
wj85PzlmbZ,1b,oben,A,A2,2,5
wj85PzlmbZ,1b,oben,A,A3,2,3
wj85PzlmbZ,1b,oben,A,A4,2,6
wj85PzlmbZ,1b,oben,A,A5,2,6
wj85PzlmbZ,2,unten,A,A1,3,6
wj85PzlmbZ,2,unten,A,A2,3,9
wj85PzlmbZ,2,unten,A,A3,3,7
wj85PzlmbZ,2,unten,A,A4,3,6
wj85PzlmbZ,2,unten,A,A5,3,7
6AFVixQxF5,1a,oben,A,A1,1,8
6AFVixQxF5,1a,oben,A,A2,1,4
6AFVixQxF5,1a,oben,A,A3,1,3
6AFVixQxF5,1a,oben,A,A4,1,12
6AFVixQxF5,1a,oben,A,A5,1,28
6AFVixQxF5,1b,unten,L,L1,2,7
6AFVixQxF5,1b,unten,L,L2,2,7
6AFVixQxF5,1b,unten,L,L3,2,9
6AFVixQxF5,1b,unten,L,L4,2,9
6AFVixQxF5,1b,unten,L,L5,2,6
6AFVixQxF5,2,unten,A,A1,3,6
6AFVixQxF5,2,unten,A,A2,3,4
6AFVixQxF5,2,unten,A,A4,3,4
6AFVixQxF5,2,unten,A,A5,3,9
PBHmAJaIdz,1a,oben,A,A1,3,14.9
PBHmAJaIdz,1a,oben,A,A2,3,29
PBHmAJaIdz,1a,oben,A,A3,3,3
PBHmAJaIdz,1a,oben,A,A4,3,5
PBHmAJaIdz,1a,oben,A,A5,3,39
PBHmAJaIdz,1b,unten,A,A1,2,4
PBHmAJaIdz,1b,unten,A,A2,2,4
PBHmAJaIdz,1b,unten,A,A3,2,6
PBHmAJaIdz,1b,unten,A,A4,2,7
PBHmAJaIdz,1b,unten,A,A5,2,7
PBHmAJaIdz,2,oben,L,L1,1,2
PBHmAJaIdz,2,oben,L,L2,1,3
PBHmAJaIdz,2,oben,L,L3,1,1
PBHmAJaIdz,2,oben,L,L4,1,1
PBHmAJaIdz,2,oben,L,L5,1,2
EVcJtLbk3j,1a,unten,L,L1,1,700
EVcJtLbk3j,1a,unten,L,L2,1,9
EVcJtLbk3j,1a,unten,L,L3,1,25
EVcJtLbk3j,1a,unten,L,L4,1,80000
EVcJtLbk3j,1a,unten,L,L5,1,60
EVcJtLbk3j,1b,unten,L,L1,3,9
EVcJtLbk3j,1b,unten,L,L4,3,9
EVcJtLbk3j,1b,unten,L,L5,3,9
EVcJtLbk3j,2,unten,L,L1,2,9
EVcJtLbk3j,2,unten,L,L2,2,2
EVcJtLbk3j,2,unten,L,L3,2,1
EVcJtLbk3j,2,unten,L,L4,2,1
EVcJtLbk3j,2,unten,L,L5,2,1
26FteJkMAC,1a,oben,L,L1,2,1500
26FteJkMAC,1a,oben,L,L2,2,8
26FteJkMAC,1a,oben,L,L3,2,20
26FteJkMAC,1a,oben,L,L4,2,75000
26FteJkMAC,1a,oben,L,L5,2,50
26FteJkMAC,1b,oben,L,L1,1,9
26FteJkMAC,1b,oben,L,L2,1,9
26FteJkMAC,1b,oben,L,L3,1,7
26FteJkMAC,1b,oben,L,L4,1,9
26FteJkMAC,1b,oben,L,L5,1,8
26FteJkMAC,2,unten,A,A1,3,9
26FteJkMAC,2,unten,A,A2,3,9
26FteJkMAC,2,unten,A,A3,3,8
26FteJkMAC,2,unten,A,A4,3,9
26FteJkMAC,2,unten,A,A5,3,7
CAeD0SYik4,1a,unten,A,A1,3,15
CAeD0SYik4,1a,unten,A,A2,3,20
CAeD0SYik4,1a,unten,A,A3,3,5
CAeD0SYik4,1a,unten,A,A4,3,15
CAeD0SYik4,1a,unten,A,A5,3,40
CAeD0SYik4,1b,oben,A,A1,2,7
CAeD0SYik4,1b,oben,A,A2,2,3
CAeD0SYik4,1b,oben,A,A3,2,2
CAeD0SYik4,1b,oben,A,A4,2,8
CAeD0SYik4,2,oben,L,L1,1,1
CAeD0SYik4,2,oben,L,L3,1,1
CAeD0SYik4,2,oben,L,L4,1,1
CAeD0SYik4,2,oben,L,L5,1,2
dAG4x9l9fA,1a,oben,A,A1,1,5
dAG4x9l9fA,1a,oben,A,A2,1,1
dAG4x9l9fA,1a,oben,A,A3,1,0.5
dAG4x9l9fA,1a,oben,A,A4,1,9.950000000000001
dAG4x9l9fA,1a,oben,A,A5,1,65
dAG4x9l9fA,1b,unten,A,A1,3,5
dAG4x9l9fA,1b,unten,A,A2,3,7
dAG4x9l9fA,1b,unten,A,A3,3,8
dAG4x9l9fA,1b,unten,A,A4,3,2
dAG4x9l9fA,1b,unten,A,A5,3,6
dAG4x9l9fA,2,unten,L,L1,2,1
dAG4x9l9fA,2,unten,L,L2,2,1
dAG4x9l9fA,2,unten,L,L3,2,1
dAG4x9l9fA,2,unten,L,L4,2,1
dAG4x9l9fA,2,unten,L,L5,2,1
1BTiYs17jZ,1a,unten,L,L1,1,120
1BTiYs17jZ,1a,unten,L,L2,1,12
1BTiYs17jZ,1a,unten,L,L3,1,8
1BTiYs17jZ,1a,unten,L,L4,1,20000
1BTiYs17jZ,1a,unten,L,L5,1,80
1BTiYs17jZ,1b,unten,L,L1,3,9
1BTiYs17jZ,1b,unten,L,L2,3,9
1BTiYs17jZ,1b,unten,L,L3,3,9
1BTiYs17jZ,1b,unten,L,L4,3,9
1BTiYs17jZ,1b,unten,L,L5,3,9
1BTiYs17jZ,2,oben,L,L1,2,1
1BTiYs17jZ,2,oben,L,L2,2,1
1BTiYs17jZ,2,oben,L,L3,2,1
1BTiYs17jZ,2,oben,L,L4,2,1
1BTiYs17jZ,2,oben,L,L5,2,1
DqARVrUkFf,1a,unten,L,L1,2,250
DqARVrUkFf,1a,unten,L,L2,2,40
DqARVrUkFf,1a,unten,L,L3,2,35
DqARVrUkFf,1a,unten,L,L4,2,70000
DqARVrUkFf,1a,unten,L,L5,2,320
DqARVrUkFf,1b,oben,L,L2,1,7
DqARVrUkFf,1b,oben,L,L3,1,6
DqARVrUkFf,1b,oben,L,L4,1,9
DqARVrUkFf,1b,oben,L,L5,1,9
DqARVrUkFf,2,unten,A,A1,3,8
DqARVrUkFf,2,unten,A,A2,3,7
DqARVrUkFf,2,unten,A,A3,3,8
DqARVrUkFf,2,unten,A,A4,3,9
DqARVrUkFf,2,unten,A,A5,3,3
ijy3nmlt4A,1a,unten,A,A1,2,12
ijy3nmlt4A,1a,unten,A,A2,2,8
ijy3nmlt4A,1a,unten,A,A3,2,3
ijy3nmlt4A,1a,unten,A,A4,2,5.5
ijy3nmlt4A,1a,unten,A,A5,2,80
ijy3nmlt4A,1b,oben,A,A1,1,9
ijy3nmlt4A,1b,oben,A,A2,1,6
ijy3nmlt4A,1b,oben,A,A4,1,8
ijy3nmlt4A,1b,oben,A,A5,1,6
ijy3nmlt4A,2,oben,A,A1,3,8
ijy3nmlt4A,2,oben,A,A2,3,3
ijy3nmlt4A,2,oben,A,A3,3,1
ijy3nmlt4A,2,oben,A,A4,3,3
ijy3nmlt4A,2,oben,A,A5,3,1
ckiRpznlNU,1a,oben,L,L1,3,300
ckiRpznlNU,1a,oben,L,L2,3,20
ckiRpznlNU,1a,oben,L,L3,3,30
ckiRpznlNU,1a,oben,L,L4,3,100000
ckiRpznlNU,1a,oben,L,L5,3,30
ckiRpznlNU,1b,unten,A,A1,2,7
ckiRpznlNU,1b,unten,A,A2,2,5
ckiRpznlNU,1b,unten,A,A3,2,3
ckiRpznlNU,1b,unten,A,A4,2,5
ckiRpznlNU,1b,unten,A,A5,2,5
ckiRpznlNU,2,unten,L,L1,1,1
ckiRpznlNU,2,unten,L,L2,1,1
ckiRpznlNU,2,unten,L,L3,1,1
ckiRpznlNU,2,unten,L,L4,1,1
ckiRpznlNU,2,unten,L,L5,1,1
VSwkc86FxL,1a,oben,A,A1,2,10
VSwkc86FxL,1a,oben,A,A2,2,15
VSwkc86FxL,1a,oben,A,A3,2,6
VSwkc86FxL,1a,oben,A,A4,2,12
VSwkc86FxL,1a,oben,A,A5,2,50
VSwkc86FxL,1b,oben,L,L1,3,7
VSwkc86FxL,1b,oben,L,L2,3,8
VSwkc86FxL,1b,oben,L,L3,3,7
VSwkc86FxL,1b,oben,L,L4,3,9
VSwkc86FxL,1b,oben,L,L5,3,8
VSwkc86FxL,2,unten,L,L1,1,9
VSwkc86FxL,2,unten,L,L2,1,1
VSwkc86FxL,2,unten,L,L3,1,1
VSwkc86FxL,2,unten,L,L4,1,1
VSwkc86FxL,2,unten,L,L5,1,3
C5kPHk4aDf,1a,oben,L,L1,2,8000
C5kPHk4aDf,1a,oben,L,L2,2,2000
C5kPHk4aDf,1a,oben,L,L3,2,1200
C5kPHk4aDf,1a,oben,L,L4,2,8000
C5kPHk4aDf,1a,oben,L,L5,2,4000
C5kPHk4aDf,1b,oben,L,L1,3,9
C5kPHk4aDf,1b,oben,L,L2,3,7
C5kPHk4aDf,1b,oben,L,L3,3,7
C5kPHk4aDf,1b,oben,L,L4,3,9
C5kPHk4aDf,1b,oben,L,L5,3,9
C5kPHk4aDf,2,oben,A,A1,1,1
C5kPHk4aDf,2,oben,A,A2,1,3
C5kPHk4aDf,2,oben,A,A3,1,4
C5kPHk4aDf,2,oben,A,A5,1,3
1bxTrLzlEA,1a,unten,A,A1,2,5.95
1bxTrLzlEA,1a,unten,A,A2,2,7.95
1bxTrLzlEA,1a,unten,A,A3,2,3.5
1bxTrLzlEA,1a,unten,A,A4,2,4
1bxTrLzlEA,1a,unten,A,A5,2,20
1bxTrLzlEA,1b,unten,L,L1,3,4
1bxTrLzlEA,1b,unten,L,L2,3,6
1bxTrLzlEA,1b,unten,L,L3,3,3
1bxTrLzlEA,1b,unten,L,L4,3,9
1bxTrLzlEA,1b,unten,L,L5,3,7
1bxTrLzlEA,2,unten,A,A1,1,9
1bxTrLzlEA,2,unten,A,A2,1,3
1bxTrLzlEA,2,unten,A,A3,1,4
1bxTrLzlEA,2,unten,A,A4,1,7
1bxTrLzlEA,2,unten,A,A5,1,5
gcGRfoN9WV,1a,unten,A,A1,3,6
gcGRfoN9WV,1a,unten,A,A2,3,16
gcGRfoN9WV,1a,unten,A,A3,3,3
gcGRfoN9WV,1a,unten,A,A4,3,15
gcGRfoN9WV,1a,unten,A,A5,3,40
gcGRfoN9WV,1b,oben,L,L1,1,7
gcGRfoN9WV,1b,oben,L,L2,1,6
gcGRfoN9WV,1b,oben,L,L3,1,6
gcGRfoN9WV,1b,oben,L,L4,1,7
gcGRfoN9WV,1b,oben,L,L5,1,7
gcGRfoN9WV,2,oben,A,A1,2,9
gcGRfoN9WV,2,oben,A,A2,2,2
gcGRfoN9WV,2,oben,A,A4,2,8
gcGRfoN9WV,2,oben,A,A5,2,2
1nzlFkSr8j,1a,oben,A,A1,2,6
1nzlFkSr8j,1a,oben,A,A2,2,6
1nzlFkSr8j,1a,oben,A,A3,2,9
1nzlFkSr8j,1a,oben,A,A4,2,17
1nzlFkSr8j,1a,oben,A,A5,2,40
1nzlFkSr8j,1b,unten,L,L1,1,9
1nzlFkSr8j,1b,unten,L,L2,1,8
1nzlFkSr8j,1b,unten,L,L3,1,5
1nzlFkSr8j,1b,unten,L,L4,1,9
1nzlFkSr8j,1b,unten,L,L5,1,9
1nzlFkSr8j,2,oben,L,L1,3,1
1nzlFkSr8j,2,oben,L,L2,3,1
1nzlFkSr8j,2,oben,L,L3,3,1
1nzlFkSr8j,2,oben,L,L4,3,1
1nzlFkSr8j,2,oben,L,L5,3,1
zesu4amD5f,1a,unten,L,L1,3,500
zesu4amD5f,1a,unten,L,L2,3,15
zesu4amD5f,1a,unten,L,L3,3,20
zesu4amD5f,1a,unten,L,L4,3,10000
zesu4amD5f,1a,unten,L,L5,3,70
zesu4amD5f,1b,unten,L,L1,1,7
zesu4amD5f,1b,unten,L,L2,1,7
zesu4amD5f,1b,unten,L,L3,1,5
zesu4amD5f,1b,unten,L,L4,1,8
zesu4amD5f,1b,unten,L,L5,1,9
zesu4amD5f,2,unten,L,L1,2,1
zesu4amD5f,2,unten,L,L2,2,1
zesu4amD5f,2,unten,L,L3,2,1
zesu4amD5f,2,unten,L,L4,2,1
zesu4amD5f,2,unten,L,L5,2,2
fN55e00EQ4,1a,unten,A,A1,3,12
fN55e00EQ4,1a,unten,A,A2,3,6
fN55e00EQ4,1a,unten,A,A3,3,3.5
fN55e00EQ4,1a,unten,A,A4,3,13
fN55e00EQ4,1a,unten,A,A5,3,45
fN55e00EQ4,1b,unten,L,L1,1,7
fN55e00EQ4,1b,unten,L,L2,1,4
fN55e00EQ4,1b,unten,L,L3,1,4
fN55e00EQ4,1b,unten,L,L4,1,8
fN55e00EQ4,1b,unten,L,L5,1,9
fN55e00EQ4,2,unten,L,L1,2,8
fN55e00EQ4,2,unten,L,L2,2,5
fN55e00EQ4,2,unten,L,L3,2,9
fN55e00EQ4,2,unten,L,L4,2,9
fN55e00EQ4,2,unten,L,L5,2,9
qxPg7ZzBoB,1a,oben,A,A1,2,7
qxPg7ZzBoB,1a,oben,A,A2,2,14
qxPg7ZzBoB,1a,oben,A,A3,2,9
qxPg7ZzBoB,1a,oben,A,A4,2,12
qxPg7ZzBoB,1a,oben,A,A5,2,35
qxPg7ZzBoB,1b,oben,L,L1,1,7
qxPg7ZzBoB,1b,oben,L,L2,1,7
qxPg7ZzBoB,1b,oben,L,L3,1,8
qxPg7ZzBoB,1b,oben,L,L4,1,9
qxPg7ZzBoB,1b,oben,L,L5,1,6
qxPg7ZzBoB,2,oben,L,L1,3,2
qxPg7ZzBoB,2,oben,L,L2,3,1
qxPg7ZzBoB,2,oben,L,L3,3,1
qxPg7ZzBoB,2,oben,L,L4,3,1
qxPg7ZzBoB,2,oben,L,L5,3,6
QuHomkUUCh,1a,oben,A,A1,2,8
QuHomkUUCh,1a,oben,A,A2,2,7
QuHomkUUCh,1a,oben,A,A3,2,3
QuHomkUUCh,1a,oben,A,A4,2,12
QuHomkUUCh,1a,oben,A,A5,2,40
QuHomkUUCh,1b,unten,L,L1,3,9
QuHomkUUCh,1b,unten,L,L2,3,9
QuHomkUUCh,1b,unten,L,L3,3,5
QuHomkUUCh,1b,unten,L,L4,3,9
QuHomkUUCh,1b,unten,L,L5,3,7
QuHomkUUCh,2,unten,A,A1,1,8
QuHomkUUCh,2,unten,A,A2,1,3
QuHomkUUCh,2,unten,A,A3,1,1
QuHomkUUCh,2,unten,A,A4,1,8
QuHomkUUCh,2,unten,A,A5,1,1
6grrzTYMFc,1a,oben,L,L1,1,400
6grrzTYMFc,1a,oben,L,L2,1,20
6grrzTYMFc,1a,oben,L,L3,1,15
6grrzTYMFc,1a,oben,L,L4,1,100000
6grrzTYMFc,1a,oben,L,L5,1,80
6grrzTYMFc,1b,oben,L,L1,3,8
6grrzTYMFc,1b,oben,L,L2,3,8
6grrzTYMFc,1b,oben,L,L3,3,9
6grrzTYMFc,1b,oben,L,L4,3,9
6grrzTYMFc,1b,oben,L,L5,3,9
6grrzTYMFc,2,oben,A,A1,2,9
6grrzTYMFc,2,oben,A,A2,2,8
6grrzTYMFc,2,oben,A,A3,2,3
6grrzTYMFc,2,oben,A,A4,2,6
6grrzTYMFc,2,oben,A,A5,2,8
sDrUZ6uRyu,1a,unten,L,L1,2,550
sDrUZ6uRyu,1a,unten,L,L2,2,30
sDrUZ6uRyu,1a,unten,L,L3,2,40
sDrUZ6uRyu,1a,unten,L,L4,2,30000
sDrUZ6uRyu,1a,unten,L,L5,2,45
sDrUZ6uRyu,1b,oben,A,A2,3,6
sDrUZ6uRyu,1b,oben,A,A3,3,4
sDrUZ6uRyu,1b,oben,A,A4,3,7
sDrUZ6uRyu,2,oben,L,L1,1,1
sDrUZ6uRyu,2,oben,L,L2,1,1
sDrUZ6uRyu,2,oben,L,L3,1,1
sDrUZ6uRyu,2,oben,L,L4,1,1
sDrUZ6uRyu,2,oben,L,L5,1,1
9bHgxBgBFI,1a,oben,L,L1,3,300
9bHgxBgBFI,1a,oben,L,L2,3,7
9bHgxBgBFI,1a,oben,L,L3,3,10
9bHgxBgBFI,1a,oben,L,L4,3,50000
9bHgxBgBFI,1a,oben,L,L5,3,60
9bHgxBgBFI,1b,unten,A,A1,2,9
9bHgxBgBFI,1b,unten,A,A2,2,3
9bHgxBgBFI,1b,unten,A,A3,2,7
9bHgxBgBFI,1b,unten,A,A4,2,7
9bHgxBgBFI,1b,unten,A,A5,2,8
9bHgxBgBFI,2,oben,A,A1,1,5
9bHgxBgBFI,2,oben,A,A2,1,8
9bHgxBgBFI,2,oben,A,A3,1,1
9bHgxBgBFI,2,oben,A,A4,1,3
9bHgxBgBFI,2,oben,A,A5,1,7
Diqil3fA1j,1a,unten,A,A1,1,4.5
Diqil3fA1j,1a,unten,A,A2,1,8
Diqil3fA1j,1a,unten,A,A3,1,1.5
Diqil3fA1j,1a,unten,A,A4,1,7
Diqil3fA1j,1a,unten,A,A5,1,25
Diqil3fA1j,1b,unten,L,L1,3,9
Diqil3fA1j,1b,unten,L,L2,3,9
Diqil3fA1j,1b,unten,L,L3,3,9
Diqil3fA1j,1b,unten,L,L4,3,9
Diqil3fA1j,1b,unten,L,L5,3,9
Diqil3fA1j,2,unten,A,A1,2,7
Diqil3fA1j,2,unten,A,A2,2,9
Diqil3fA1j,2,unten,A,A3,2,3
Diqil3fA1j,2,unten,A,A4,2,9
Diqil3fA1j,2,unten,A,A5,2,6
PG3H1eJclO,1a,oben,A,A1,3,399
PG3H1eJclO,1a,oben,A,A2,3,400
PG3H1eJclO,1a,oben,A,A3,3,0.99
PG3H1eJclO,1a,oben,A,A4,3,499
PG3H1eJclO,1a,oben,A,A5,3,1999
PG3H1eJclO,1b,unten,A,A1,1,7
PG3H1eJclO,1b,unten,A,A2,1,5
PG3H1eJclO,1b,unten,A,A3,1,5
PG3H1eJclO,1b,unten,A,A4,1,5
PG3H1eJclO,1b,unten,A,A5,1,6
PG3H1eJclO,2,oben,A,A1,2,5
PG3H1eJclO,2,oben,A,A2,2,2
PG3H1eJclO,2,oben,A,A3,2,8
PG3H1eJclO,2,oben,A,A4,2,1
PG3H1eJclO,2,oben,A,A5,2,5
2WSK5qDAAi,1a,oben,L,L1,2,300
2WSK5qDAAi,1a,oben,L,L2,2,10
2WSK5qDAAi,1a,oben,L,L3,2,13
2WSK5qDAAi,1a,oben,L,L4,2,40000
2WSK5qDAAi,1a,oben,L,L5,2,50
2WSK5qDAAi,1b,oben,A,A1,3,8
2WSK5qDAAi,1b,oben,A,A3,3,6
2WSK5qDAAi,1b,oben,A,A4,3,6
2WSK5qDAAi,1b,oben,A,A5,3,7
2WSK5qDAAi,2,unten,L,L1,1,1
2WSK5qDAAi,2,unten,L,L2,1,2
2WSK5qDAAi,2,unten,L,L3,1,1
2WSK5qDAAi,2,unten,L,L4,1,2
2WSK5qDAAi,2,unten,L,L5,1,4
GuQ7OnNiZL,1a,unten,L,L1,2,199
GuQ7OnNiZL,1a,unten,L,L2,2,12
GuQ7OnNiZL,1a,unten,L,L3,2,29
GuQ7OnNiZL,1a,unten,L,L4,2,14999
GuQ7OnNiZL,1a,unten,L,L5,2,67
GuQ7OnNiZL,1b,oben,L,L1,3,6
GuQ7OnNiZL,1b,oben,L,L2,3,7
GuQ7OnNiZL,1b,oben,L,L3,3,8
GuQ7OnNiZL,1b,oben,L,L4,3,9
GuQ7OnNiZL,1b,oben,L,L5,3,7
GuQ7OnNiZL,2,unten,A,A1,1,6
GuQ7OnNiZL,2,unten,A,A2,1,3
GuQ7OnNiZL,2,unten,A,A3,1,2
GuQ7OnNiZL,2,unten,A,A4,1,6
GuQ7OnNiZL,2,unten,A,A5,1,1
ZCfuyUnCuS,1a,oben,A,A1,2,9.9
ZCfuyUnCuS,1a,oben,A,A2,2,4
ZCfuyUnCuS,1a,oben,A,A3,2,1
ZCfuyUnCuS,1a,oben,A,A4,2,12
ZCfuyUnCuS,1a,oben,A,A5,2,22
ZCfuyUnCuS,1b,unten,A,A2,1,3
ZCfuyUnCuS,1b,unten,A,A3,1,8
ZCfuyUnCuS,1b,unten,A,A4,1,9
ZCfuyUnCuS,2,unten,L,L1,3,1
ZCfuyUnCuS,2,unten,L,L2,3,1
ZCfuyUnCuS,2,unten,L,L3,3,1
ZCfuyUnCuS,2,unten,L,L4,3,1
ZCfuyUnCuS,2,unten,L,L5,3,1
DcUDhgAhG6,1a,unten,L,L1,3,159
DcUDhgAhG6,1a,unten,L,L2,3,30
DcUDhgAhG6,1a,unten,L,L3,3,12
DcUDhgAhG6,1a,unten,L,L4,3,70000
DcUDhgAhG6,1a,unten,L,L5,3,129
DcUDhgAhG6,1b,oben,A,A1,2,7
DcUDhgAhG6,1b,oben,A,A3,2,2
DcUDhgAhG6,1b,oben,A,A5,2,8
DcUDhgAhG6,2,unten,A,A1,1,2
DcUDhgAhG6,2,unten,A,A2,1,1
DcUDhgAhG6,2,unten,A,A3,1,3
DcUDhgAhG6,2,unten,A,A4,1,3
DcUDhgAhG6,2,unten,A,A5,1,6
pFwIm77JYw,1a,oben,A,A1,3,6.5
pFwIm77JYw,1a,oben,A,A2,3,9
pFwIm77JYw,1a,oben,A,A3,3,4
pFwIm77JYw,1a,oben,A,A4,3,15
pFwIm77JYw,1a,oben,A,A5,3,35
pFwIm77JYw,1b,oben,L,L1,2,8
pFwIm77JYw,1b,oben,L,L2,2,7
pFwIm77JYw,1b,oben,L,L3,2,6
pFwIm77JYw,1b,oben,L,L4,2,8
pFwIm77JYw,1b,oben,L,L5,2,6
pFwIm77JYw,2,oben,A,A1,1,7
pFwIm77JYw,2,oben,A,A2,1,7
pFwIm77JYw,2,oben,A,A3,1,5
pFwIm77JYw,2,oben,A,A4,1,4
pFwIm77JYw,2,oben,A,A5,1,1
2c7OsbKQYd,1a,unten,A,A1,3,8.75
2c7OsbKQYd,1a,unten,A,A2,3,4.95
2c7OsbKQYd,1a,unten,A,A3,3,2.1
2c7OsbKQYd,1a,unten,A,A4,3,12.6
2c7OsbKQYd,1a,unten,A,A5,3,49
2c7OsbKQYd,1b,unten,L,L1,1,7
2c7OsbKQYd,1b,unten,L,L2,1,9
2c7OsbKQYd,1b,unten,L,L3,1,7
2c7OsbKQYd,1b,unten,L,L4,1,9
2c7OsbKQYd,1b,unten,L,L5,1,9
2c7OsbKQYd,2,unten,A,A1,2,9
2c7OsbKQYd,2,unten,A,A2,2,1
2c7OsbKQYd,2,unten,A,A3,2,1
2c7OsbKQYd,2,unten,A,A4,2,9
2c7OsbKQYd,2,unten,A,A5,2,3
RuDq1QpVHo,1a,unten,A,A1,1,5
RuDq1QpVHo,1a,unten,A,A2,1,12
RuDq1QpVHo,1a,unten,A,A3,1,3
RuDq1QpVHo,1a,unten,A,A4,1,17
RuDq1QpVHo,1a,unten,A,A5,1,45
RuDq1QpVHo,1b,oben,L,L1,2,7
RuDq1QpVHo,1b,oben,L,L2,2,9
RuDq1QpVHo,1b,oben,L,L3,2,7
RuDq1QpVHo,1b,oben,L,L4,2,9
RuDq1QpVHo,1b,oben,L,L5,2,7
RuDq1QpVHo,2,oben,A,A1,3,8
RuDq1QpVHo,2,oben,A,A2,3,6
RuDq1QpVHo,2,oben,A,A3,3,8
RuDq1QpVHo,2,oben,A,A4,3,7
RuDq1QpVHo,2,oben,A,A5,3,4
CLR1LO8lof,1a,oben,L,L1,3,300
CLR1LO8lof,1a,oben,L,L2,3,45
CLR1LO8lof,1a,oben,L,L3,3,40
CLR1LO8lof,1a,oben,L,L4,3,60000
CLR1LO8lof,1a,oben,L,L5,3,90
CLR1LO8lof,1b,unten,A,A1,1,8
CLR1LO8lof,1b,unten,A,A2,1,5
CLR1LO8lof,1b,unten,A,A4,1,8
CLR1LO8lof,2,unten,L,L1,2,6
CLR1LO8lof,2,unten,L,L2,2,2
CLR1LO8lof,2,unten,L,L3,2,1
CLR1LO8lof,2,unten,L,L4,2,1
CLR1LO8lof,2,unten,L,L5,2,2
ESYXpLuPVe,1a,oben,A,A1,2,6.95
ESYXpLuPVe,1a,oben,A,A2,2,12
ESYXpLuPVe,1a,oben,A,A3,2,3.5
ESYXpLuPVe,1a,oben,A,A4,2,14
ESYXpLuPVe,1a,oben,A,A5,2,30
ESYXpLuPVe,1b,unten,L,L1,1,8
ESYXpLuPVe,1b,unten,L,L2,1,5
ESYXpLuPVe,1b,unten,L,L3,1,9
ESYXpLuPVe,1b,unten,L,L4,1,9
ESYXpLuPVe,1b,unten,L,L5,1,8
ESYXpLuPVe,2,oben,A,A1,3,4
ESYXpLuPVe,2,oben,A,A2,3,8
ESYXpLuPVe,2,oben,A,A3,3,7
ESYXpLuPVe,2,oben,A,A4,3,4
ESYXpLuPVe,2,oben,A,A5,3,8
Z2BxYBIo1L,1a,oben,L,L1,3,800
Z2BxYBIo1L,1a,oben,L,L2,3,19.95
Z2BxYBIo1L,1a,oben,L,L3,3,15
Z2BxYBIo1L,1a,oben,L,L4,3,5000
Z2BxYBIo1L,1a,oben,L,L5,3,80
Z2BxYBIo1L,1b,oben,L,L1,2,3
Z2BxYBIo1L,1b,oben,L,L2,2,4
Z2BxYBIo1L,1b,oben,L,L3,2,1
Z2BxYBIo1L,1b,oben,L,L4,2,8
Z2BxYBIo1L,1b,oben,L,L5,2,6
Z2BxYBIo1L,2,unten,L,L1,1,1
Z2BxYBIo1L,2,unten,L,L2,1,3
Z2BxYBIo1L,2,unten,L,L3,1,1
Z2BxYBIo1L,2,unten,L,L4,1,4
Z2BxYBIo1L,2,unten,L,L5,1,5
yJKPJ4iw52,1a,oben,A,A1,1,12.950000000000001
yJKPJ4iw52,1a,oben,A,A2,1,26.95
yJKPJ4iw52,1a,oben,A,A3,1,6.95
yJKPJ4iw52,1a,oben,A,A4,1,12.950000000000001
yJKPJ4iw52,1a,oben,A,A5,1,29.9
yJKPJ4iw52,1b,oben,A,A1,2,4
yJKPJ4iw52,1b,oben,A,A2,2,7
yJKPJ4iw52,1b,oben,A,A3,2,6
yJKPJ4iw52,1b,oben,A,A4,2,7
yJKPJ4iw52,2,unten,A,A1,3,9
yJKPJ4iw52,2,unten,A,A2,3,3
yJKPJ4iw52,2,unten,A,A3,3,9
yJKPJ4iw52,2,unten,A,A4,3,9
yJKPJ4iw52,2,unten,A,A5,3,3
mXYt2Yj3bn,1a,unten,A,A1,1,9.950000000000001
mXYt2Yj3bn,1a,unten,A,A2,1,7.95
mXYt2Yj3bn,1a,unten,A,A3,1,5.95
mXYt2Yj3bn,1a,unten,A,A4,1,4.95
mXYt2Yj3bn,1a,unten,A,A5,1,39.949999999999996
mXYt2Yj3bn,1b,unten,A,A1,3,7
mXYt2Yj3bn,1b,unten,A,A2,3,3
mXYt2Yj3bn,1b,unten,A,A4,3,7
mXYt2Yj3bn,1b,unten,A,A5,3,6
mXYt2Yj3bn,2,oben,L,L1,2,2
mXYt2Yj3bn,2,oben,L,L2,2,1
mXYt2Yj3bn,2,oben,L,L3,2,1
mXYt2Yj3bn,2,oben,L,L4,2,1
mXYt2Yj3bn,2,oben,L,L5,2,1
lKSdXX5rbT,1a,unten,L,L1,1,500
lKSdXX5rbT,1a,unten,L,L2,1,10
lKSdXX5rbT,1a,unten,L,L3,1,10
lKSdXX5rbT,1a,unten,L,L4,1,60000
lKSdXX5rbT,1a,unten,L,L5,1,70
lKSdXX5rbT,1b,unten,L,L1,2,7
lKSdXX5rbT,1b,unten,L,L2,2,6
lKSdXX5rbT,1b,unten,L,L3,2,7
lKSdXX5rbT,1b,unten,L,L4,2,9
lKSdXX5rbT,1b,unten,L,L5,2,8
lKSdXX5rbT,2,oben,A,A1,3,9
lKSdXX5rbT,2,oben,A,A3,3,4
lKSdXX5rbT,2,oben,A,A4,3,8
lKSdXX5rbT,2,oben,A,A5,3,6
HqSInNQTk9,1a,unten,L,L1,3,350
HqSInNQTk9,1a,unten,L,L2,3,20
HqSInNQTk9,1a,unten,L,L3,3,15
HqSInNQTk9,1a,unten,L,L4,3,28000
HqSInNQTk9,1a,unten,L,L5,3,30
HqSInNQTk9,1b,oben,A,A1,1,7
HqSInNQTk9,1b,oben,A,A2,1,6
HqSInNQTk9,1b,oben,A,A3,1,4
HqSInNQTk9,1b,oben,A,A4,1,8
HqSInNQTk9,1b,oben,A,A5,1,5
HqSInNQTk9,2,oben,L,L1,2,1
HqSInNQTk9,2,oben,L,L2,2,1
HqSInNQTk9,2,oben,L,L3,2,1
HqSInNQTk9,2,oben,L,L4,2,1
HqSInNQTk9,2,oben,L,L5,2,6
zpawW9LmKV,1a,oben,L,L1,2,500
zpawW9LmKV,1a,oben,L,L2,2,90
zpawW9LmKV,1a,oben,L,L3,2,25
zpawW9LmKV,1a,oben,L,L4,2,70000
zpawW9LmKV,1a,oben,L,L5,2,60
zpawW9LmKV,1b,unten,L,L1,3,9
zpawW9LmKV,1b,unten,L,L2,3,6
zpawW9LmKV,1b,unten,L,L3,3,9
zpawW9LmKV,1b,unten,L,L4,3,9
zpawW9LmKV,1b,unten,L,L5,3,9
zpawW9LmKV,2,unten,A,A1,1,3
zpawW9LmKV,2,unten,A,A2,1,1
zpawW9LmKV,2,unten,A,A3,1,1
zpawW9LmKV,2,unten,A,A4,1,3
zpawW9LmKV,2,unten,A,A5,1,1
04fx1WMwF5,1a,unten,A,A1,3,7
04fx1WMwF5,1a,unten,A,A2,3,16
04fx1WMwF5,1a,unten,A,A3,3,3
04fx1WMwF5,1a,unten,A,A4,3,12
04fx1WMwF5,1a,unten,A,A5,3,17
04fx1WMwF5,1b,oben,L,L1,2,7
04fx1WMwF5,1b,oben,L,L2,2,5
04fx1WMwF5,1b,oben,L,L4,2,9
04fx1WMwF5,1b,oben,L,L5,2,9
04fx1WMwF5,2,unten,L,L1,1,1
04fx1WMwF5,2,unten,L,L2,1,1
04fx1WMwF5,2,unten,L,L3,1,1
04fx1WMwF5,2,unten,L,L4,1,1
04fx1WMwF5,2,unten,L,L5,1,1
twbbRagLEY,1a,unten,L,L1,3,105
twbbRagLEY,1a,unten,L,L2,3,25
twbbRagLEY,1a,unten,L,L3,3,30
twbbRagLEY,1a,unten,L,L4,3,60000
twbbRagLEY,1a,unten,L,L5,3,100
twbbRagLEY,1b,unten,A,A1,1,7
twbbRagLEY,1b,unten,A,A2,1,5
twbbRagLEY,1b,unten,A,A3,1,3
twbbRagLEY,1b,unten,A,A4,1,8
twbbRagLEY,1b,unten,A,A5,1,3
twbbRagLEY,2,oben,L,L1,2,1
twbbRagLEY,2,oben,L,L2,2,2
twbbRagLEY,2,oben,L,L3,2,2
twbbRagLEY,2,oben,L,L4,2,1
twbbRagLEY,2,oben,L,L5,2,4
b3oKN9ZanI,1a,oben,L,L1,1,890
b3oKN9ZanI,1a,oben,L,L2,1,35
b3oKN9ZanI,1a,oben,L,L3,1,30
b3oKN9ZanI,1a,oben,L,L4,1,70000
b3oKN9ZanI,1a,oben,L,L5,1,250
b3oKN9ZanI,1b,unten,L,L1,3,9
b3oKN9ZanI,1b,unten,L,L2,3,8
b3oKN9ZanI,1b,unten,L,L4,3,9
b3oKN9ZanI,1b,unten,L,L5,3,9
b3oKN9ZanI,2,unten,A,A1,2,5
b3oKN9ZanI,2,unten,A,A2,2,6
b3oKN9ZanI,2,unten,A,A3,2,3
b3oKN9ZanI,2,unten,A,A4,2,8
b3oKN9ZanI,2,unten,A,A5,2,3
q4NOtROq3q,1a,oben,A,A1,2,3.9499999999999997
q4NOtROq3q,1a,oben,A,A2,2,12.950000000000001
q4NOtROq3q,1a,oben,A,A3,2,2.5
q4NOtROq3q,1a,oben,A,A4,2,15.950000000000001
q4NOtROq3q,1a,oben,A,A5,2,69.95
q4NOtROq3q,1b,unten,A,A1,1,8
q4NOtROq3q,1b,unten,A,A2,1,5
q4NOtROq3q,1b,unten,A,A3,1,7
q4NOtROq3q,1b,unten,A,A5,1,3
q4NOtROq3q,2,oben,A,A1,3,7
q4NOtROq3q,2,oben,A,A2,3,3
q4NOtROq3q,2,oben,A,A3,3,2
q4NOtROq3q,2,oben,A,A4,3,4
q4NOtROq3q,2,oben,A,A5,3,2
maX3SmSQ9u,1a,unten,A,A1,3,10.9
maX3SmSQ9u,1a,unten,A,A2,3,5.9
maX3SmSQ9u,1a,unten,A,A3,3,4.9
maX3SmSQ9u,1a,unten,A,A4,3,9.9
maX3SmSQ9u,1a,unten,A,A5,3,39.9
maX3SmSQ9u,1b,oben,A,A1,2,7
maX3SmSQ9u,1b,oben,A,A2,2,3
maX3SmSQ9u,1b,oben,A,A3,2,3
maX3SmSQ9u,1b,oben,A,A4,2,5
maX3SmSQ9u,2,unten,L,L2,1,3
maX3SmSQ9u,2,unten,L,L3,1,1
maX3SmSQ9u,2,unten,L,L4,1,1
maX3SmSQ9u,2,unten,L,L5,1,2
VTdEUVIniy,1a,oben,L,L1,3,200
VTdEUVIniy,1a,oben,L,L2,3,40
VTdEUVIniy,1a,oben,L,L3,3,30
VTdEUVIniy,1a,oben,L,L4,3,50000
VTdEUVIniy,1a,oben,L,L5,3,300
VTdEUVIniy,1b,oben,A,A1,2,7
VTdEUVIniy,1b,oben,A,A2,2,4
VTdEUVIniy,1b,oben,A,A3,2,5
VTdEUVIniy,1b,oben,A,A4,2,6
VTdEUVIniy,1b,oben,A,A5,2,7
VTdEUVIniy,2,oben,A,A1,1,3
VTdEUVIniy,2,oben,A,A2,1,6
VTdEUVIniy,2,oben,A,A3,1,6
VTdEUVIniy,2,oben,A,A4,1,7
VTdEUVIniy,2,oben,A,A5,1,2
2ws9VQzE0B,1a,unten,L,L1,2,1099
2ws9VQzE0B,1a,unten,L,L2,2,24.95
2ws9VQzE0B,1a,unten,L,L3,2,15.950000000000001
2ws9VQzE0B,1a,unten,L,L4,2,35000
2ws9VQzE0B,1a,unten,L,L5,2,49.949999999999996
2ws9VQzE0B,1b,oben,L,L1,1,6
2ws9VQzE0B,1b,oben,L,L2,1,8
2ws9VQzE0B,1b,oben,L,L3,1,7
2ws9VQzE0B,1b,oben,L,L4,1,9
2ws9VQzE0B,1b,oben,L,L5,1,6
2ws9VQzE0B,2,unten,A,A1,3,9
2ws9VQzE0B,2,unten,A,A2,3,9
2ws9VQzE0B,2,unten,A,A3,3,6
2ws9VQzE0B,2,unten,A,A4,3,7
2ws9VQzE0B,2,unten,A,A5,3,2
MftEMsa3Il,1a,unten,A,A1,3,4.95
MftEMsa3Il,1a,unten,A,A2,3,9.9
MftEMsa3Il,1a,unten,A,A3,3,0.9500000000000001
MftEMsa3Il,1a,unten,A,A4,3,6.95
MftEMsa3Il,1a,unten,A,A5,3,29.9
MftEMsa3Il,1b,unten,L,L1,2,7
MftEMsa3Il,1b,unten,L,L3,2,6
MftEMsa3Il,1b,unten,L,L4,2,8
MftEMsa3Il,1b,unten,L,L5,2,8
MftEMsa3Il,2,unten,L,L1,1,2
MftEMsa3Il,2,unten,L,L2,1,2
MftEMsa3Il,2,unten,L,L3,1,1
MftEMsa3Il,2,unten,L,L4,1,1
MftEMsa3Il,2,unten,L,L5,1,3
55P8xPUl82,1a,oben,A,A1,2,7.95
55P8xPUl82,1a,oben,A,A2,2,4.95
55P8xPUl82,1a,oben,A,A3,2,2.5
55P8xPUl82,1a,oben,A,A4,2,7.95
55P8xPUl82,1a,oben,A,A5,2,25.9
55P8xPUl82,1b,unten,A,A1,1,7
55P8xPUl82,1b,unten,A,A2,1,5
55P8xPUl82,1b,unten,A,A3,1,5
55P8xPUl82,1b,unten,A,A4,1,8
55P8xPUl82,1b,unten,A,A5,1,7
55P8xPUl82,2,oben,L,L1,3,1
55P8xPUl82,2,oben,L,L2,3,1
55P8xPUl82,2,oben,L,L3,3,1
55P8xPUl82,2,oben,L,L4,3,1
55P8xPUl82,2,oben,L,L5,3,2
wuvmDQAiCk,1a,oben,A,A1,1,8.99
wuvmDQAiCk,1a,oben,A,A2,1,49.949999999999996
wuvmDQAiCk,1a,oben,A,A3,1,2.9499999999999997
wuvmDQAiCk,1a,oben,A,A4,1,12.950000000000001
wuvmDQAiCk,1a,oben,A,A5,1,49.949999999999996
wuvmDQAiCk,1b,oben,L,L3,2,7
wuvmDQAiCk,1b,oben,L,L4,2,9
wuvmDQAiCk,1b,oben,L,L5,2,6
wuvmDQAiCk,2,unten,L,L1,3,1
wuvmDQAiCk,2,unten,L,L2,3,1
wuvmDQAiCk,2,unten,L,L3,3,1
wuvmDQAiCk,2,unten,L,L4,3,1
wuvmDQAiCk,2,unten,L,L5,3,1
ic8d7H6iWq,1a,oben,L,L1,2,599
ic8d7H6iWq,1a,oben,L,L2,2,15.950000000000001
ic8d7H6iWq,1a,oben,L,L3,2,99
ic8d7H6iWq,1a,oben,L,L4,2,65000
ic8d7H6iWq,1a,oben,L,L5,2,120
ic8d7H6iWq,1b,oben,L,L1,1,7
ic8d7H6iWq,1b,oben,L,L2,1,5
ic8d7H6iWq,1b,oben,L,L3,1,6
ic8d7H6iWq,1b,oben,L,L4,1,9
ic8d7H6iWq,1b,oben,L,L5,1,8
ic8d7H6iWq,2,unten,A,A1,3,6
ic8d7H6iWq,2,unten,A,A2,3,7
ic8d7H6iWq,2,unten,A,A5,3,6
Jh3FMa7ILy,1a,unten,A,A1,1,4.95
Jh3FMa7ILy,1a,unten,A,A2,1,7.95
Jh3FMa7ILy,1a,unten,A,A3,1,5.45
Jh3FMa7ILy,1a,unten,A,A4,1,3
Jh3FMa7ILy,1a,unten,A,A5,1,60
Jh3FMa7ILy,1b,unten,A,A1,3,7
Jh3FMa7ILy,1b,unten,A,A2,3,5
Jh3FMa7ILy,1b,unten,A,A3,3,2
Jh3FMa7ILy,1b,unten,A,A4,3,1
Jh3FMa7ILy,1b,unten,A,A5,3,5
Jh3FMa7ILy,2,oben,L,L1,2,1
Jh3FMa7ILy,2,oben,L,L2,2,1
Jh3FMa7ILy,2,oben,L,L3,2,1
Jh3FMa7ILy,2,oben,L,L4,2,1
Jh3FMa7ILy,2,oben,L,L5,2,1
t6OoMSY9Ip,1a,unten,L,L1,1,400
t6OoMSY9Ip,1a,unten,L,L2,1,59
t6OoMSY9Ip,1a,unten,L,L3,1,49
t6OoMSY9Ip,1a,unten,L,L4,1,80000
t6OoMSY9Ip,1a,unten,L,L5,1,125
t6OoMSY9Ip,1b,oben,A,A1,3,9
t6OoMSY9Ip,1b,oben,A,A2,3,5
t6OoMSY9Ip,1b,oben,A,A3,3,4
t6OoMSY9Ip,1b,oben,A,A4,3,5
t6OoMSY9Ip,1b,oben,A,A5,3,6
t6OoMSY9Ip,2,unten,A,A1,2,9
t6OoMSY9Ip,2,unten,A,A2,2,1
t6OoMSY9Ip,2,unten,A,A3,2,5
t6OoMSY9Ip,2,unten,A,A4,2,4
t6OoMSY9Ip,2,unten,A,A5,2,5
IPbtWUuaKk,1a,oben,L,L1,1,800
IPbtWUuaKk,1a,oben,L,L2,1,40
IPbtWUuaKk,1a,oben,L,L3,1,39
IPbtWUuaKk,1a,oben,L,L4,1,90000
IPbtWUuaKk,1a,oben,L,L5,1,90
IPbtWUuaKk,1b,unten,A,A1,2,9
IPbtWUuaKk,1b,unten,A,A4,2,4
IPbtWUuaKk,2,oben,A,A1,3,8
IPbtWUuaKk,2,oben,A,A2,3,8
IPbtWUuaKk,2,oben,A,A3,3,6
IPbtWUuaKk,2,oben,A,A4,3,2
IPbtWUuaKk,2,oben,A,A5,3,7
PI7JDcPAsj,1a,oben,L,L1,1,350
PI7JDcPAsj,1a,oben,L,L2,1,5
PI7JDcPAsj,1a,oben,L,L3,1,15
PI7JDcPAsj,1a,oben,L,L4,1,40000
PI7JDcPAsj,1a,oben,L,L5,1,40
PI7JDcPAsj,1b,unten,L,L1,2,7
PI7JDcPAsj,1b,unten,L,L2,2,8
PI7JDcPAsj,1b,unten,L,L3,2,6
PI7JDcPAsj,1b,unten,L,L4,2,9
PI7JDcPAsj,1b,unten,L,L5,2,8
PI7JDcPAsj,2,oben,L,L1,3,1
PI7JDcPAsj,2,oben,L,L2,3,1
PI7JDcPAsj,2,oben,L,L3,3,1
PI7JDcPAsj,2,oben,L,L4,3,1
PI7JDcPAsj,2,oben,L,L5,3,2
Bpb95gOFc6,1a,unten,L,L1,2,1.8
Bpb95gOFc6,1a,unten,L,L2,2,29
Bpb95gOFc6,1a,unten,L,L3,2,12
Bpb95gOFc6,1a,unten,L,L4,2,120
Bpb95gOFc6,1a,unten,L,L5,2,129
Bpb95gOFc6,1b,oben,L,L1,1,7
Bpb95gOFc6,1b,oben,L,L2,1,8
Bpb95gOFc6,1b,oben,L,L3,1,5
Bpb95gOFc6,1b,oben,L,L4,1,9
Bpb95gOFc6,1b,oben,L,L5,1,6
Bpb95gOFc6,2,oben,A,A1,3,8
Bpb95gOFc6,2,oben,A,A2,3,3
Bpb95gOFc6,2,oben,A,A3,3,8
Bpb95gOFc6,2,oben,A,A4,3,1
Bpb95gOFc6,2,oben,A,A5,3,2
DYrddOWEq2,1a,oben,A,A1,3,8
DYrddOWEq2,1a,oben,A,A2,3,6
DYrddOWEq2,1a,oben,A,A3,3,3
DYrddOWEq2,1a,oben,A,A4,3,10
DYrddOWEq2,1a,oben,A,A5,3,40
DYrddOWEq2,1b,unten,A,A1,1,8
DYrddOWEq2,1b,unten,A,A2,1,6
DYrddOWEq2,1b,unten,A,A3,1,6
DYrddOWEq2,1b,unten,A,A4,1,4
DYrddOWEq2,2,unten,A,A1,2,6
DYrddOWEq2,2,unten,A,A2,2,8
DYrddOWEq2,2,unten,A,A3,2,4
DYrddOWEq2,2,unten,A,A4,2,4
DYrddOWEq2,2,unten,A,A5,2,2
MsqdbGeQe7,1a,unten,A,A1,1,4
MsqdbGeQe7,1a,unten,A,A2,1,5
MsqdbGeQe7,1a,unten,A,A3,1,1
MsqdbGeQe7,1a,unten,A,A4,1,15
MsqdbGeQe7,1a,unten,A,A5,1,50
MsqdbGeQe7,1b,oben,A,A1,3,7
MsqdbGeQe7,1b,oben,A,A2,3,4
MsqdbGeQe7,1b,oben,A,A3,3,4
MsqdbGeQe7,1b,oben,A,A4,3,4
MsqdbGeQe7,1b,oben,A,A5,3,7
MsqdbGeQe7,2,unten,L,L1,2,1
MsqdbGeQe7,2,unten,L,L2,2,2
MsqdbGeQe7,2,unten,L,L3,2,1
MsqdbGeQe7,2,unten,L,L4,2,1
MsqdbGeQe7,2,unten,L,L5,2,4
UBmYMDSb6m,1a,unten,A,A1,3,10
UBmYMDSb6m,1a,unten,A,A2,3,8
UBmYMDSb6m,1a,unten,A,A3,3,3
UBmYMDSb6m,1a,unten,A,A4,3,18
UBmYMDSb6m,1a,unten,A,A5,3,65
UBmYMDSb6m,1b,oben,L,L1,1,8
UBmYMDSb6m,1b,oben,L,L3,1,4
UBmYMDSb6m,1b,oben,L,L4,1,9
UBmYMDSb6m,1b,oben,L,L5,1,8
UBmYMDSb6m,2,unten,L,L1,2,1
UBmYMDSb6m,2,unten,L,L2,2,3
UBmYMDSb6m,2,unten,L,L3,2,1
UBmYMDSb6m,2,unten,L,L4,2,1
UBmYMDSb6m,2,unten,L,L5,2,3
05Tt8MhhbE,1a,oben,A,A1,3,5
05Tt8MhhbE,1a,oben,A,A2,3,8
05Tt8MhhbE,1a,oben,A,A3,3,3
05Tt8MhhbE,1a,oben,A,A4,3,6
05Tt8MhhbE,1a,oben,A,A5,3,40
05Tt8MhhbE,1b,unten,L,L1,2,9
05Tt8MhhbE,1b,unten,L,L2,2,7
05Tt8MhhbE,1b,unten,L,L3,2,8
05Tt8MhhbE,1b,unten,L,L4,2,9
05Tt8MhhbE,1b,unten,L,L5,2,9
05Tt8MhhbE,2,oben,A,A1,1,9
05Tt8MhhbE,2,oben,A,A2,1,1
05Tt8MhhbE,2,oben,A,A3,1,1
05Tt8MhhbE,2,oben,A,A5,1,2
qJKLyMif4F,1a,unten,L,L1,3,350
qJKLyMif4F,1a,unten,L,L2,3,15
qJKLyMif4F,1a,unten,L,L3,3,22
qJKLyMif4F,1a,unten,L,L4,3,35000
qJKLyMif4F,1a,unten,L,L5,3,60
qJKLyMif4F,1b,oben,A,A1,1,9
qJKLyMif4F,1b,oben,A,A2,1,7
qJKLyMif4F,1b,oben,A,A3,1,5
qJKLyMif4F,1b,oben,A,A4,1,9
qJKLyMif4F,1b,oben,A,A5,1,4
qJKLyMif4F,2,oben,L,L1,2,1
qJKLyMif4F,2,oben,L,L2,2,1
qJKLyMif4F,2,oben,L,L3,2,1
qJKLyMif4F,2,oben,L,L4,2,1
qJKLyMif4F,2,oben,L,L5,2,1
hDk0vZRqm1,1a,unten,A,A1,2,6.95
hDk0vZRqm1,1a,unten,A,A2,2,19.95
hDk0vZRqm1,1a,unten,A,A3,2,1.95
hDk0vZRqm1,1a,unten,A,A4,2,14.950000000000001
hDk0vZRqm1,1a,unten,A,A5,2,50
hDk0vZRqm1,1b,unten,A,A1,3,6
hDk0vZRqm1,1b,unten,A,A4,3,4
hDk0vZRqm1,1b,unten,A,A5,3,8
hDk0vZRqm1,2,unten,L,L1,1,1
hDk0vZRqm1,2,unten,L,L2,1,1
hDk0vZRqm1,2,unten,L,L3,1,1
hDk0vZRqm1,2,unten,L,L4,1,1
hDk0vZRqm1,2,unten,L,L5,1,1
XzbQTjmXfx,1a,oben,L,L1,1,800
XzbQTjmXfx,1a,oben,L,L2,1,15
XzbQTjmXfx,1a,oben,L,L3,1,15
XzbQTjmXfx,1a,oben,L,L4,1,45000
XzbQTjmXfx,1a,oben,L,L5,1,80
XzbQTjmXfx,1b,unten,L,L1,2,8
XzbQTjmXfx,1b,unten,L,L2,2,8
XzbQTjmXfx,1b,unten,L,L3,2,7
XzbQTjmXfx,1b,unten,L,L4,2,9
XzbQTjmXfx,1b,unten,L,L5,2,9
XzbQTjmXfx,2,oben,A,A1,3,9
XzbQTjmXfx,2,oben,A,A2,3,1
XzbQTjmXfx,2,oben,A,A3,3,2
XzbQTjmXfx,2,oben,A,A4,3,7
XzbQTjmXfx,2,oben,A,A5,3,2
L9d72DMFfZ,1a,unten,L,L1,1,200
L9d72DMFfZ,1a,unten,L,L2,1,40
L9d72DMFfZ,1a,unten,L,L3,1,0
L9d72DMFfZ,1a,unten,L,L4,1,150000
L9d72DMFfZ,1a,unten,L,L5,1,250
L9d72DMFfZ,1b,unten,A,A3,3,4
L9d72DMFfZ,2,oben,A,A1,2,2
L9d72DMFfZ,2,oben,A,A2,2,8
L9d72DMFfZ,2,oben,A,A3,2,2
L9d72DMFfZ,2,oben,A,A4,2,9
L9d72DMFfZ,2,oben,A,A5,2,7
ZHWW7uRYGZ,1a,oben,A,A1,1,5.95
ZHWW7uRYGZ,1a,oben,A,A2,1,13.9
ZHWW7uRYGZ,1a,oben,A,A3,1,4
ZHWW7uRYGZ,1a,oben,A,A4,1,14
ZHWW7uRYGZ,1a,oben,A,A5,1,35
ZHWW7uRYGZ,1b,oben,A,A1,2,6
ZHWW7uRYGZ,1b,oben,A,A2,2,4
ZHWW7uRYGZ,1b,oben,A,A3,2,4
ZHWW7uRYGZ,1b,oben,A,A4,2,8
ZHWW7uRYGZ,1b,oben,A,A5,2,6
ZHWW7uRYGZ,2,unten,A,A1,3,8
ZHWW7uRYGZ,2,unten,A,A2,3,1
ZHWW7uRYGZ,2,unten,A,A3,3,3
ZHWW7uRYGZ,2,unten,A,A4,3,6
ZHWW7uRYGZ,2,unten,A,A5,3,4
pncCAHiEP9,1a,unten,A,A1,3,7
pncCAHiEP9,1a,unten,A,A2,3,6
pncCAHiEP9,1a,unten,A,A3,3,3
pncCAHiEP9,1a,unten,A,A4,3,13
pncCAHiEP9,1a,unten,A,A5,3,20
pncCAHiEP9,1b,unten,L,L1,2,9
pncCAHiEP9,1b,unten,L,L2,2,7
pncCAHiEP9,1b,unten,L,L3,2,9
pncCAHiEP9,1b,unten,L,L4,2,9
pncCAHiEP9,1b,unten,L,L5,2,9
pncCAHiEP9,2,unten,L,L1,1,1
pncCAHiEP9,2,unten,L,L2,1,1
pncCAHiEP9,2,unten,L,L3,1,1
pncCAHiEP9,2,unten,L,L4,1,1
pncCAHiEP9,2,unten,L,L5,1,1
3mAKMFBj91,1a,oben,L,L1,1,1000
3mAKMFBj91,1a,oben,L,L2,1,20
3mAKMFBj91,1a,oben,L,L3,1,25
3mAKMFBj91,1a,oben,L,L4,1,30000
3mAKMFBj91,1a,oben,L,L5,1,120
3mAKMFBj91,1b,oben,L,L1,2,6
3mAKMFBj91,1b,oben,L,L2,2,5
3mAKMFBj91,1b,oben,L,L3,2,9
3mAKMFBj91,1b,oben,L,L4,2,9
3mAKMFBj91,1b,oben,L,L5,2,9
3mAKMFBj91,2,oben,L,L1,3,1
3mAKMFBj91,2,oben,L,L2,3,3
3mAKMFBj91,2,oben,L,L3,3,1
3mAKMFBj91,2,oben,L,L4,3,1
3mAKMFBj91,2,oben,L,L5,3,4
CIWX6CDLB0,1a,oben,A,A1,1,10
CIWX6CDLB0,1a,oben,A,A2,1,20
CIWX6CDLB0,1a,oben,A,A3,1,2
CIWX6CDLB0,1a,oben,A,A4,1,10
CIWX6CDLB0,1a,oben,A,A5,1,60
CIWX6CDLB0,1b,unten,L,L1,2,6
CIWX6CDLB0,1b,unten,L,L3,2,6
CIWX6CDLB0,1b,unten,L,L4,2,8
CIWX6CDLB0,1b,unten,L,L5,2,7
CIWX6CDLB0,2,oben,L,L1,3,2
CIWX6CDLB0,2,oben,L,L2,3,4
CIWX6CDLB0,2,oben,L,L3,3,1
CIWX6CDLB0,2,oben,L,L4,3,2
CIWX6CDLB0,2,oben,L,L5,3,5
YAbiu6cwr7,1a,oben,L,L1,2,29900
YAbiu6cwr7,1a,oben,L,L2,2,799
YAbiu6cwr7,1a,oben,L,L3,2,999
YAbiu6cwr7,1a,oben,L,L4,2,4500000
YAbiu6cwr7,1a,oben,L,L5,2,5999
YAbiu6cwr7,1b,oben,A,A1,1,8
YAbiu6cwr7,1b,oben,A,A2,1,6
YAbiu6cwr7,1b,oben,A,A4,1,9
YAbiu6cwr7,2,unten,A,A2,3,3
YAbiu6cwr7,2,unten,A,A3,3,1
YAbiu6cwr7,2,unten,A,A4,3,2
YAbiu6cwr7,2,unten,A,A5,3,2
3nWjUjaWt2,1a,unten,L,L1,3,1100
3nWjUjaWt2,1a,unten,L,L2,3,12
3nWjUjaWt2,1a,unten,L,L3,3,14.5
3nWjUjaWt2,1a,unten,L,L4,3,20000
3nWjUjaWt2,1a,unten,L,L5,3,80
3nWjUjaWt2,1b,oben,L,L1,1,6
3nWjUjaWt2,1b,oben,L,L2,1,9
3nWjUjaWt2,1b,oben,L,L3,1,6
3nWjUjaWt2,1b,oben,L,L4,1,9
3nWjUjaWt2,1b,oben,L,L5,1,9
3nWjUjaWt2,2,unten,L,L1,2,1
3nWjUjaWt2,2,unten,L,L2,2,1
3nWjUjaWt2,2,unten,L,L3,2,1
3nWjUjaWt2,2,unten,L,L4,2,1
3nWjUjaWt2,2,unten,L,L5,2,1
OdNemiYO2T,1a,oben,L,L1,1,150
OdNemiYO2T,1a,oben,L,L2,1,10
OdNemiYO2T,1a,oben,L,L3,1,10
OdNemiYO2T,1a,oben,L,L4,1,30
OdNemiYO2T,1a,oben,L,L5,1,30
OdNemiYO2T,1b,oben,L,L1,3,9
OdNemiYO2T,1b,oben,L,L2,3,9
OdNemiYO2T,1b,oben,L,L3,3,9
OdNemiYO2T,1b,oben,L,L4,3,9
OdNemiYO2T,1b,oben,L,L5,3,9
OdNemiYO2T,2,unten,L,L1,2,1
OdNemiYO2T,2,unten,L,L2,2,1
OdNemiYO2T,2,unten,L,L3,2,1
OdNemiYO2T,2,unten,L,L4,2,1
OdNemiYO2T,2,unten,L,L5,2,1
ZJZ2uUqJ2b,1a,oben,A,A1,1,2.5
ZJZ2uUqJ2b,1a,oben,A,A2,1,3.5
ZJZ2uUqJ2b,1a,oben,A,A3,1,2
ZJZ2uUqJ2b,1a,oben,A,A4,1,4.5
ZJZ2uUqJ2b,1a,oben,A,A5,1,39
ZJZ2uUqJ2b,1b,unten,A,A1,2,5
ZJZ2uUqJ2b,1b,unten,A,A2,2,7
ZJZ2uUqJ2b,1b,unten,A,A3,2,3
ZJZ2uUqJ2b,1b,unten,A,A4,2,6
ZJZ2uUqJ2b,1b,unten,A,A5,2,8
ZJZ2uUqJ2b,2,oben,L,L1,3,1
ZJZ2uUqJ2b,2,oben,L,L2,3,1
ZJZ2uUqJ2b,2,oben,L,L3,3,1
ZJZ2uUqJ2b,2,oben,L,L4,3,1
ZJZ2uUqJ2b,2,oben,L,L5,3,1
jU2lwlmnGq,1a,unten,A,A1,2,6
jU2lwlmnGq,1a,unten,A,A2,2,4
jU2lwlmnGq,1a,unten,A,A3,2,3
jU2lwlmnGq,1a,unten,A,A4,2,10
jU2lwlmnGq,1a,unten,A,A5,2,50
jU2lwlmnGq,1b,oben,A,A1,3,5
jU2lwlmnGq,1b,oben,A,A2,3,5
jU2lwlmnGq,1b,oben,A,A3,3,5
jU2lwlmnGq,1b,oben,A,A4,3,5
jU2lwlmnGq,1b,oben,A,A5,3,5
jU2lwlmnGq,2,unten,A,A1,1,5
jU2lwlmnGq,2,unten,A,A2,1,5
jU2lwlmnGq,2,unten,A,A3,1,5
jU2lwlmnGq,2,unten,A,A4,1,5
jU2lwlmnGq,2,unten,A,A5,1,5
QXkclcGdoR,5,oben,NA,item1,NA,6
QXkclcGdoR,5,unten,NA,item2,NA,4
QXkclcGdoR,5,niedrig,NA,item3,NA,6
QXkclcGdoR,5,hoeher,NA,item4,NA,4
j2zRmuLwo9,5,oben,NA,item1,NA,9
j2zRmuLwo9,5,unten,NA,item2,NA,1
j2zRmuLwo9,5,niedrig,NA,item3,NA,6
j2zRmuLwo9,5,hoeher,NA,item4,NA,6
SGjPmtCman,5,oben,NA,item1,NA,8
SGjPmtCman,5,unten,NA,item2,NA,1
SGjPmtCman,5,niedrig,NA,item3,NA,1
SGjPmtCman,5,hoeher,NA,item4,NA,9
T6wXjrfJlI,5,oben,NA,item1,NA,6
T6wXjrfJlI,5,unten,NA,item2,NA,3
T6wXjrfJlI,5,niedrig,NA,item3,NA,7
T6wXjrfJlI,5,hoeher,NA,item4,NA,7
yGWTOr1TxS,5,oben,NA,item1,NA,6
yGWTOr1TxS,5,unten,NA,item2,NA,4
yGWTOr1TxS,5,niedrig,NA,item3,NA,7
yGWTOr1TxS,5,hoeher,NA,item4,NA,6
RwKiPjRemv,5,oben,NA,item1,NA,9
RwKiPjRemv,5,unten,NA,item2,NA,1
RwKiPjRemv,5,niedrig,NA,item3,NA,9
RwKiPjRemv,5,hoeher,NA,item4,NA,8
5llljCu9h2,5,oben,NA,item1,NA,8
5llljCu9h2,5,unten,NA,item2,NA,1
5llljCu9h2,5,niedrig,NA,item3,NA,7
5llljCu9h2,5,hoeher,NA,item4,NA,3
mG1me99lDL,5,oben,NA,item1,NA,8
mG1me99lDL,5,unten,NA,item2,NA,2
mG1me99lDL,5,niedrig,NA,item3,NA,2
mG1me99lDL,5,hoeher,NA,item4,NA,6
0swpwQecG1,5,oben,NA,item1,NA,9
0swpwQecG1,5,unten,NA,item2,NA,1
0swpwQecG1,5,niedrig,NA,item3,NA,1
0swpwQecG1,5,hoeher,NA,item4,NA,9
Z5e3O5rxYd,5,oben,NA,item1,NA,7
Z5e3O5rxYd,5,unten,NA,item2,NA,2
Z5e3O5rxYd,5,niedrig,NA,item3,NA,6
Z5e3O5rxYd,5,hoeher,NA,item4,NA,7
cfWNQKlR53,5,oben,NA,item1,NA,7
cfWNQKlR53,5,unten,NA,item2,NA,3
cfWNQKlR53,5,niedrig,NA,item3,NA,4
cfWNQKlR53,5,hoeher,NA,item4,NA,6
BKpBRoKc8u,5,oben,NA,item1,NA,7
BKpBRoKc8u,5,unten,NA,item2,NA,3
BKpBRoKc8u,5,niedrig,NA,item3,NA,5
3GY0FVPrIJ,5,oben,NA,item1,NA,9
3GY0FVPrIJ,5,unten,NA,item2,NA,1
3GY0FVPrIJ,5,niedrig,NA,item3,NA,7
3GY0FVPrIJ,5,hoeher,NA,item4,NA,6
M8HTzw6aMc,5,oben,NA,item1,NA,8
M8HTzw6aMc,5,unten,NA,item2,NA,2
M8HTzw6aMc,5,niedrig,NA,item3,NA,5
M8HTzw6aMc,5,hoeher,NA,item4,NA,5
BJC60aYjg0,5,oben,NA,item1,NA,9
BJC60aYjg0,5,unten,NA,item2,NA,1
BJC60aYjg0,5,niedrig,NA,item3,NA,8
BJC60aYjg0,5,hoeher,NA,item4,NA,8
8XuzyEVR83,5,oben,NA,item1,NA,5
8XuzyEVR83,5,unten,NA,item2,NA,4
8XuzyEVR83,5,niedrig,NA,item3,NA,7
8XuzyEVR83,5,hoeher,NA,item4,NA,2
WvPxYL34Oa,5,oben,NA,item1,NA,6
WvPxYL34Oa,5,niedrig,NA,item3,NA,4
snI2zwPl2h,5,oben,NA,item1,NA,5
snI2zwPl2h,5,unten,NA,item2,NA,5
snI2zwPl2h,5,niedrig,NA,item3,NA,3
snI2zwPl2h,5,hoeher,NA,item4,NA,7
VrU6rudE4O,5,oben,NA,item1,NA,3
VrU6rudE4O,5,unten,NA,item2,NA,4
VrU6rudE4O,5,niedrig,NA,item3,NA,4
VrU6rudE4O,5,hoeher,NA,item4,NA,4
4ETybs6UPw,5,oben,NA,item1,NA,4
4ETybs6UPw,5,unten,NA,item2,NA,4
4ETybs6UPw,5,niedrig,NA,item3,NA,4
4ETybs6UPw,5,hoeher,NA,item4,NA,4
9t5x12nBci,5,oben,NA,item1,NA,7
9t5x12nBci,5,unten,NA,item2,NA,7
9t5x12nBci,5,niedrig,NA,item3,NA,3
9t5x12nBci,5,hoeher,NA,item4,NA,6
urmsle3GQ5,5,oben,NA,item1,NA,9
urmsle3GQ5,5,unten,NA,item2,NA,1
urmsle3GQ5,5,niedrig,NA,item3,NA,9
urmsle3GQ5,5,hoeher,NA,item4,NA,9
HHbwGfgZYd,5,oben,NA,item1,NA,7
HHbwGfgZYd,5,unten,NA,item2,NA,3
HHbwGfgZYd,5,niedrig,NA,item3,NA,8
HHbwGfgZYd,5,hoeher,NA,item4,NA,8
L0SaPXmhQD,5,oben,NA,item1,NA,9
L0SaPXmhQD,5,unten,NA,item2,NA,1
L0SaPXmhQD,5,niedrig,NA,item3,NA,9
L0SaPXmhQD,5,hoeher,NA,item4,NA,9
7nu4FVcb4z,5,oben,NA,item1,NA,7
7nu4FVcb4z,5,unten,NA,item2,NA,4
7nu4FVcb4z,5,niedrig,NA,item3,NA,7
7nu4FVcb4z,5,hoeher,NA,item4,NA,7
AqdUe9X9zW,5,niedrig,NA,item3,NA,8
AqdUe9X9zW,5,hoeher,NA,item4,NA,8
9DNR1Q74eB,5,unten,NA,item2,NA,5
9DNR1Q74eB,5,niedrig,NA,item3,NA,1
9DNR1Q74eB,5,hoeher,NA,item4,NA,2
pCf1nIrpGb,5,oben,NA,item1,NA,9
pCf1nIrpGb,5,unten,NA,item2,NA,1
pCf1nIrpGb,5,niedrig,NA,item3,NA,9
pCf1nIrpGb,5,hoeher,NA,item4,NA,9
B6FWlnQE7b,5,niedrig,NA,item3,NA,6
B6FWlnQE7b,5,hoeher,NA,item4,NA,6
QMshZTvyK0,5,oben,NA,item1,NA,8
QMshZTvyK0,5,unten,NA,item2,NA,1
QMshZTvyK0,5,niedrig,NA,item3,NA,9
QMshZTvyK0,5,hoeher,NA,item4,NA,9
kNqfpt5fDD,5,oben,NA,item1,NA,9
kNqfpt5fDD,5,unten,NA,item2,NA,1
kNqfpt5fDD,5,niedrig,NA,item3,NA,7
kNqfpt5fDD,5,hoeher,NA,item4,NA,7
zPaRlysSHN,5,oben,NA,item1,NA,5
zPaRlysSHN,5,niedrig,NA,item3,NA,7
zPaRlysSHN,5,hoeher,NA,item4,NA,7
m2YVwUhBOz,5,oben,NA,item1,NA,7
m2YVwUhBOz,5,unten,NA,item2,NA,4
m2YVwUhBOz,5,niedrig,NA,item3,NA,7
m2YVwUhBOz,5,hoeher,NA,item4,NA,7
H4Xow3Lop6,5,oben,NA,item1,NA,9
H4Xow3Lop6,5,unten,NA,item2,NA,1
H4Xow3Lop6,5,niedrig,NA,item3,NA,9
H4Xow3Lop6,5,hoeher,NA,item4,NA,9
RCxzRC7hKB,5,oben,NA,item1,NA,5
26hTwp0xMc,5,oben,NA,item1,NA,5
26hTwp0xMc,5,unten,NA,item2,NA,5
26hTwp0xMc,5,niedrig,NA,item3,NA,9
26hTwp0xMc,5,hoeher,NA,item4,NA,7
ECtfHyRi7e,5,oben,NA,item1,NA,9
ECtfHyRi7e,5,unten,NA,item2,NA,1
ECtfHyRi7e,5,niedrig,NA,item3,NA,8
ECtfHyRi7e,5,hoeher,NA,item4,NA,8
UTmJiSIpYf,5,oben,NA,item1,NA,9
UTmJiSIpYf,5,unten,NA,item2,NA,1
UTmJiSIpYf,5,niedrig,NA,item3,NA,1
UTmJiSIpYf,5,hoeher,NA,item4,NA,9
RsERZG0Ii6,5,oben,NA,item1,NA,7
RsERZG0Ii6,5,unten,NA,item2,NA,2
RsERZG0Ii6,5,niedrig,NA,item3,NA,8
RsERZG0Ii6,5,hoeher,NA,item4,NA,8
PZxyfKjoS8,5,oben,NA,item1,NA,8
PZxyfKjoS8,5,unten,NA,item2,NA,8
PZxyfKjoS8,5,niedrig,NA,item3,NA,8
PZxyfKjoS8,5,hoeher,NA,item4,NA,8
cLhjyVFtJq,5,oben,NA,item1,NA,8
cLhjyVFtJq,5,unten,NA,item2,NA,3
cLhjyVFtJq,5,niedrig,NA,item3,NA,4
cLhjyVFtJq,5,hoeher,NA,item4,NA,7
vYPRdS9Brq,5,niedrig,NA,item3,NA,6
vYPRdS9Brq,5,hoeher,NA,item4,NA,6
oL2XNSfsZf,5,oben,NA,item1,NA,1
oL2XNSfsZf,5,unten,NA,item2,NA,5
oL2XNSfsZf,5,niedrig,NA,item3,NA,9
oL2XNSfsZf,5,hoeher,NA,item4,NA,9
fR7EiRvuUk,5,oben,NA,item1,NA,9
fR7EiRvuUk,5,unten,NA,item2,NA,9
fR7EiRvuUk,5,niedrig,NA,item3,NA,9
fR7EiRvuUk,5,hoeher,NA,item4,NA,9
bvQ92J0fno,5,oben,NA,item1,NA,6
bvQ92J0fno,5,unten,NA,item2,NA,4
bvQ92J0fno,5,niedrig,NA,item3,NA,4
bvQ92J0fno,5,hoeher,NA,item4,NA,6
U3m7GAU5uj,5,oben,NA,item1,NA,3
U3m7GAU5uj,5,unten,NA,item2,NA,3
U3m7GAU5uj,5,niedrig,NA,item3,NA,2
U3m7GAU5uj,5,hoeher,NA,item4,NA,3
djrCJ5pqPV,5,oben,NA,item1,NA,9
djrCJ5pqPV,5,unten,NA,item2,NA,1
djrCJ5pqPV,5,niedrig,NA,item3,NA,9
djrCJ5pqPV,5,hoeher,NA,item4,NA,9
Aw9tmKhZVW,5,oben,NA,item1,NA,5
Aw9tmKhZVW,5,unten,NA,item2,NA,5
Aw9tmKhZVW,5,niedrig,NA,item3,NA,9
Aw9tmKhZVW,5,hoeher,NA,item4,NA,9
dXGhmCEXtQ,5,oben,NA,item1,NA,4
dXGhmCEXtQ,5,unten,NA,item2,NA,4
dXGhmCEXtQ,5,niedrig,NA,item3,NA,4
dXGhmCEXtQ,5,hoeher,NA,item4,NA,7
IHpsJ1hN6F,5,oben,NA,item1,NA,7
IHpsJ1hN6F,5,unten,NA,item2,NA,2
IHpsJ1hN6F,5,niedrig,NA,item3,NA,8
IHpsJ1hN6F,5,hoeher,NA,item4,NA,7
QwmeYPBnG0,5,oben,NA,item1,NA,9
QwmeYPBnG0,5,unten,NA,item2,NA,1
QwmeYPBnG0,5,niedrig,NA,item3,NA,9
QwmeYPBnG0,5,hoeher,NA,item4,NA,9
wZRBiD0YZA,5,oben,NA,item1,NA,7
wZRBiD0YZA,5,unten,NA,item2,NA,3
wZRBiD0YZA,5,niedrig,NA,item3,NA,7
wZRBiD0YZA,5,hoeher,NA,item4,NA,7
YR676UI3jz,5,oben,NA,item1,NA,7
YR676UI3jz,5,unten,NA,item2,NA,4
YR676UI3jz,5,niedrig,NA,item3,NA,7
YR676UI3jz,5,hoeher,NA,item4,NA,4
FpHhidXQV2,5,oben,NA,item1,NA,9
FpHhidXQV2,5,unten,NA,item2,NA,1
FpHhidXQV2,5,niedrig,NA,item3,NA,7
FpHhidXQV2,5,hoeher,NA,item4,NA,3
UBsMXYuYg9,5,oben,NA,item1,NA,9
UBsMXYuYg9,5,unten,NA,item2,NA,1
UBsMXYuYg9,5,niedrig,NA,item3,NA,7
UBsMXYuYg9,5,hoeher,NA,item4,NA,7
CTbCmRqm0s,5,oben,NA,item1,NA,5
3jVEF1xLey,5,oben,NA,item1,NA,8
3jVEF1xLey,5,unten,NA,item2,NA,2
3jVEF1xLey,5,niedrig,NA,item3,NA,9
3jVEF1xLey,5,hoeher,NA,item4,NA,9
POCbzVSDJf,5,oben,NA,item1,NA,9
POCbzVSDJf,5,unten,NA,item2,NA,1
POCbzVSDJf,5,niedrig,NA,item3,NA,2
POCbzVSDJf,5,hoeher,NA,item4,NA,2
kd1DOJZEw2,5,oben,NA,item1,NA,7
kd1DOJZEw2,5,unten,NA,item2,NA,5
kd1DOJZEw2,5,niedrig,NA,item3,NA,9
kd1DOJZEw2,5,hoeher,NA,item4,NA,9
JJ2laKAge0,5,oben,NA,item1,NA,9
JJ2laKAge0,5,unten,NA,item2,NA,3
JJ2laKAge0,5,niedrig,NA,item3,NA,7
JJ2laKAge0,5,hoeher,NA,item4,NA,7
Nre3V3DJqw,5,oben,NA,item1,NA,9
Nre3V3DJqw,5,unten,NA,item2,NA,1
Nre3V3DJqw,5,niedrig,NA,item3,NA,1
Nre3V3DJqw,5,hoeher,NA,item4,NA,1
03L6JTiGDv,5,niedrig,NA,item3,NA,3
03L6JTiGDv,5,hoeher,NA,item4,NA,7
LnASvg39Wy,5,oben,NA,item1,NA,9
LnASvg39Wy,5,unten,NA,item2,NA,1
LnASvg39Wy,5,niedrig,NA,item3,NA,9
LnASvg39Wy,5,hoeher,NA,item4,NA,9
2r7bHHZHgk,5,oben,NA,item1,NA,7
2r7bHHZHgk,5,unten,NA,item2,NA,2
2r7bHHZHgk,5,niedrig,NA,item3,NA,5
2r7bHHZHgk,5,hoeher,NA,item4,NA,7
E0SHPIEpyW,5,oben,NA,item1,NA,5
E0SHPIEpyW,5,unten,NA,item2,NA,5
8hNic1r4Ic,5,oben,NA,item1,NA,7
8hNic1r4Ic,5,unten,NA,item2,NA,1
8hNic1r4Ic,5,niedrig,NA,item3,NA,8
8hNic1r4Ic,5,hoeher,NA,item4,NA,8
uZfhpyx9j6,5,oben,NA,item1,NA,8
uZfhpyx9j6,5,unten,NA,item2,NA,3
uZfhpyx9j6,5,niedrig,NA,item3,NA,8
uZfhpyx9j6,5,hoeher,NA,item4,NA,8
sCoggMhdQM,5,oben,NA,item1,NA,5
sCoggMhdQM,5,unten,NA,item2,NA,5
sCoggMhdQM,5,niedrig,NA,item3,NA,2
sCoggMhdQM,5,hoeher,NA,item4,NA,4
bbMfIxCNXv,5,oben,NA,item1,NA,5
bbMfIxCNXv,5,unten,NA,item2,NA,6
bbMfIxCNXv,5,niedrig,NA,item3,NA,9
bbMfIxCNXv,5,hoeher,NA,item4,NA,9
JL60qd1urI,5,oben,NA,item1,NA,6
JL60qd1urI,5,unten,NA,item2,NA,4
JL60qd1urI,5,niedrig,NA,item3,NA,2
JL60qd1urI,5,hoeher,NA,item4,NA,6
rimVS3JDUy,5,oben,NA,item1,NA,6
rimVS3JDUy,5,unten,NA,item2,NA,4
rimVS3JDUy,5,niedrig,NA,item3,NA,6
rimVS3JDUy,5,hoeher,NA,item4,NA,6
nHhHTkNG4Y,5,oben,NA,item1,NA,7
nHhHTkNG4Y,5,unten,NA,item2,NA,2
nHhHTkNG4Y,5,niedrig,NA,item3,NA,9
nHhHTkNG4Y,5,hoeher,NA,item4,NA,8
31vzMkXql6,5,oben,NA,item1,NA,8
31vzMkXql6,5,unten,NA,item2,NA,3
31vzMkXql6,5,niedrig,NA,item3,NA,8
31vzMkXql6,5,hoeher,NA,item4,NA,8
nszgnENsKE,5,oben,NA,item1,NA,7
nszgnENsKE,5,unten,NA,item2,NA,2
nszgnENsKE,5,niedrig,NA,item3,NA,8
nszgnENsKE,5,hoeher,NA,item4,NA,8
Ax6KUNsfxT,5,oben,NA,item1,NA,9
Ax6KUNsfxT,5,unten,NA,item2,NA,3
Ax6KUNsfxT,5,niedrig,NA,item3,NA,3
Ax6KUNsfxT,5,hoeher,NA,item4,NA,8
1TbevTHTXd,5,oben,NA,item1,NA,7
1TbevTHTXd,5,unten,NA,item2,NA,4
1TbevTHTXd,5,niedrig,NA,item3,NA,6
1TbevTHTXd,5,hoeher,NA,item4,NA,7
nZPBmpev6Y,5,oben,NA,item1,NA,8
nZPBmpev6Y,5,unten,NA,item2,NA,2
nZPBmpev6Y,5,niedrig,NA,item3,NA,8
nZPBmpev6Y,5,hoeher,NA,item4,NA,7
5MdDDBJwH5,5,oben,NA,item1,NA,7
5MdDDBJwH5,5,unten,NA,item2,NA,3
5MdDDBJwH5,5,niedrig,NA,item3,NA,7
5MdDDBJwH5,5,hoeher,NA,item4,NA,7
ZgIySeaM5x,5,oben,NA,item1,NA,5
ZgIySeaM5x,5,unten,NA,item2,NA,5
ZgIySeaM5x,5,niedrig,NA,item3,NA,5
ZgIySeaM5x,5,hoeher,NA,item4,NA,5
Bx6STsacA8,5,oben,NA,item1,NA,9
Bx6STsacA8,5,unten,NA,item2,NA,1
Bx6STsacA8,5,niedrig,NA,item3,NA,7
Bx6STsacA8,5,hoeher,NA,item4,NA,7
ww2LIq45wp,5,oben,NA,item1,NA,9
ww2LIq45wp,5,unten,NA,item2,NA,9
ww2LIq45wp,5,niedrig,NA,item3,NA,9
ww2LIq45wp,5,hoeher,NA,item4,NA,9
VFx7ZRFCxz,5,oben,NA,item1,NA,5
VFx7ZRFCxz,5,niedrig,NA,item3,NA,5
VFx7ZRFCxz,5,hoeher,NA,item4,NA,6
fc95rAt4G4,5,oben,NA,item1,NA,7
fc95rAt4G4,5,unten,NA,item2,NA,2
fc95rAt4G4,5,niedrig,NA,item3,NA,2
fc95rAt4G4,5,hoeher,NA,item4,NA,8
V0AsOBHpZt,5,oben,NA,item1,NA,8
X7psCH5qtk,5,oben,NA,item1,NA,8
X7psCH5qtk,5,unten,NA,item2,NA,3
X7psCH5qtk,5,niedrig,NA,item3,NA,6
X7psCH5qtk,5,hoeher,NA,item4,NA,7
ODj3ahiBCK,5,oben,NA,item1,NA,9
ODj3ahiBCK,5,unten,NA,item2,NA,1
ODj3ahiBCK,5,niedrig,NA,item3,NA,6
ODj3ahiBCK,5,hoeher,NA,item4,NA,8
27nOnRftsf,5,oben,NA,item1,NA,7
27nOnRftsf,5,unten,NA,item2,NA,4
27nOnRftsf,5,niedrig,NA,item3,NA,6
27nOnRftsf,5,hoeher,NA,item4,NA,6
nzjf8irtsg,5,oben,NA,item1,NA,9
nzjf8irtsg,5,unten,NA,item2,NA,1
nzjf8irtsg,5,niedrig,NA,item3,NA,1
nzjf8irtsg,5,hoeher,NA,item4,NA,9
7YxLIhJRRP,5,oben,NA,item1,NA,9
7YxLIhJRRP,5,unten,NA,item2,NA,1
7YxLIhJRRP,5,niedrig,NA,item3,NA,9
7YxLIhJRRP,5,hoeher,NA,item4,NA,9
e2mL2kJM0C,5,oben,NA,item1,NA,2
e2mL2kJM0C,5,unten,NA,item2,NA,3
e2mL2kJM0C,5,niedrig,NA,item3,NA,2
LsyTDthBZp,5,oben,NA,item1,NA,8
LsyTDthBZp,5,unten,NA,item2,NA,2
LsyTDthBZp,5,niedrig,NA,item3,NA,7
LsyTDthBZp,5,hoeher,NA,item4,NA,7
Nd5XgPMdOV,5,oben,NA,item1,NA,5
Nd5XgPMdOV,5,unten,NA,item2,NA,5
Nd5XgPMdOV,5,niedrig,NA,item3,NA,5
Nd5XgPMdOV,5,hoeher,NA,item4,NA,5
XYipczt0X7,5,oben,NA,item1,NA,6
XYipczt0X7,5,niedrig,NA,item3,NA,9
XYipczt0X7,5,hoeher,NA,item4,NA,9
KsjX8vLTDr,5,oben,NA,item1,NA,6
KsjX8vLTDr,5,unten,NA,item2,NA,3
KsjX8vLTDr,5,niedrig,NA,item3,NA,5
KsjX8vLTDr,5,hoeher,NA,item4,NA,5
vtFulS1TPa,5,oben,NA,item1,NA,8
vtFulS1TPa,5,unten,NA,item2,NA,2
vtFulS1TPa,5,niedrig,NA,item3,NA,9
vtFulS1TPa,5,hoeher,NA,item4,NA,8
GCLMmZgexI,5,oben,NA,item1,NA,9
GCLMmZgexI,5,unten,NA,item2,NA,1
GCLMmZgexI,5,niedrig,NA,item3,NA,8
GCLMmZgexI,5,hoeher,NA,item4,NA,8
TxfGkNREgi,5,oben,NA,item1,NA,8
TxfGkNREgi,5,unten,NA,item2,NA,2
TxfGkNREgi,5,niedrig,NA,item3,NA,2
TxfGkNREgi,5,hoeher,NA,item4,NA,8
CshMf42pR2,5,oben,NA,item1,NA,8
CshMf42pR2,5,unten,NA,item2,NA,2
CshMf42pR2,5,niedrig,NA,item3,NA,8
CshMf42pR2,5,hoeher,NA,item4,NA,9
BsA9mZJwVE,5,oben,NA,item1,NA,9
BsA9mZJwVE,5,unten,NA,item2,NA,1
BsA9mZJwVE,5,niedrig,NA,item3,NA,7
BsA9mZJwVE,5,hoeher,NA,item4,NA,8
DoP4M7xYlC,5,oben,NA,item1,NA,7
DoP4M7xYlC,5,unten,NA,item2,NA,2
DoP4M7xYlC,5,niedrig,NA,item3,NA,7
DoP4M7xYlC,5,hoeher,NA,item4,NA,7
hjSshN9WR4,5,oben,NA,item1,NA,7
hjSshN9WR4,5,unten,NA,item2,NA,2
hjSshN9WR4,5,niedrig,NA,item3,NA,2
hjSshN9WR4,5,hoeher,NA,item4,NA,7
QETQ2xTKdt,5,oben,NA,item1,NA,8
QETQ2xTKdt,5,unten,NA,item2,NA,3
QETQ2xTKdt,5,niedrig,NA,item3,NA,8
QETQ2xTKdt,5,hoeher,NA,item4,NA,9
P9MhYF3Yyf,5,oben,NA,item1,NA,9
P9MhYF3Yyf,5,unten,NA,item2,NA,1
P9MhYF3Yyf,5,niedrig,NA,item3,NA,9
P9MhYF3Yyf,5,hoeher,NA,item4,NA,9
b6KfIIItNJ,5,oben,NA,item1,NA,6
b6KfIIItNJ,5,niedrig,NA,item3,NA,3
b6KfIIItNJ,5,hoeher,NA,item4,NA,3
GDVXpZTfbT,5,oben,NA,item1,NA,5
GDVXpZTfbT,5,unten,NA,item2,NA,5
GDVXpZTfbT,5,niedrig,NA,item3,NA,5
GDVXpZTfbT,5,hoeher,NA,item4,NA,5
m9m0ktyZjK,5,oben,NA,item1,NA,7
m9m0ktyZjK,5,unten,NA,item2,NA,4
m9m0ktyZjK,5,niedrig,NA,item3,NA,7
m9m0ktyZjK,5,hoeher,NA,item4,NA,8
OeJMHSbBXu,5,oben,NA,item1,NA,5
OeJMHSbBXu,5,unten,NA,item2,NA,5
OeJMHSbBXu,5,niedrig,NA,item3,NA,8
OeJMHSbBXu,5,hoeher,NA,item4,NA,7
dwIgBfNbXg,5,oben,NA,item1,NA,9
dwIgBfNbXg,5,unten,NA,item2,NA,1
dwIgBfNbXg,5,niedrig,NA,item3,NA,9
dwIgBfNbXg,5,hoeher,NA,item4,NA,9
Fw5MbOQSKn,5,oben,NA,item1,NA,7
Fw5MbOQSKn,5,unten,NA,item2,NA,7
Fw5MbOQSKn,5,niedrig,NA,item3,NA,3
Fw5MbOQSKn,5,hoeher,NA,item4,NA,3
yZa6tPDPpz,5,oben,NA,item1,NA,9
yZa6tPDPpz,5,unten,NA,item2,NA,1
yZa6tPDPpz,5,niedrig,NA,item3,NA,1
yZa6tPDPpz,5,hoeher,NA,item4,NA,9
KTaG6ewJcz,5,oben,NA,item1,NA,8
KTaG6ewJcz,5,unten,NA,item2,NA,2
KTaG6ewJcz,5,niedrig,NA,item3,NA,3
KTaG6ewJcz,5,hoeher,NA,item4,NA,8
gbsOiqud7a,5,oben,NA,item1,NA,7
gbsOiqud7a,5,unten,NA,item2,NA,3
gbsOiqud7a,5,niedrig,NA,item3,NA,7
gbsOiqud7a,5,hoeher,NA,item4,NA,7
C2NLWRTyGp,5,oben,NA,item1,NA,1
C2NLWRTyGp,5,unten,NA,item2,NA,1
C2NLWRTyGp,5,niedrig,NA,item3,NA,9
C2NLWRTyGp,5,hoeher,NA,item4,NA,1
cxa6LYTi1C,5,oben,NA,item1,NA,8
cxa6LYTi1C,5,unten,NA,item2,NA,2
cxa6LYTi1C,5,niedrig,NA,item3,NA,7
cxa6LYTi1C,5,hoeher,NA,item4,NA,8
lRKUVFeozG,5,oben,NA,item1,NA,8
lRKUVFeozG,5,unten,NA,item2,NA,2
lRKUVFeozG,5,niedrig,NA,item3,NA,6
lRKUVFeozG,5,hoeher,NA,item4,NA,8
cbFzLKvvnJ,5,oben,NA,item1,NA,7
cbFzLKvvnJ,5,unten,NA,item2,NA,2
cbFzLKvvnJ,5,niedrig,NA,item3,NA,9
cbFzLKvvnJ,5,hoeher,NA,item4,NA,9
tL2THjNZ9K,5,oben,NA,item1,NA,3
tL2THjNZ9K,5,unten,NA,item2,NA,3
tL2THjNZ9K,5,niedrig,NA,item3,NA,6
goh0ookhgt,5,oben,NA,item1,NA,8
goh0ookhgt,5,unten,NA,item2,NA,2
goh0ookhgt,5,niedrig,NA,item3,NA,5
goh0ookhgt,5,hoeher,NA,item4,NA,5
RCsLU4MnHI,5,oben,NA,item1,NA,1
RCsLU4MnHI,5,unten,NA,item2,NA,9
qLHjUgbmPa,5,oben,NA,item1,NA,7
qLHjUgbmPa,5,unten,NA,item2,NA,4
qLHjUgbmPa,5,niedrig,NA,item3,NA,8
qLHjUgbmPa,5,hoeher,NA,item4,NA,8
udZHrWbMJu,5,oben,NA,item1,NA,9
udZHrWbMJu,5,unten,NA,item2,NA,1
udZHrWbMJu,5,niedrig,NA,item3,NA,9
udZHrWbMJu,5,hoeher,NA,item4,NA,9
zHyP1cqS85,5,niedrig,NA,item3,NA,6
zHyP1cqS85,5,hoeher,NA,item4,NA,4
hprKKWhYZh,5,oben,NA,item1,NA,7
hprKKWhYZh,5,unten,NA,item2,NA,4
hprKKWhYZh,5,niedrig,NA,item3,NA,7
hprKKWhYZh,5,hoeher,NA,item4,NA,6
yrb3QNYKXK,5,oben,NA,item1,NA,9
yrb3QNYKXK,5,unten,NA,item2,NA,1
yrb3QNYKXK,5,niedrig,NA,item3,NA,1
yrb3QNYKXK,5,hoeher,NA,item4,NA,9
O4UrSoE3yG,5,oben,NA,item1,NA,9
O4UrSoE3yG,5,unten,NA,item2,NA,9
O4UrSoE3yG,5,niedrig,NA,item3,NA,9
O4UrSoE3yG,5,hoeher,NA,item4,NA,9
kefgzeyVMm,5,oben,NA,item1,NA,6
kefgzeyVMm,5,unten,NA,item2,NA,4
kefgzeyVMm,5,niedrig,NA,item3,NA,7
kefgzeyVMm,5,hoeher,NA,item4,NA,7
fk4PZxlVmU,5,oben,NA,item1,NA,8
fk4PZxlVmU,5,unten,NA,item2,NA,2
fk4PZxlVmU,5,niedrig,NA,item3,NA,7
fk4PZxlVmU,5,hoeher,NA,item4,NA,7
G9aUdEX1rk,5,oben,NA,item1,NA,8
G9aUdEX1rk,5,unten,NA,item2,NA,2
G9aUdEX1rk,5,niedrig,NA,item3,NA,8
U1BTRBn9vT,5,oben,NA,item1,NA,9
U1BTRBn9vT,5,unten,NA,item2,NA,9
U1BTRBn9vT,5,niedrig,NA,item3,NA,9
U1BTRBn9vT,5,hoeher,NA,item4,NA,9
wPG1Xwfe0S,5,oben,NA,item1,NA,9
wPG1Xwfe0S,5,unten,NA,item2,NA,1
wPG1Xwfe0S,5,niedrig,NA,item3,NA,9
wPG1Xwfe0S,5,hoeher,NA,item4,NA,9
WBhxcMYzZV,5,oben,NA,item1,NA,9
WBhxcMYzZV,5,unten,NA,item2,NA,1
WBhxcMYzZV,5,niedrig,NA,item3,NA,8
WBhxcMYzZV,5,hoeher,NA,item4,NA,8
ABfTWpN7zx,5,oben,NA,item1,NA,5
ABfTWpN7zx,5,niedrig,NA,item3,NA,1
ABfTWpN7zx,5,hoeher,NA,item4,NA,1
WhD9agm6Hy,5,oben,NA,item1,NA,6
WhD9agm6Hy,5,unten,NA,item2,NA,4
WhD9agm6Hy,5,niedrig,NA,item3,NA,4
WhD9agm6Hy,5,hoeher,NA,item4,NA,6
mEhN5XeiSt,5,oben,NA,item1,NA,7
mEhN5XeiSt,5,unten,NA,item2,NA,3
mEhN5XeiSt,5,niedrig,NA,item3,NA,3
mEhN5XeiSt,5,hoeher,NA,item4,NA,7
QDRee0swlF,5,oben,NA,item1,NA,6
QDRee0swlF,5,unten,NA,item2,NA,4
IKa2Frf6EA,5,oben,NA,item1,NA,5
IKa2Frf6EA,5,unten,NA,item2,NA,5
IKa2Frf6EA,5,niedrig,NA,item3,NA,5
IKa2Frf6EA,5,hoeher,NA,item4,NA,5
tlUvf4HIq5,5,oben,NA,item1,NA,7
tlUvf4HIq5,5,unten,NA,item2,NA,2
tlUvf4HIq5,5,niedrig,NA,item3,NA,7
tlUvf4HIq5,5,hoeher,NA,item4,NA,7
70kA1pwQAL,5,oben,NA,item1,NA,9
70kA1pwQAL,5,unten,NA,item2,NA,1
70kA1pwQAL,5,niedrig,NA,item3,NA,9
70kA1pwQAL,5,hoeher,NA,item4,NA,9
wj85PzlmbZ,5,oben,NA,item1,NA,8
wj85PzlmbZ,5,unten,NA,item2,NA,2
wj85PzlmbZ,5,niedrig,NA,item3,NA,7
wj85PzlmbZ,5,hoeher,NA,item4,NA,7
6AFVixQxF5,5,oben,NA,item1,NA,9
6AFVixQxF5,5,unten,NA,item2,NA,1
6AFVixQxF5,5,niedrig,NA,item3,NA,5
PBHmAJaIdz,5,oben,NA,item1,NA,8
PBHmAJaIdz,5,unten,NA,item2,NA,2
PBHmAJaIdz,5,niedrig,NA,item3,NA,2
PBHmAJaIdz,5,hoeher,NA,item4,NA,8
EVcJtLbk3j,5,oben,NA,item1,NA,5
26FteJkMAC,5,oben,NA,item1,NA,9
26FteJkMAC,5,unten,NA,item2,NA,1
26FteJkMAC,5,niedrig,NA,item3,NA,9
26FteJkMAC,5,hoeher,NA,item4,NA,9
CAeD0SYik4,5,oben,NA,item1,NA,2
CAeD0SYik4,5,unten,NA,item2,NA,8
CAeD0SYik4,5,niedrig,NA,item3,NA,2
CAeD0SYik4,5,hoeher,NA,item4,NA,2
dAG4x9l9fA,5,oben,NA,item1,NA,7
dAG4x9l9fA,5,unten,NA,item2,NA,3
dAG4x9l9fA,5,niedrig,NA,item3,NA,8
dAG4x9l9fA,5,hoeher,NA,item4,NA,8
1BTiYs17jZ,5,oben,NA,item1,NA,5
1BTiYs17jZ,5,niedrig,NA,item3,NA,9
1BTiYs17jZ,5,hoeher,NA,item4,NA,9
DqARVrUkFf,5,oben,NA,item1,NA,8
DqARVrUkFf,5,unten,NA,item2,NA,2
DqARVrUkFf,5,niedrig,NA,item3,NA,8
DqARVrUkFf,5,hoeher,NA,item4,NA,8
ijy3nmlt4A,5,oben,NA,item1,NA,8
ijy3nmlt4A,5,unten,NA,item2,NA,1
ijy3nmlt4A,5,niedrig,NA,item3,NA,9
ijy3nmlt4A,5,hoeher,NA,item4,NA,9
ckiRpznlNU,5,oben,NA,item1,NA,9
ckiRpznlNU,5,unten,NA,item2,NA,1
ckiRpznlNU,5,niedrig,NA,item3,NA,5
ckiRpznlNU,5,hoeher,NA,item4,NA,6
VSwkc86FxL,5,oben,NA,item1,NA,9
VSwkc86FxL,5,unten,NA,item2,NA,1
VSwkc86FxL,5,niedrig,NA,item3,NA,1
VSwkc86FxL,5,hoeher,NA,item4,NA,9
1bxTrLzlEA,5,oben,NA,item1,NA,8
1bxTrLzlEA,5,unten,NA,item2,NA,3
1bxTrLzlEA,5,niedrig,NA,item3,NA,7
1bxTrLzlEA,5,hoeher,NA,item4,NA,7
gcGRfoN9WV,5,oben,NA,item1,NA,9
gcGRfoN9WV,5,unten,NA,item2,NA,1
gcGRfoN9WV,5,niedrig,NA,item3,NA,9
gcGRfoN9WV,5,hoeher,NA,item4,NA,9
1nzlFkSr8j,5,oben,NA,item1,NA,9
1nzlFkSr8j,5,unten,NA,item2,NA,1
1nzlFkSr8j,5,niedrig,NA,item3,NA,9
1nzlFkSr8j,5,hoeher,NA,item4,NA,9
zesu4amD5f,5,oben,NA,item1,NA,8
zesu4amD5f,5,unten,NA,item2,NA,2
zesu4amD5f,5,niedrig,NA,item3,NA,3
zesu4amD5f,5,hoeher,NA,item4,NA,7
fN55e00EQ4,5,oben,NA,item1,NA,5
fN55e00EQ4,5,unten,NA,item2,NA,5
fN55e00EQ4,5,niedrig,NA,item3,NA,9
fN55e00EQ4,5,hoeher,NA,item4,NA,9
qxPg7ZzBoB,5,oben,NA,item1,NA,9
qxPg7ZzBoB,5,unten,NA,item2,NA,1
qxPg7ZzBoB,5,niedrig,NA,item3,NA,8
qxPg7ZzBoB,5,hoeher,NA,item4,NA,9
QuHomkUUCh,5,oben,NA,item1,NA,9
QuHomkUUCh,5,unten,NA,item2,NA,1
QuHomkUUCh,5,niedrig,NA,item3,NA,5
QuHomkUUCh,5,hoeher,NA,item4,NA,5
6grrzTYMFc,5,oben,NA,item1,NA,7
6grrzTYMFc,5,niedrig,NA,item3,NA,4
6grrzTYMFc,5,hoeher,NA,item4,NA,4
sDrUZ6uRyu,5,unten,NA,item2,NA,5
sDrUZ6uRyu,5,niedrig,NA,item3,NA,6
sDrUZ6uRyu,5,hoeher,NA,item4,NA,6
9bHgxBgBFI,5,oben,NA,item1,NA,7
9bHgxBgBFI,5,unten,NA,item2,NA,3
9bHgxBgBFI,5,niedrig,NA,item3,NA,8
9bHgxBgBFI,5,hoeher,NA,item4,NA,7
Diqil3fA1j,5,oben,NA,item1,NA,6
Diqil3fA1j,5,unten,NA,item2,NA,4
Diqil3fA1j,5,niedrig,NA,item3,NA,7
Diqil3fA1j,5,hoeher,NA,item4,NA,7
PG3H1eJclO,5,oben,NA,item1,NA,5
PG3H1eJclO,5,unten,NA,item2,NA,5
PG3H1eJclO,5,niedrig,NA,item3,NA,9
PG3H1eJclO,5,hoeher,NA,item4,NA,9
2WSK5qDAAi,5,oben,NA,item1,NA,7
2WSK5qDAAi,5,unten,NA,item2,NA,3
2WSK5qDAAi,5,niedrig,NA,item3,NA,7
2WSK5qDAAi,5,hoeher,NA,item4,NA,7
GuQ7OnNiZL,5,oben,NA,item1,NA,9
GuQ7OnNiZL,5,unten,NA,item2,NA,1
GuQ7OnNiZL,5,niedrig,NA,item3,NA,9
GuQ7OnNiZL,5,hoeher,NA,item4,NA,9
ZCfuyUnCuS,5,oben,NA,item1,NA,8
ZCfuyUnCuS,5,unten,NA,item2,NA,3
ZCfuyUnCuS,5,niedrig,NA,item3,NA,7
ZCfuyUnCuS,5,hoeher,NA,item4,NA,3
DcUDhgAhG6,5,oben,NA,item1,NA,7
DcUDhgAhG6,5,unten,NA,item2,NA,2
DcUDhgAhG6,5,niedrig,NA,item3,NA,7
DcUDhgAhG6,5,hoeher,NA,item4,NA,2
pFwIm77JYw,5,oben,NA,item1,NA,9
pFwIm77JYw,5,unten,NA,item2,NA,1
pFwIm77JYw,5,niedrig,NA,item3,NA,9
pFwIm77JYw,5,hoeher,NA,item4,NA,9
2c7OsbKQYd,5,oben,NA,item1,NA,7
2c7OsbKQYd,5,unten,NA,item2,NA,3
2c7OsbKQYd,5,niedrig,NA,item3,NA,8
2c7OsbKQYd,5,hoeher,NA,item4,NA,8
RuDq1QpVHo,5,oben,NA,item1,NA,6
RuDq1QpVHo,5,unten,NA,item2,NA,4
RuDq1QpVHo,5,niedrig,NA,item3,NA,8
RuDq1QpVHo,5,hoeher,NA,item4,NA,8
CLR1LO8lof,5,oben,NA,item1,NA,8
CLR1LO8lof,5,unten,NA,item2,NA,2
CLR1LO8lof,5,niedrig,NA,item3,NA,2
CLR1LO8lof,5,hoeher,NA,item4,NA,8
ESYXpLuPVe,5,oben,NA,item1,NA,6
ESYXpLuPVe,5,unten,NA,item2,NA,3
ESYXpLuPVe,5,niedrig,NA,item3,NA,8
ESYXpLuPVe,5,hoeher,NA,item4,NA,8
Z2BxYBIo1L,5,oben,NA,item1,NA,7
Z2BxYBIo1L,5,unten,NA,item2,NA,3
Z2BxYBIo1L,5,niedrig,NA,item3,NA,6
Z2BxYBIo1L,5,hoeher,NA,item4,NA,4
yJKPJ4iw52,5,oben,NA,item1,NA,7
yJKPJ4iw52,5,unten,NA,item2,NA,3
yJKPJ4iw52,5,niedrig,NA,item3,NA,8
yJKPJ4iw52,5,hoeher,NA,item4,NA,8
mXYt2Yj3bn,5,oben,NA,item1,NA,6
mXYt2Yj3bn,5,unten,NA,item2,NA,4
mXYt2Yj3bn,5,niedrig,NA,item3,NA,7
mXYt2Yj3bn,5,hoeher,NA,item4,NA,7
lKSdXX5rbT,5,oben,NA,item1,NA,8
lKSdXX5rbT,5,unten,NA,item2,NA,2
lKSdXX5rbT,5,niedrig,NA,item3,NA,1
lKSdXX5rbT,5,hoeher,NA,item4,NA,8
HqSInNQTk9,5,oben,NA,item1,NA,9
HqSInNQTk9,5,unten,NA,item2,NA,1
HqSInNQTk9,5,niedrig,NA,item3,NA,8
HqSInNQTk9,5,hoeher,NA,item4,NA,8
zpawW9LmKV,5,oben,NA,item1,NA,9
zpawW9LmKV,5,unten,NA,item2,NA,1
zpawW9LmKV,5,niedrig,NA,item3,NA,5
zpawW9LmKV,5,hoeher,NA,item4,NA,5
04fx1WMwF5,5,oben,NA,item1,NA,8
04fx1WMwF5,5,unten,NA,item2,NA,8
04fx1WMwF5,5,niedrig,NA,item3,NA,8
04fx1WMwF5,5,hoeher,NA,item4,NA,8
twbbRagLEY,5,oben,NA,item1,NA,8
twbbRagLEY,5,unten,NA,item2,NA,2
twbbRagLEY,5,niedrig,NA,item3,NA,8
twbbRagLEY,5,hoeher,NA,item4,NA,2
b3oKN9ZanI,5,oben,NA,item1,NA,8
b3oKN9ZanI,5,unten,NA,item2,NA,3
b3oKN9ZanI,5,niedrig,NA,item3,NA,7
b3oKN9ZanI,5,hoeher,NA,item4,NA,4
q4NOtROq3q,5,oben,NA,item1,NA,7
q4NOtROq3q,5,unten,NA,item2,NA,2
q4NOtROq3q,5,niedrig,NA,item3,NA,8
q4NOtROq3q,5,hoeher,NA,item4,NA,8
maX3SmSQ9u,5,oben,NA,item1,NA,7
maX3SmSQ9u,5,unten,NA,item2,NA,4
maX3SmSQ9u,5,niedrig,NA,item3,NA,6
maX3SmSQ9u,5,hoeher,NA,item4,NA,7
VTdEUVIniy,5,oben,NA,item1,NA,8
VTdEUVIniy,5,unten,NA,item2,NA,2
VTdEUVIniy,5,niedrig,NA,item3,NA,9
VTdEUVIniy,5,hoeher,NA,item4,NA,9
2ws9VQzE0B,5,oben,NA,item1,NA,7
2ws9VQzE0B,5,unten,NA,item2,NA,3
2ws9VQzE0B,5,niedrig,NA,item3,NA,8
2ws9VQzE0B,5,hoeher,NA,item4,NA,7
MftEMsa3Il,5,oben,NA,item1,NA,5
MftEMsa3Il,5,unten,NA,item2,NA,5
MftEMsa3Il,5,niedrig,NA,item3,NA,8
MftEMsa3Il,5,hoeher,NA,item4,NA,8
55P8xPUl82,5,oben,NA,item1,NA,7
55P8xPUl82,5,unten,NA,item2,NA,2
55P8xPUl82,5,niedrig,NA,item3,NA,7
55P8xPUl82,5,hoeher,NA,item4,NA,7
wuvmDQAiCk,5,oben,NA,item1,NA,6
wuvmDQAiCk,5,unten,NA,item2,NA,3
wuvmDQAiCk,5,niedrig,NA,item3,NA,3
wuvmDQAiCk,5,hoeher,NA,item4,NA,2
ic8d7H6iWq,5,oben,NA,item1,NA,9
ic8d7H6iWq,5,unten,NA,item2,NA,1
ic8d7H6iWq,5,niedrig,NA,item3,NA,7
ic8d7H6iWq,5,hoeher,NA,item4,NA,8
Jh3FMa7ILy,5,oben,NA,item1,NA,7
Jh3FMa7ILy,5,unten,NA,item2,NA,3
t6OoMSY9Ip,5,oben,NA,item1,NA,9
t6OoMSY9Ip,5,unten,NA,item2,NA,1
t6OoMSY9Ip,5,niedrig,NA,item3,NA,9
t6OoMSY9Ip,5,hoeher,NA,item4,NA,9
IPbtWUuaKk,5,oben,NA,item1,NA,4
IPbtWUuaKk,5,niedrig,NA,item3,NA,8
IPbtWUuaKk,5,hoeher,NA,item4,NA,8
PI7JDcPAsj,5,oben,NA,item1,NA,8
PI7JDcPAsj,5,unten,NA,item2,NA,2
PI7JDcPAsj,5,niedrig,NA,item3,NA,8
PI7JDcPAsj,5,hoeher,NA,item4,NA,9
Bpb95gOFc6,5,oben,NA,item1,NA,8
Bpb95gOFc6,5,unten,NA,item2,NA,2
Bpb95gOFc6,5,niedrig,NA,item3,NA,8
Bpb95gOFc6,5,hoeher,NA,item4,NA,8
DYrddOWEq2,5,oben,NA,item1,NA,7
DYrddOWEq2,5,unten,NA,item2,NA,3
DYrddOWEq2,5,niedrig,NA,item3,NA,8
DYrddOWEq2,5,hoeher,NA,item4,NA,8
MsqdbGeQe7,5,oben,NA,item1,NA,6
MsqdbGeQe7,5,unten,NA,item2,NA,4
MsqdbGeQe7,5,niedrig,NA,item3,NA,7
MsqdbGeQe7,5,hoeher,NA,item4,NA,7
UBmYMDSb6m,5,oben,NA,item1,NA,5
UBmYMDSb6m,5,niedrig,NA,item3,NA,3
UBmYMDSb6m,5,hoeher,NA,item4,NA,6
05Tt8MhhbE,5,oben,NA,item1,NA,8
05Tt8MhhbE,5,unten,NA,item2,NA,2
05Tt8MhhbE,5,niedrig,NA,item3,NA,4
05Tt8MhhbE,5,hoeher,NA,item4,NA,9
qJKLyMif4F,5,oben,NA,item1,NA,7
qJKLyMif4F,5,unten,NA,item2,NA,3
qJKLyMif4F,5,niedrig,NA,item3,NA,7
qJKLyMif4F,5,hoeher,NA,item4,NA,7
hDk0vZRqm1,5,oben,NA,item1,NA,9
hDk0vZRqm1,5,unten,NA,item2,NA,1
hDk0vZRqm1,5,niedrig,NA,item3,NA,9
hDk0vZRqm1,5,hoeher,NA,item4,NA,9
XzbQTjmXfx,5,oben,NA,item1,NA,7
XzbQTjmXfx,5,unten,NA,item2,NA,3
XzbQTjmXfx,5,niedrig,NA,item3,NA,7
XzbQTjmXfx,5,hoeher,NA,item4,NA,7
L9d72DMFfZ,5,oben,NA,item1,NA,4
L9d72DMFfZ,5,niedrig,NA,item3,NA,5
L9d72DMFfZ,5,hoeher,NA,item4,NA,5
ZHWW7uRYGZ,5,oben,NA,item1,NA,9
ZHWW7uRYGZ,5,unten,NA,item2,NA,1
ZHWW7uRYGZ,5,niedrig,NA,item3,NA,1
ZHWW7uRYGZ,5,hoeher,NA,item4,NA,9
pncCAHiEP9,5,oben,NA,item1,NA,8
pncCAHiEP9,5,unten,NA,item2,NA,2
pncCAHiEP9,5,niedrig,NA,item3,NA,9
pncCAHiEP9,5,hoeher,NA,item4,NA,7
3mAKMFBj91,5,oben,NA,item1,NA,9
3mAKMFBj91,5,unten,NA,item2,NA,1
3mAKMFBj91,5,niedrig,NA,item3,NA,9
3mAKMFBj91,5,hoeher,NA,item4,NA,9
CIWX6CDLB0,5,oben,NA,item1,NA,9
CIWX6CDLB0,5,unten,NA,item2,NA,1
CIWX6CDLB0,5,niedrig,NA,item3,NA,9
CIWX6CDLB0,5,hoeher,NA,item4,NA,9
YAbiu6cwr7,5,oben,NA,item1,NA,8
YAbiu6cwr7,5,unten,NA,item2,NA,2
YAbiu6cwr7,5,niedrig,NA,item3,NA,2
YAbiu6cwr7,5,hoeher,NA,item4,NA,8
3nWjUjaWt2,5,oben,NA,item1,NA,9
3nWjUjaWt2,5,unten,NA,item2,NA,1
3nWjUjaWt2,5,niedrig,NA,item3,NA,1
3nWjUjaWt2,5,hoeher,NA,item4,NA,9
OdNemiYO2T,5,oben,NA,item1,NA,9
OdNemiYO2T,5,unten,NA,item2,NA,1
OdNemiYO2T,5,niedrig,NA,item3,NA,8
OdNemiYO2T,5,hoeher,NA,item4,NA,8
ZJZ2uUqJ2b,5,oben,NA,item1,NA,7
ZJZ2uUqJ2b,5,unten,NA,item2,NA,2
ZJZ2uUqJ2b,5,niedrig,NA,item3,NA,8
ZJZ2uUqJ2b,5,hoeher,NA,item4,NA,8
jU2lwlmnGq,5,oben,NA,item1,NA,6
jU2lwlmnGq,5,unten,NA,item2,NA,4
jU2lwlmnGq,5,niedrig,NA,item3,NA,6
jU2lwlmnGq,5,hoeher,NA,item4,NA,4
