ID,Status,Progress,Duration (in seconds),Finished,DistributionChannel,UserLanguage,job,consent,S3_kJ_Q1 ,S3_kJ_Q2,S3_kJ_Q3,S3_kJ_Q4,S3_kJ_Q5,S3_kJ_Q6,S3_kJ_Q7,S3_kcal_Q1,S3_kcal_Q2,S3_kcal_Q3,S3_kcal_Q4,S3_kcal_Q5,S3_kcal_Q6,S3_kcal_Q7,K_1,S4_ET_Q1,S4_ET_Q2,S4_ET_Q3,S4_ET_Q4,S4_ET_Q5,S4_ET_Q6,S4_ET_Q7,S4_ET_Q8,S4_ET_Q9,S4_ET_Q10,S4_EM_Q1,S4_EM_Q2,S4_EM_Q3,S4_EM_Q4,S4_EM_Q5,S4_EM_Q6,S4_EM_Q7,S4_EM_Q8,S4_EM_Q9,S4_EM_Q10,S4_AET_Q1,S4_AET_Q2,S4_AET_Q3,S4_AET_Q4,S4_AET_Q5,S4_AET_Q6,S4_AET_Q7,S4_AET_Q8,S4_AET_Q9,S4_AET_Q10,Kontrollfrage,S4_AEM_Q1,S4_AEM_Q2,S4_AEM_Q3,S4_AEM_Q4,S4_AEM_Q5,S4_AEM_Q6,S4_AEM_Q7,S4_AEM_Q8,S4_AEM_Q9,S4_AEM_Q10,K_2,Manipulation_Q1 _1,Interesse_Q1 _1,K_3,Feedback_Q1,Feedback_Q2,Feedback_Q3
bZhE6AZEbh,IP Address,100,295,TRUE,anonymous,EN,Ja,"Ja, ich stimme zu",Snickers (2042 kJ),Zweifel Vaya Bean Salt Chips (1779 kJ),Isey Skyr Heidelbeere (432 kJ),Zweifel Paprika Chips (2695 kJ),Kinder Bueno (2376 kJ),Schokopudding (502 kJ),Zweifel Paprika Chips (2147 kJ),NA,NA,NA,NA,NA,NA,NA,Blau,NA,NA,NA,NA,NA,NA,NA,NA,NA,NA,"Expresslieferung, 2 Monate früher, CHF 969.00","Standardlieferung, 2 Monate, CHF 1299.00","Standardlieferung, 2 Monate, CHF 999.00","Standardlieferung, 2 Monate, CHF 499.00","Standardlieferung, 4 Monate, CHF 1199.00","Standardlieferung, 2 Monate, CHF 399.00","Standardlieferung, 3 Monate, CHF 1899.00","Standardlieferung, 4 Monate, CHF 1499.00","Standardlieferung, 6 Monate, CHF 999.00","Standardlieferung, 6 Monate, CHF 35'000.00",NA,NA,NA,NA,NA,NA,NA,NA,NA,NA,NA,NA,NA,NA,NA,NA,NA,NA,NA,NA,NA,fliegen,eher wenig,teils/teils,2,Nein,Bauchgefühl,"Die reine Energieangabe in kJ hat keinerlei Aussagekraft, für eine fundierte Entscheidung sind die Nährwerte und Zutaten viel wichtiger als die reine Energierechnung"
lFr7paAYHR,IP Address,100,234,TRUE,anonymous,EN,Nein,"Ja, ich stimme zu",NA,NA,NA,NA,NA,NA,NA,Snickers (488 kcal),Trauben (69 kcal),Isey Skyr Heidelbeere (129 kcal),Banane (107 kcal),Kinder Bueno (560 kcal),Schokopudding (120 kcal),Zweifel Paprika Chips (515 kcal),Blau,NA,NA,NA,NA,NA,NA,NA,NA,NA,NA,NA,NA,NA,NA,NA,NA,NA,NA,NA,NA,NA,NA,NA,NA,NA,NA,NA,NA,NA,NA,NA,"Standardlieferung, 4 Monate, CHF 899.00","Standardlieferung, 2 Monate, CHF 1299.00","Expresslieferung, 1 Monat früher, CHF 1069.00","Standardlieferung, 2 Monate, CHF 499.00","Standardlieferung, 4 Monate, CHF 1199.00","Standardlieferung, 2 Monate, CHF 399.00","Expresslieferung, 1 Monat früher, CHF 2019.00","Expresslieferung, 2 Monate früher, CHF 1619.00","Expresslieferung, 2 Monate früher, CHF 1089.00","Expresslieferung, 2 Monate früher, CHF 36'500.00",fliegen,teils/teils,teils/teils,2,Nein,NA,NA
2N7hNbxfc3,IP Address,1,4,FALSE,anonymous,EN,NA,NA,NA,NA,NA,NA,NA,NA,NA,NA,NA,NA,NA,NA,NA,NA,NA,NA,NA,NA,NA,NA,NA,NA,NA,NA,NA,NA,NA,NA,NA,NA,NA,NA,NA,NA,NA,NA,NA,NA,NA,NA,NA,NA,NA,NA,NA,NA,NA,NA,NA,NA,NA,NA,NA,NA,NA,NA,NA,NA,NA,NA,NA,NA,NA
EWTwDThvfv,IP Address,100,224,TRUE,anonymous,EN,Ja,"Ja, ich stimme zu",NA,NA,NA,NA,NA,NA,NA,Mandarine (53 kcal),Trauben (69 kcal),Isey Skyr Heidelbeere (129 kcal),Banane (107 kcal),Mandarine (53 kcal),Naturjoghurt (62 kcal),Zweifel Paprika Chips (515 kcal),Blau,"Standardlieferung, 124 Tage, CHF 899.00","Expresslieferung, 31 Tage früher, CHF 1389.00","Expresslieferung, 31 Tage früher, CHF 1069.00","Standardlieferung, 62 Tage, CHF 499.00","Expresslieferung, 62 Tage früher, CHF 1279.00","Standardlieferung, 62 Tage, CHF 399.00","Standardlieferung, 93 Tage, CHF 1899.00","Expresslieferung, 62 Tage früher, CHF 1619.00","Standardlieferung, 186 Tage, CHF 999.00","Standardlieferung, 186 Tage, CHF 35'000.00",NA,NA,NA,NA,NA,NA,NA,NA,NA,NA,NA,NA,NA,NA,NA,NA,NA,NA,NA,NA,NA,NA,NA,NA,NA,NA,NA,NA,NA,NA,NA,fliegen,gar nicht,teils/teils,2,Nein,So wie im echten Leben auch - was würde ich in dieser Situation tun ?,NA
Xj0E0ssfwm,IP Address,1,11,FALSE,anonymous,EN,NA,NA,NA,NA,NA,NA,NA,NA,NA,NA,NA,NA,NA,NA,NA,NA,NA,NA,NA,NA,NA,NA,NA,NA,NA,NA,NA,NA,NA,NA,NA,NA,NA,NA,NA,NA,NA,NA,NA,NA,NA,NA,NA,NA,NA,NA,NA,NA,NA,NA,NA,NA,NA,NA,NA,NA,NA,NA,NA,NA,NA,NA,NA,NA,NA
o2eVrPqXGd,IP Address,100,253,TRUE,anonymous,EN,Ja,"Ja, ich stimme zu",Snickers (2042 kJ),Trauben (289 kJ),Isey Skyr Heidelbeere (432 kJ),Banane (446 kJ),Kinder Bueno (2376 kJ),Naturjoghurt (260 kJ),Zweifel Paprika Chips (2147 kJ),NA,NA,NA,NA,NA,NA,NA,Blau,NA,NA,NA,NA,NA,NA,NA,NA,NA,NA,NA,NA,NA,NA,NA,NA,NA,NA,NA,NA,"Standardlieferung, 124 Tage, CHF 899.00","Expresslieferung, 31 Tage früher, CHF 1389.00","Expresslieferung, 31 Tage früher, CHF 1069.00","Expresslieferung, 31 Tage früher, CHF 534.00","Expresslieferung, 62 Tage früher, CHF 1279.00","Standardlieferung, 62 Tage, CHF 399.00","Expresslieferung, 31 Tage früher, CHF 2019.00","Expresslieferung, 62 Tage früher, CHF 1619.00","Standardlieferung, 186 Tage, CHF 999.00","Expresslieferung, 62 Tage früher, CHF 36’500.00",In Tagen,NA,NA,NA,NA,NA,NA,NA,NA,NA,NA,fliegen,eher wenig,teils/teils,2,Nein,Nach meinem Bauchgefühl,nein
ZGyosea861,IP Address,100,180,TRUE,anonymous,EN,Ja,"Ja, ich stimme zu",Snickers (2042 kJ),Zweifel Vaya Bean Salt Chips (1779 kJ),Lotus Biscoff Pocket Karamell (3780 kJ),Zweifel Paprika Chips (2695 kJ),Kinder Bueno (2376 kJ),Naturjoghurt (260 kJ),Zweifel Paprika Chips (2147 kJ),NA,NA,NA,NA,NA,NA,NA,Blau,NA,NA,NA,NA,NA,NA,NA,NA,NA,NA,"Expresslieferung, 2 Monate früher, CHF 969.00","Expresslieferung, 1 Monat früher, CHF 1389.00","Expresslieferung, 1 Monat früher, CHF 1069.00","Expresslieferung, 1 Monat früher, CHF 534.00","Expresslieferung, 2 Monate früher, CHF 1279.00","Expresslieferung, 1 Monat früher, CHF 429.00","Expresslieferung, 1 Monat früher, CHF 2019.00","Expresslieferung, 2 Monate früher, CHF 1619.00","Expresslieferung, 2 Monate früher, CHF 1089.00","Expresslieferung, 2 Monate früher, CHF 36'500.00",NA,NA,NA,NA,NA,NA,NA,NA,NA,NA,NA,NA,NA,NA,NA,NA,NA,NA,NA,NA,NA,fliegen,gar nicht,unwichtig,2,Nein,Ehrlich und emotional,NA
WmHyrDbP30,IP Address,100,255,TRUE,anonymous,EN,Nein,"Ja, ich stimme zu",Snickers (2042 kJ),Trauben (289 kJ),Isey Skyr Heidelbeere (432 kJ),Zweifel Paprika Chips (2695 kJ),Mandarine (222 kJ),Naturjoghurt (260 kJ),Zweifel Paprika Chips (2147 kJ),NA,NA,NA,NA,NA,NA,NA,Blau,"Standardlieferung, 124 Tage, CHF 899.00","Expresslieferung, 31 Tage früher, CHF 1389.00","Expresslieferung, 31 Tage früher, CHF 1069.00","Standardlieferung, 62 Tage, CHF 499.00","Standardlieferung, 124 Tage, CHF 1199.00","Standardlieferung, 62 Tage, CHF 399.00","Standardlieferung, 93 Tage, CHF 1899.00","Standardlieferung, 124 Tage, CHF 1499.00","Standardlieferung, 186 Tage, CHF 999.00","Standardlieferung, 186 Tage, CHF 35'000.00",NA,NA,NA,NA,NA,NA,NA,NA,NA,NA,NA,NA,NA,NA,NA,NA,NA,NA,NA,NA,NA,NA,NA,NA,NA,NA,NA,NA,NA,NA,NA,fliegen,eher wenig,unwichtig,2,Ja,alles was ich lieber esse -> verbinde snac meist mit etwas eher ungesundem. Bei den Lieferoptionen habe ich auf die Dringlichkeit der Dinge geachtet,-
eftDCtoDSR,IP Address,100,411,TRUE,anonymous,EN,Ja,"Ja, ich stimme zu",Mandarine (222 kJ),Zweifel Vaya Bean Salt Chips (1779 kJ),Isey Skyr Heidelbeere (432 kJ),Banane (446 kJ),Kinder Bueno (2376 kJ),Naturjoghurt (260 kJ),Zweifel Paprika Chips (2147 kJ),NA,NA,NA,NA,NA,NA,NA,Blau,NA,NA,NA,NA,NA,NA,NA,NA,NA,NA,NA,NA,NA,NA,NA,NA,NA,NA,NA,NA,"Expresslieferung, 62 Tage früher, CHF 969.00","Standardlieferung, 62 Tage, CHF 1299.00","Standardlieferung, 62 Tage, CHF 999.00","Expresslieferung, 31 Tage früher, CHF 534.00","Expresslieferung, 62 Tage früher, CHF 1279.00","Expresslieferung, 31 Tage früher, CHF 429.00","Standardlieferung, 93 Tage, CHF 1899.00","Standardlieferung, 124 Tage, CHF 1499.00","Standardlieferung, 186 Tage, CHF 999.00","Standardlieferung, 186 Tage, CHF 35’000.00",In Tagen,NA,NA,NA,NA,NA,NA,NA,NA,NA,NA,fliegen,teils/teils,teils/teils,2,Nein,"Vorallem nach Gefühl. ""Kosten-Nutzen"" Abwägung",NA
gWdApJmr3v,IP Address,100,333,TRUE,anonymous,EN,Ja,"Ja, ich stimme zu",NA,NA,NA,NA,NA,NA,NA,Mandarine (53 kcal),Trauben (69 kcal),Lotus Biscoff Pocket Karamell (900 kcal),Zweifel Paprika Chips (643 kcal),Mandarine (53 kcal),Schokopudding (120 kcal),Zweifel Paprika Chips (515 kcal),Blau,"Standardlieferung, 124 Tage, CHF 899.00","Standardlieferung, 62 Tage, CHF 1299.00","Expresslieferung, 31 Tage früher, CHF 1069.00","Standardlieferung, 62 Tage, CHF 499.00","Expresslieferung, 62 Tage früher, CHF 1279.00","Standardlieferung, 62 Tage, CHF 399.00","Standardlieferung, 93 Tage, CHF 1899.00","Standardlieferung, 124 Tage, CHF 1499.00","Expresslieferung, 62 Tage früher, CHF 1089.00","Standardlieferung, 186 Tage, CHF 35'000.00",NA,NA,NA,NA,NA,NA,NA,NA,NA,NA,NA,NA,NA,NA,NA,NA,NA,NA,NA,NA,NA,NA,NA,NA,NA,NA,NA,NA,NA,NA,NA,fliegen,eher wenig,teils/teils,2,Nein,"Bei Snacks: Nach Lust und Laund, bei Lieferung: Wie dringend ich den neuen Gegenstand gebrauchen könnte + Preis",Keine
o7LZ44ROKX,IP Address,100,282,TRUE,anonymous,EN,Ja,"Ja, ich stimme zu",Mandarine (222 kJ),Zweifel Vaya Bean Salt Chips (1779 kJ),Isey Skyr Heidelbeere (432 kJ),Banane (446 kJ),Mandarine (222 kJ),Naturjoghurt (260 kJ),Zweifel Paprika Chips (2147 kJ),NA,NA,NA,NA,NA,NA,NA,Blau,NA,NA,NA,NA,NA,NA,NA,NA,NA,NA,NA,NA,NA,NA,NA,NA,NA,NA,NA,NA,NA,NA,NA,NA,NA,NA,NA,NA,NA,NA,NA,"Standardlieferung, 4 Monate, CHF 899.00","Standardlieferung, 2 Monate, CHF 1299.00","Standardlieferung, 2 Monate, CHF 999.00","Standardlieferung, 2 Monate, CHF 499.00","Standardlieferung, 4 Monate, CHF 1199.00","Standardlieferung, 2 Monate, CHF 399.00","Standardlieferung, 3 Monate, CHF 1899.00","Standardlieferung, 4 Monate, CHF 1499.00","Standardlieferung, 6 Monate, CHF 999.00",NA,fliegen,gar nicht,eher wichtig,2,Nein,Immer die günstigste Version da ich nicht draufzahle für schnellere Ankunft,NA
6N1fzOGm3t,IP Address,100,233,TRUE,anonymous,EN,Ja,"Ja, ich stimme zu",NA,NA,NA,NA,NA,NA,NA,Snickers (488 kcal),Zweifel Vaya Bean Salt Chips (424 kcal),Lotus Biscoff Pocket Karamell (900 kcal),Zweifel Paprika Chips (643 kcal),Mandarine (53 kcal),Schokopudding (120 kcal),Zweifel Paprika Chips (515 kcal),Blau,NA,NA,NA,NA,NA,NA,NA,NA,NA,NA,NA,NA,NA,NA,NA,NA,NA,NA,NA,NA,NA,NA,NA,NA,NA,NA,NA,NA,NA,NA,NA,"Standardlieferung, 4 Monate, CHF 899.00","Expresslieferung, 1 Monat früher, CHF 1389.00","Expresslieferung, 1 Monat früher, CHF 1069.00","Standardlieferung, 2 Monate, CHF 499.00","Expresslieferung, 2 Monate früher, CHF 1279.00","Expresslieferung, 1 Monat früher, CHF 429.00","Standardlieferung, 3 Monate, CHF 1899.00","Standardlieferung, 4 Monate, CHF 1499.00","Expresslieferung, 2 Monate früher, CHF 1089.00","Standardlieferung, 6 Monate, CHF 35'000.00",fliegen,eher wenig,teils/teils,2,Nein,Ohne lange zu überlegen.,keine
wa6GIkoMz5,IP Address,99,218,FALSE,anonymous,EN,Nein,"Ja, ich stimme zu",Mandarine (222 kJ),Trauben (289 kJ),Isey Skyr Heidelbeere (432 kJ),Banane (446 kJ),Mandarine (222 kJ),Schokopudding (502 kJ),Zweifel Paprika Chips (2147 kJ),NA,NA,NA,NA,NA,NA,NA,Blau,"Expresslieferung, 62 Tage früher, CHF 969.00","Expresslieferung, 31 Tage früher, CHF 1389.00","Expresslieferung, 31 Tage früher, CHF 1069.00","Expresslieferung, 31 Tage früher, CHF 534.00","Expresslieferung, 62 Tage früher, CHF 1279.00","Expresslieferung, 31 Tage früher, CHF 429.00","Expresslieferung, 31 Tage früher, CHF 2019.00","Expresslieferung, 62 Tage früher, CHF 1619.00","Expresslieferung, 62 Tage früher, CHF 1089.00","Expresslieferung, 62 Tage früher, CHF 36'500.00",NA,NA,NA,NA,NA,NA,NA,NA,NA,NA,NA,NA,NA,NA,NA,NA,NA,NA,NA,NA,NA,NA,NA,NA,NA,NA,NA,NA,NA,NA,NA,fliegen,gar nicht,unwichtig,2,Nein,Intuitiv,Nein
mOlGocmqV9,IP Address,1,7,FALSE,anonymous,EN,NA,NA,NA,NA,NA,NA,NA,NA,NA,NA,NA,NA,NA,NA,NA,NA,NA,NA,NA,NA,NA,NA,NA,NA,NA,NA,NA,NA,NA,NA,NA,NA,NA,NA,NA,NA,NA,NA,NA,NA,NA,NA,NA,NA,NA,NA,NA,NA,NA,NA,NA,NA,NA,NA,NA,NA,NA,NA,NA,NA,NA,NA,NA,NA,NA
N9WGF3fVAV,IP Address,100,290,TRUE,anonymous,EN,Ja,"Ja, ich stimme zu",NA,NA,NA,NA,NA,NA,NA,Mandarine (53 kcal),Trauben (69 kcal),Isey Skyr Heidelbeere (129 kcal),Zweifel Paprika Chips (643 kcal),Kinder Bueno (560 kcal),Schokopudding (120 kcal),Zweifel Paprika Chips (515 kcal),Blau,"Standardlieferung, 124 Tage, CHF 899.00","Standardlieferung, 62 Tage, CHF 1299.00","Expresslieferung, 31 Tage früher, CHF 1069.00","Standardlieferung, 62 Tage, CHF 499.00","Standardlieferung, 124 Tage, CHF 1199.00","Expresslieferung, 31 Tage früher, CHF 429.00","Standardlieferung, 93 Tage, CHF 1899.00","Standardlieferung, 124 Tage, CHF 1499.00","Standardlieferung, 186 Tage, CHF 999.00","Standardlieferung, 186 Tage, CHF 35'000.00",NA,NA,NA,NA,NA,NA,NA,NA,NA,NA,NA,NA,NA,NA,NA,NA,NA,NA,NA,NA,NA,NA,NA,NA,NA,NA,NA,NA,NA,NA,NA,fliegen,eher wenig,teils/teils,2,Ja,"Durch mein Bauchgefühl, die Option, welche si ch besser anfühlte.",NA
5gf79w32hT,IP Address,100,312,TRUE,anonymous,EN,Nein,"Ja, ich stimme zu",Snickers (2042 kJ),Zweifel Vaya Bean Salt Chips (1779 kJ),Isey Skyr Heidelbeere (432 kJ),Banane (446 kJ),Mandarine (222 kJ),Schokopudding (502 kJ),Zweifel Paprika Chips (2147 kJ),NA,NA,NA,NA,NA,NA,NA,Blau,NA,NA,NA,NA,NA,NA,NA,NA,NA,NA,NA,NA,NA,NA,NA,NA,NA,NA,NA,NA,NA,NA,NA,NA,NA,NA,NA,NA,NA,NA,NA,"Expresslieferung, 2 Monate früher, CHF 969.00","Expresslieferung, 1 Monat früher, CHF 1389.00","Expresslieferung, 1 Monat früher, CHF 1069.00","Standardlieferung, 2 Monate, CHF 499.00","Standardlieferung, 4 Monate, CHF 1199.00","Expresslieferung, 1 Monat früher, CHF 429.00","Expresslieferung, 1 Monat früher, CHF 2019.00","Expresslieferung, 2 Monate früher, CHF 1619.00","Expresslieferung, 2 Monate früher, CHF 1089.00","Standardlieferung, 6 Monate, CHF 35'000.00",fliegen,gar nicht,eher nicht wichtig,2,Nein,NA,NA
iVsn7X1CeR,IP Address,100,392,TRUE,anonymous,EN,Ja,"Ja, ich stimme zu",Mandarine (222 kJ),Trauben (289 kJ),Lotus Biscoff Pocket Karamell (3780 kJ),Banane (446 kJ),Mandarine (222 kJ),Schokopudding (502 kJ),Al Natura Linsenwaffeln (1525 kJ),NA,NA,NA,NA,NA,NA,NA,Blau,NA,NA,NA,NA,NA,NA,NA,NA,NA,NA,"Standardlieferung, 4 Monate, CHF 899.00","Standardlieferung, 2 Monate, CHF 1299.00","Standardlieferung, 2 Monate, CHF 999.00","Standardlieferung, 2 Monate, CHF 499.00","Standardlieferung, 4 Monate, CHF 1199.00","Standardlieferung, 2 Monate, CHF 399.00","Standardlieferung, 3 Monate, CHF 1899.00","Standardlieferung, 4 Monate, CHF 1499.00","Standardlieferung, 6 Monate, CHF 999.00","Standardlieferung, 6 Monate, CHF 35'000.00",NA,NA,NA,NA,NA,NA,NA,NA,NA,NA,NA,NA,NA,NA,NA,NA,NA,NA,NA,NA,NA,fliegen,gar nicht,eher nicht wichtig,2,Nein,Bauchgefühl,Nö
dJWJIt1Vky,IP Address,100,207,TRUE,anonymous,EN,Ja,"Ja, ich stimme zu",NA,NA,NA,NA,NA,NA,NA,Snickers (488 kcal),Trauben (69 kcal),Isey Skyr Heidelbeere (129 kcal),Banane (107 kcal),Mandarine (53 kcal),Schokopudding (120 kcal),Zweifel Paprika Chips (515 kcal),Blau,NA,NA,NA,NA,NA,NA,NA,NA,NA,NA,"Standardlieferung, 4 Monate, CHF 899.00","Standardlieferung, 2 Monate, CHF 1299.00","Expresslieferung, 1 Monat früher, CHF 1069.00","Standardlieferung, 2 Monate, CHF 499.00","Standardlieferung, 4 Monate, CHF 1199.00","Expresslieferung, 1 Monat früher, CHF 429.00","Standardlieferung, 3 Monate, CHF 1899.00","Standardlieferung, 4 Monate, CHF 1499.00","Standardlieferung, 6 Monate, CHF 999.00","Standardlieferung, 6 Monate, CHF 35'000.00",NA,NA,NA,NA,NA,NA,NA,NA,NA,NA,NA,NA,NA,NA,NA,NA,NA,NA,NA,NA,NA,fliegen,eher wenig,teils/teils,2,Nein,Gefühl,NA
joAuEucl2n,IP Address,100,295,TRUE,anonymous,EN,Ja,"Ja, ich stimme zu",Snickers (2042 kJ),Zweifel Vaya Bean Salt Chips (1779 kJ),Isey Skyr Heidelbeere (432 kJ),Zweifel Paprika Chips (2695 kJ),Kinder Bueno (2376 kJ),Schokopudding (502 kJ),Zweifel Paprika Chips (2147 kJ),NA,NA,NA,NA,NA,NA,NA,Blau,NA,NA,NA,NA,NA,NA,NA,NA,NA,NA,"Standardlieferung, 4 Monate, CHF 899.00","Standardlieferung, 2 Monate, CHF 1299.00","Standardlieferung, 2 Monate, CHF 999.00","Standardlieferung, 2 Monate, CHF 499.00","Standardlieferung, 4 Monate, CHF 1199.00","Standardlieferung, 2 Monate, CHF 399.00","Standardlieferung, 3 Monate, CHF 1899.00","Standardlieferung, 4 Monate, CHF 1499.00","Expresslieferung, 2 Monate früher, CHF 1089.00","Standardlieferung, 6 Monate, CHF 35'000.00",NA,NA,NA,NA,NA,NA,NA,NA,NA,NA,NA,NA,NA,NA,NA,NA,NA,NA,NA,NA,NA,fliegen,eher wenig,teils/teils,2,Ja,was ich lieber hatte,NA
bG8Y47L2Ek,IP Address,100,248,TRUE,anonymous,EN,Ja,"Ja, ich stimme zu",NA,NA,NA,NA,NA,NA,NA,Mandarine (53 kcal),Trauben (69 kcal),Isey Skyr Heidelbeere (129 kcal),Zweifel Paprika Chips (643 kcal),Mandarine (53 kcal),Schokopudding (120 kcal),Zweifel Paprika Chips (515 kcal),Blau,NA,NA,NA,NA,NA,NA,NA,NA,NA,NA,NA,NA,NA,NA,NA,NA,NA,NA,NA,NA,"Expresslieferung, 62 Tage früher, CHF 969.00","Standardlieferung, 62 Tage, CHF 1299.00","Standardlieferung, 62 Tage, CHF 999.00","Standardlieferung, 62 Tage, CHF 499.00","Expresslieferung, 62 Tage früher, CHF 1279.00","Expresslieferung, 31 Tage früher, CHF 429.00","Expresslieferung, 31 Tage früher, CHF 2019.00","Expresslieferung, 62 Tage früher, CHF 1619.00","Expresslieferung, 62 Tage früher, CHF 1089.00","Standardlieferung, 186 Tage, CHF 35’000.00",In Tagen,NA,NA,NA,NA,NA,NA,NA,NA,NA,NA,fliegen,eher wenig,teils/teils,2,Nein,Erster Gedanke angekreuzt,-
YUXW5HkZRE,IP Address,100,666,TRUE,anonymous,EN,Nein,"Ja, ich stimme zu",Mandarine (222 kJ),Trauben (289 kJ),Isey Skyr Heidelbeere (432 kJ),Banane (446 kJ),Mandarine (222 kJ),Naturjoghurt (260 kJ),Al Natura Linsenwaffeln (1525 kJ),NA,NA,NA,NA,NA,NA,NA,Blau,NA,NA,NA,NA,NA,NA,NA,NA,NA,NA,"Standardlieferung, 4 Monate, CHF 899.00","Standardlieferung, 2 Monate, CHF 1299.00","Expresslieferung, 1 Monat früher, CHF 1069.00","Standardlieferung, 2 Monate, CHF 499.00","Standardlieferung, 4 Monate, CHF 1199.00","Standardlieferung, 2 Monate, CHF 399.00","Standardlieferung, 3 Monate, CHF 1899.00","Standardlieferung, 4 Monate, CHF 1499.00","Standardlieferung, 6 Monate, CHF 999.00","Standardlieferung, 6 Monate, CHF 35'000.00",NA,NA,NA,NA,NA,NA,NA,NA,NA,NA,NA,NA,NA,NA,NA,NA,NA,NA,NA,NA,NA,fliegen,gar nicht,unwichtig,2,Nein,Relativ schnell entschieden,Keine
5UOlMMuc0n,IP Address,100,315,TRUE,anonymous,EN,Ja,"Ja, ich stimme zu",NA,NA,NA,NA,NA,NA,NA,Mandarine (53 kcal),Zweifel Vaya Bean Salt Chips (424 kcal),Isey Skyr Heidelbeere (129 kcal),Zweifel Paprika Chips (643 kcal),Kinder Bueno (560 kcal),Naturjoghurt (62 kcal),Al Natura Linsenwaffeln (360 kcal),Blau,"Standardlieferung, 124 Tage, CHF 899.00","Standardlieferung, 62 Tage, CHF 1299.00","Standardlieferung, 62 Tage, CHF 999.00","Standardlieferung, 62 Tage, CHF 499.00","Standardlieferung, 124 Tage, CHF 1199.00","Standardlieferung, 62 Tage, CHF 399.00","Standardlieferung, 93 Tage, CHF 1899.00","Standardlieferung, 124 Tage, CHF 1499.00","Standardlieferung, 186 Tage, CHF 999.00","Standardlieferung, 186 Tage, CHF 35'000.00",NA,NA,NA,NA,NA,NA,NA,NA,NA,NA,NA,NA,NA,NA,NA,NA,NA,NA,NA,NA,NA,NA,NA,NA,NA,NA,NA,NA,NA,NA,NA,fliegen,teils/teils,sehr wichtig,2,Ja,NA,NA
4ocdZHO7Pq,IP Address,74,19,FALSE,anonymous,EN,NA,NA,NA,NA,NA,NA,NA,NA,NA,NA,NA,NA,NA,NA,NA,NA,NA,NA,NA,NA,NA,NA,NA,NA,NA,NA,NA,NA,NA,NA,NA,NA,NA,NA,NA,NA,NA,NA,NA,NA,NA,NA,NA,NA,NA,NA,NA,NA,NA,NA,NA,NA,NA,NA,NA,NA,NA,NA,NA,NA,NA,NA,NA,NA,NA
OzBZiO04x2,IP Address,100,369,TRUE,anonymous,EN,Ja,"Ja, ich stimme zu",NA,NA,NA,NA,NA,NA,NA,Mandarine (53 kcal),Trauben (69 kcal),Isey Skyr Heidelbeere (129 kcal),Banane (107 kcal),Mandarine (53 kcal),Schokopudding (120 kcal),Al Natura Linsenwaffeln (360 kcal),Blau,NA,NA,NA,NA,NA,NA,NA,NA,NA,NA,NA,NA,NA,NA,NA,NA,NA,NA,NA,NA,"Standardlieferung, 124 Tage, CHF 899.00","Standardlieferung, 62 Tage, CHF 1299.00","Standardlieferung, 62 Tage, CHF 999.00","Standardlieferung, 62 Tage, CHF 499.00","Standardlieferung, 124 Tage, CHF 1199.00","Standardlieferung, 62 Tage, CHF 399.00","Standardlieferung, 93 Tage, CHF 1899.00","Standardlieferung, 124 Tage, CHF 1499.00","Expresslieferung, 62 Tage früher, CHF 1089.00","Expresslieferung, 62 Tage früher, CHF 36’500.00",In Tagen,NA,NA,NA,NA,NA,NA,NA,NA,NA,NA,fliegen,eher wenig,eher wichtig,2,Nein,NA,NA
NnbiPMoX7t,IP Address,99,256,FALSE,anonymous,EN,Ja,"Ja, ich stimme zu",Snickers (2042 kJ),Trauben (289 kJ),Isey Skyr Heidelbeere (432 kJ),Zweifel Paprika Chips (2695 kJ),Kinder Bueno (2376 kJ),Naturjoghurt (260 kJ),Al Natura Linsenwaffeln (1525 kJ),NA,NA,NA,NA,NA,NA,NA,Blau,NA,NA,NA,NA,NA,NA,NA,NA,NA,NA,NA,NA,NA,NA,NA,NA,NA,NA,NA,NA,NA,NA,NA,NA,NA,NA,NA,NA,NA,NA,NA,"Expresslieferung, 2 Monate früher, CHF 969.00","Expresslieferung, 1 Monat früher, CHF 1389.00","Expresslieferung, 1 Monat früher, CHF 1069.00","Standardlieferung, 2 Monate, CHF 499.00","Expresslieferung, 2 Monate früher, CHF 1279.00","Standardlieferung, 2 Monate, CHF 399.00","Standardlieferung, 3 Monate, CHF 1899.00","Expresslieferung, 2 Monate früher, CHF 1619.00","Standardlieferung, 6 Monate, CHF 999.00","Standardlieferung, 6 Monate, CHF 35'000.00",fliegen,gar nicht,teils/teils,2,Nein,Nach persönlichen Präferenzen beim Essen und nach dringlichkeit bei den sonstigen Waren,NA
RcX39T7k31,IP Address,100,449,TRUE,anonymous,EN,Ja,"Ja, ich stimme zu",NA,NA,NA,NA,NA,NA,NA,Mandarine (53 kcal),Zweifel Vaya Bean Salt Chips (424 kcal),Lotus Biscoff Pocket Karamell (900 kcal),Zweifel Paprika Chips (643 kcal),Mandarine (53 kcal),Schokopudding (120 kcal),Zweifel Paprika Chips (515 kcal),Blau,"Expresslieferung, 62 Tage früher, CHF 969.00","Standardlieferung, 62 Tage, CHF 1299.00","Expresslieferung, 31 Tage früher, CHF 1069.00","Expresslieferung, 31 Tage früher, CHF 534.00","Expresslieferung, 62 Tage früher, CHF 1279.00","Standardlieferung, 62 Tage, CHF 399.00","Standardlieferung, 93 Tage, CHF 1899.00","Expresslieferung, 62 Tage früher, CHF 1619.00","Standardlieferung, 186 Tage, CHF 999.00","Expresslieferung, 62 Tage früher, CHF 36'500.00",NA,NA,NA,NA,NA,NA,NA,NA,NA,NA,NA,NA,NA,NA,NA,NA,NA,NA,NA,NA,NA,NA,NA,NA,NA,NA,NA,NA,NA,NA,NA,fliegen,teils/teils,teils/teils,2,Nein,"Je nach dem wie ich handeln würde. Wenn ich z.Bsp. schon ein Sofa habe, eilt es ja nicht. Oder wenn ich einen Snack nicht mag, nahm ich die andere Option.",Ich verstehe nicht wirklich um was es geht…🫠😂
qelLJLIeCU,IP Address,100,2421,TRUE,anonymous,EN,Ja,"Ja, ich stimme zu",Mandarine (222 kJ),Trauben (289 kJ),Isey Skyr Heidelbeere (432 kJ),Zweifel Paprika Chips (2695 kJ),Kinder Bueno (2376 kJ),Schokopudding (502 kJ),Zweifel Paprika Chips (2147 kJ),NA,NA,NA,NA,NA,NA,NA,Gelb,NA,NA,NA,NA,NA,NA,NA,NA,NA,NA,"Standardlieferung, 4 Monate, CHF 899.00","Standardlieferung, 2 Monate, CHF 1299.00","Standardlieferung, 2 Monate, CHF 999.00","Standardlieferung, 2 Monate, CHF 499.00","Expresslieferung, 2 Monate früher, CHF 1279.00","Expresslieferung, 1 Monat früher, CHF 429.00","Standardlieferung, 3 Monate, CHF 1899.00","Standardlieferung, 4 Monate, CHF 1499.00","Standardlieferung, 6 Monate, CHF 999.00","Standardlieferung, 6 Monate, CHF 35'000.00",NA,NA,NA,NA,NA,NA,NA,NA,NA,NA,NA,NA,NA,NA,NA,NA,NA,NA,NA,NA,NA,fliegen,teils/teils,teils/teils,2,Nein,Habe schnrll durchgelesen und war nicht sher konzentriert,NA
8HSkyQjsQV,IP Address,100,232,TRUE,anonymous,EN,Ja,"Ja, ich stimme zu",Mandarine (222 kJ),Trauben (289 kJ),Lotus Biscoff Pocket Karamell (3780 kJ),Banane (446 kJ),Kinder Bueno (2376 kJ),Naturjoghurt (260 kJ),Zweifel Paprika Chips (2147 kJ),NA,NA,NA,NA,NA,NA,NA,Blau,NA,NA,NA,NA,NA,NA,NA,NA,NA,NA,"Expresslieferung, 2 Monate früher, CHF 969.00","Expresslieferung, 1 Monat früher, CHF 1389.00","Standardlieferung, 2 Monate, CHF 999.00","Standardlieferung, 2 Monate, CHF 499.00","Expresslieferung, 2 Monate früher, CHF 1279.00","Expresslieferung, 1 Monat früher, CHF 429.00","Standardlieferung, 3 Monate, CHF 1899.00","Expresslieferung, 2 Monate früher, CHF 1619.00","Expresslieferung, 2 Monate früher, CHF 1089.00","Standardlieferung, 6 Monate, CHF 35'000.00",NA,NA,NA,NA,NA,NA,NA,NA,NA,NA,NA,NA,NA,NA,NA,NA,NA,NA,NA,NA,NA,fliegen,eher stark,eher wichtig,2,Nein,Anhand davon wie dringend man ein Gerät oder das entsprechende Produkt braucht. Snacks nach Lust und Laune.,NA
CMx57eqr5Z,IP Address,100,314,TRUE,anonymous,EN,Ja,"Ja, ich stimme zu",Mandarine (222 kJ),Trauben (289 kJ),Isey Skyr Heidelbeere (432 kJ),Banane (446 kJ),Mandarine (222 kJ),Naturjoghurt (260 kJ),Al Natura Linsenwaffeln (1525 kJ),NA,NA,NA,NA,NA,NA,NA,Blau,NA,NA,NA,NA,NA,NA,NA,NA,NA,NA,NA,NA,NA,NA,NA,NA,NA,NA,NA,NA,NA,NA,NA,NA,NA,NA,NA,NA,NA,NA,NA,"Expresslieferung, 2 Monate früher, CHF 969.00","Expresslieferung, 1 Monat früher, CHF 1389.00","Standardlieferung, 2 Monate, CHF 999.00","Standardlieferung, 2 Monate, CHF 499.00","Standardlieferung, 4 Monate, CHF 1199.00","Expresslieferung, 1 Monat früher, CHF 429.00","Standardlieferung, 3 Monate, CHF 1899.00","Standardlieferung, 4 Monate, CHF 1499.00","Standardlieferung, 6 Monate, CHF 999.00","Standardlieferung, 6 Monate, CHF 35'000.00",fliegen,eher wenig,eher nicht wichtig,2,Nein,Spontan,NA
pxlc7EHiOw,IP Address,1,4,FALSE,anonymous,EN,NA,NA,NA,NA,NA,NA,NA,NA,NA,NA,NA,NA,NA,NA,NA,NA,NA,NA,NA,NA,NA,NA,NA,NA,NA,NA,NA,NA,NA,NA,NA,NA,NA,NA,NA,NA,NA,NA,NA,NA,NA,NA,NA,NA,NA,NA,NA,NA,NA,NA,NA,NA,NA,NA,NA,NA,NA,NA,NA,NA,NA,NA,NA,NA,NA
wX4XNERie8,IP Address,100,1587,TRUE,anonymous,EN,Ja,"Ja, ich stimme zu",NA,NA,NA,NA,NA,NA,NA,Mandarine (53 kcal),Trauben (69 kcal),Isey Skyr Heidelbeere (129 kcal),Banane (107 kcal),Mandarine (53 kcal),Schokopudding (120 kcal),Al Natura Linsenwaffeln (360 kcal),Blau,NA,NA,NA,NA,NA,NA,NA,NA,NA,NA,NA,NA,NA,NA,NA,NA,NA,NA,NA,NA,NA,NA,NA,NA,NA,NA,NA,NA,NA,NA,NA,"Expresslieferung, 2 Monate früher, CHF 969.00","Standardlieferung, 2 Monate, CHF 1299.00","Standardlieferung, 2 Monate, CHF 999.00","Expresslieferung, 1 Monat früher, CHF 534.00","Expresslieferung, 2 Monate früher, CHF 1279.00","Expresslieferung, 1 Monat früher, CHF 429.00","Expresslieferung, 1 Monat früher, CHF 2019.00","Expresslieferung, 2 Monate früher, CHF 1619.00","Expresslieferung, 2 Monate früher, CHF 1089.00","Standardlieferung, 6 Monate, CHF 35'000.00",fliegen,eher stark,sehr wichtig,2,Nein,Ehrlich,-
Aa4m7hni1U,IP Address,100,204,TRUE,anonymous,EN,Ja,"Ja, ich stimme zu",Mandarine (222 kJ),Trauben (289 kJ),Lotus Biscoff Pocket Karamell (3780 kJ),Zweifel Paprika Chips (2695 kJ),Mandarine (222 kJ),Naturjoghurt (260 kJ),Zweifel Paprika Chips (2147 kJ),NA,NA,NA,NA,NA,NA,NA,Blau,NA,NA,NA,NA,NA,NA,NA,NA,NA,NA,"Expresslieferung, 2 Monate früher, CHF 969.00","Standardlieferung, 2 Monate, CHF 1299.00","Expresslieferung, 1 Monat früher, CHF 1069.00","Standardlieferung, 2 Monate, CHF 499.00","Expresslieferung, 2 Monate früher, CHF 1279.00","Expresslieferung, 1 Monat früher, CHF 429.00","Standardlieferung, 3 Monate, CHF 1899.00","Standardlieferung, 4 Monate, CHF 1499.00","Expresslieferung, 2 Monate früher, CHF 1089.00","Expresslieferung, 2 Monate früher, CHF 36'500.00",NA,NA,NA,NA,NA,NA,NA,NA,NA,NA,NA,NA,NA,NA,NA,NA,NA,NA,NA,NA,NA,fliegen,gar nicht,unwichtig,2,Ja,Intuitiv,NA
M1O3pVvQVz,IP Address,99,795,FALSE,anonymous,EN,Ja,"Ja, ich stimme zu",NA,NA,NA,NA,NA,NA,NA,Mandarine (53 kcal),Zweifel Vaya Bean Salt Chips (424 kcal),Isey Skyr Heidelbeere (129 kcal),Zweifel Paprika Chips (643 kcal),Mandarine (53 kcal),Schokopudding (120 kcal),Zweifel Paprika Chips (515 kcal),Blau,NA,NA,NA,NA,NA,NA,NA,NA,NA,NA,NA,NA,NA,NA,NA,NA,NA,NA,NA,NA,"Expresslieferung, 62 Tage früher, CHF 969.00","Standardlieferung, 62 Tage, CHF 1299.00","Expresslieferung, 31 Tage früher, CHF 1069.00","Standardlieferung, 62 Tage, CHF 499.00","Expresslieferung, 62 Tage früher, CHF 1279.00","Standardlieferung, 62 Tage, CHF 399.00","Standardlieferung, 93 Tage, CHF 1899.00","Expresslieferung, 62 Tage früher, CHF 1619.00","Standardlieferung, 186 Tage, CHF 999.00","Expresslieferung, 62 Tage früher, CHF 36’500.00",In Tagen,NA,NA,NA,NA,NA,NA,NA,NA,NA,NA,fliegen,teils/teils,eher nicht wichtig,2,Nein,"Beim Essen habe ich mich zu Teil von der Kalorienanzahl leiten lassen, habe aber auch auf das, was mir auch schmeckt, geschaut.",NA
Z5FHKUX1WI,IP Address,100,624,TRUE,anonymous,EN,Ja,"Ja, ich stimme zu",Mandarine (222 kJ),Trauben (289 kJ),Isey Skyr Heidelbeere (432 kJ),Zweifel Paprika Chips (2695 kJ),Mandarine (222 kJ),Schokopudding (502 kJ),Zweifel Paprika Chips (2147 kJ),NA,NA,NA,NA,NA,NA,NA,Blau,NA,NA,NA,NA,NA,NA,NA,NA,NA,NA,"Standardlieferung, 4 Monate, CHF 899.00","Standardlieferung, 2 Monate, CHF 1299.00","Expresslieferung, 1 Monat früher, CHF 1069.00","Standardlieferung, 2 Monate, CHF 499.00","Standardlieferung, 4 Monate, CHF 1199.00","Expresslieferung, 1 Monat früher, CHF 429.00","Expresslieferung, 1 Monat früher, CHF 2019.00","Standardlieferung, 4 Monate, CHF 1499.00","Expresslieferung, 2 Monate früher, CHF 1089.00","Standardlieferung, 6 Monate, CHF 35'000.00",NA,NA,NA,NA,NA,NA,NA,NA,NA,NA,NA,NA,NA,NA,NA,NA,NA,NA,NA,NA,NA,fliegen,gar nicht,eher wichtig,2,Nein,"Beim Essen die Lust, bei den Lieferterminen auf den Preis und Notwendigkeit",NA
srOkvBCD9G,IP Address,100,214,TRUE,anonymous,EN,Nein,"Ja, ich stimme zu",NA,NA,NA,NA,NA,NA,NA,Snickers (488 kcal),Trauben (69 kcal),Lotus Biscoff Pocket Karamell (900 kcal),Zweifel Paprika Chips (643 kcal),Kinder Bueno (560 kcal),Naturjoghurt (62 kcal),Al Natura Linsenwaffeln (360 kcal),Blau,"Expresslieferung, 62 Tage früher, CHF 969.00","Expresslieferung, 31 Tage früher, CHF 1389.00","Standardlieferung, 62 Tage, CHF 999.00","Standardlieferung, 62 Tage, CHF 499.00","Expresslieferung, 62 Tage früher, CHF 1279.00","Expresslieferung, 31 Tage früher, CHF 429.00","Standardlieferung, 93 Tage, CHF 1899.00","Standardlieferung, 124 Tage, CHF 1499.00","Standardlieferung, 186 Tage, CHF 999.00","Standardlieferung, 186 Tage, CHF 35'000.00",NA,NA,NA,NA,NA,NA,NA,NA,NA,NA,NA,NA,NA,NA,NA,NA,NA,NA,NA,NA,NA,NA,NA,NA,NA,NA,NA,NA,NA,NA,NA,fliegen,teils/teils,teils/teils,2,Nein,"Durch kurze Überlegung
",NA
yx2arXyVdG,IP Address,100,360,TRUE,anonymous,EN,Ja,"Ja, ich stimme zu",NA,NA,NA,NA,NA,NA,NA,Snickers (488 kcal),Trauben (69 kcal),Lotus Biscoff Pocket Karamell (900 kcal),Zweifel Paprika Chips (643 kcal),Mandarine (53 kcal),Naturjoghurt (62 kcal),Al Natura Linsenwaffeln (360 kcal),Blau,NA,NA,NA,NA,NA,NA,NA,NA,NA,NA,"Expresslieferung, 2 Monate früher, CHF 969.00","Expresslieferung, 1 Monat früher, CHF 1389.00","Expresslieferung, 1 Monat früher, CHF 1069.00","Expresslieferung, 1 Monat früher, CHF 534.00","Expresslieferung, 2 Monate früher, CHF 1279.00","Expresslieferung, 1 Monat früher, CHF 429.00","Expresslieferung, 1 Monat früher, CHF 2019.00","Expresslieferung, 2 Monate früher, CHF 1619.00","Expresslieferung, 2 Monate früher, CHF 1089.00","Expresslieferung, 2 Monate früher, CHF 36'500.00",NA,NA,NA,NA,NA,NA,NA,NA,NA,NA,NA,NA,NA,NA,NA,NA,NA,NA,NA,NA,NA,fliegen,gar nicht,teils/teils,2,Nein,Was für mich stimmte,NA
6Jl3hWXDBa,IP Address,100,330,TRUE,anonymous,EN,Ja,"Ja, ich stimme zu",Mandarine (222 kJ),Zweifel Vaya Bean Salt Chips (1779 kJ),Isey Skyr Heidelbeere (432 kJ),Banane (446 kJ),Mandarine (222 kJ),Schokopudding (502 kJ),Zweifel Paprika Chips (2147 kJ),NA,NA,NA,NA,NA,NA,NA,Blau,"Expresslieferung, 62 Tage früher, CHF 969.00","Standardlieferung, 62 Tage, CHF 1299.00","Standardlieferung, 62 Tage, CHF 999.00",NA,"Standardlieferung, 124 Tage, CHF 1199.00","Standardlieferung, 62 Tage, CHF 399.00",NA,NA,"Standardlieferung, 186 Tage, CHF 999.00","Standardlieferung, 186 Tage, CHF 35'000.00",NA,NA,NA,NA,NA,NA,NA,NA,NA,NA,NA,NA,NA,NA,NA,NA,NA,NA,NA,NA,NA,NA,NA,NA,NA,NA,NA,NA,NA,NA,NA,fliegen,teils/teils,eher wichtig,2,Nein,Spontan,Z.T. war es schwierig zu entscheiden. Z.b. bei matratze odr handy odr winterjacke. Ist meine ware kaputt und brauche ich dringend ersatz oder ist es planbar?
ZBb5KgQrak,IP Address,100,507,TRUE,anonymous,EN,Nein,"Ja, ich stimme zu",NA,NA,NA,NA,NA,NA,NA,Mandarine (53 kcal),Trauben (69 kcal),Lotus Biscoff Pocket Karamell (900 kcal),Banane (107 kcal),Kinder Bueno (560 kcal),Naturjoghurt (62 kcal),Al Natura Linsenwaffeln (360 kcal),Gelb,NA,NA,NA,NA,NA,NA,NA,NA,NA,NA,NA,NA,NA,NA,NA,NA,NA,NA,NA,NA,"Standardlieferung, 124 Tage, CHF 899.00","Standardlieferung, 62 Tage, CHF 1299.00","Standardlieferung, 62 Tage, CHF 999.00","Standardlieferung, 62 Tage, CHF 499.00","Standardlieferung, 124 Tage, CHF 1199.00","Standardlieferung, 62 Tage, CHF 399.00","Standardlieferung, 93 Tage, CHF 1899.00","Standardlieferung, 124 Tage, CHF 1499.00","Standardlieferung, 186 Tage, CHF 999.00","Standardlieferung, 186 Tage, CHF 35’000.00",In Monate,NA,NA,NA,NA,NA,NA,NA,NA,NA,NA,schwimmen,eher wenig,teils/teils,10,Ja,nach Gefühl,NA
dd0GeQkycp,IP Address,100,290,TRUE,anonymous,EN,Nein,"Ja, ich stimme zu",Snickers (2042 kJ),Trauben (289 kJ),Lotus Biscoff Pocket Karamell (3780 kJ),Banane (446 kJ),Kinder Bueno (2376 kJ),Naturjoghurt (260 kJ),Zweifel Paprika Chips (2147 kJ),NA,NA,NA,NA,NA,NA,NA,Blau,NA,NA,NA,NA,NA,NA,NA,NA,NA,NA,NA,NA,NA,NA,NA,NA,NA,NA,NA,NA,"Expresslieferung, 62 Tage früher, CHF 969.00","Expresslieferung, 31 Tage früher, CHF 1389.00","Expresslieferung, 31 Tage früher, CHF 1069.00","Expresslieferung, 31 Tage früher, CHF 534.00","Expresslieferung, 62 Tage früher, CHF 1279.00","Expresslieferung, 31 Tage früher, CHF 429.00","Expresslieferung, 31 Tage früher, CHF 2019.00","Expresslieferung, 62 Tage früher, CHF 1619.00","Expresslieferung, 62 Tage früher, CHF 1089.00","Standardlieferung, 186 Tage, CHF 35’000.00",In Tagen,NA,NA,NA,NA,NA,NA,NA,NA,NA,NA,fliegen,gar nicht,eher nicht wichtig,2,Ja,"Ich habe bei den Snacks überlegt welches ich intuitiv möchte und bei den Lieferungen mestens Express gewählt, da ich wenn ich sowieso Geld ausgebe, auch gerne mehr Geld für den schnelleren Versand ausgebe.",Nein alles gut!
P489v9JS24,IP Address,100,424,TRUE,anonymous,EN,Ja,"Ja, ich stimme zu",NA,NA,NA,NA,NA,NA,NA,Mandarine (53 kcal),Zweifel Vaya Bean Salt Chips (424 kcal),Isey Skyr Heidelbeere (129 kcal),Banane (107 kcal),Mandarine (53 kcal),Schokopudding (120 kcal),Al Natura Linsenwaffeln (360 kcal),Blau,NA,NA,NA,NA,NA,NA,NA,NA,NA,NA,NA,NA,NA,NA,NA,NA,NA,NA,NA,NA,"Expresslieferung, 62 Tage früher, CHF 969.00","Expresslieferung, 31 Tage früher, CHF 1389.00","Expresslieferung, 31 Tage früher, CHF 1069.00","Expresslieferung, 31 Tage früher, CHF 534.00","Standardlieferung, 124 Tage, CHF 1199.00","Standardlieferung, 62 Tage, CHF 399.00","Standardlieferung, 93 Tage, CHF 1899.00","Standardlieferung, 124 Tage, CHF 1499.00","Expresslieferung, 62 Tage früher, CHF 1089.00","Expresslieferung, 62 Tage früher, CHF 36’500.00",In Tagen,NA,NA,NA,NA,NA,NA,NA,NA,NA,NA,fliegen,eher stark,eher wichtig,2,Nein,Nach Präferenzen: Ein Snack sollte einerseits schnell konsumierbar sein und teilweise gesund. Zudem sollte er einigermassen schmecken. Bei den Bestellungen mit Lieferfristen habe ich nach Dringlichkeit entschieden. Für einen Alltagsgegenstand habe ich die Expressoption mit schnellerer Lieferzeit ausgewählt.,NA
YC7f1KAhSL,IP Address,100,431,TRUE,anonymous,EN,Nein,"Ja, ich stimme zu",Snickers (2042 kJ),Zweifel Vaya Bean Salt Chips (1779 kJ),Isey Skyr Heidelbeere (432 kJ),Zweifel Paprika Chips (2695 kJ),Mandarine (222 kJ),Schokopudding (502 kJ),Zweifel Paprika Chips (2147 kJ),NA,NA,NA,NA,NA,NA,NA,Blau,"Expresslieferung, 62 Tage früher, CHF 969.00","Standardlieferung, 62 Tage, CHF 1299.00","Standardlieferung, 62 Tage, CHF 999.00","Standardlieferung, 62 Tage, CHF 499.00","Expresslieferung, 62 Tage früher, CHF 1279.00","Standardlieferung, 62 Tage, CHF 399.00","Expresslieferung, 31 Tage früher, CHF 2019.00","Standardlieferung, 124 Tage, CHF 1499.00","Standardlieferung, 186 Tage, CHF 999.00","Expresslieferung, 62 Tage früher, CHF 36'500.00",NA,NA,NA,NA,NA,NA,NA,NA,NA,NA,NA,NA,NA,NA,NA,NA,NA,NA,NA,NA,NA,NA,NA,NA,NA,NA,NA,NA,NA,NA,NA,fliegen,gar nicht,eher nicht wichtig,2,Nein,Nach Dringlichkeit,Viel Spass bei der Auswertung
IdkXhgmEvi,IP Address,100,220,TRUE,anonymous,EN,Nein,"Ja, ich stimme zu",NA,NA,NA,NA,NA,NA,NA,Mandarine (53 kcal),Zweifel Vaya Bean Salt Chips (424 kcal),Lotus Biscoff Pocket Karamell (900 kcal),Zweifel Paprika Chips (643 kcal),Mandarine (53 kcal),Naturjoghurt (62 kcal),Zweifel Paprika Chips (515 kcal),Blau,NA,NA,NA,NA,NA,NA,NA,NA,NA,NA,NA,NA,NA,NA,NA,NA,NA,NA,NA,NA,NA,NA,NA,NA,NA,NA,NA,NA,NA,NA,NA,"Standardlieferung, 4 Monate, CHF 899.00","Standardlieferung, 2 Monate, CHF 1299.00","Expresslieferung, 1 Monat früher, CHF 1069.00","Expresslieferung, 1 Monat früher, CHF 534.00","Standardlieferung, 4 Monate, CHF 1199.00","Standardlieferung, 2 Monate, CHF 399.00","Standardlieferung, 3 Monate, CHF 1899.00","Standardlieferung, 4 Monate, CHF 1499.00","Expresslieferung, 2 Monate früher, CHF 1089.00","Expresslieferung, 2 Monate früher, CHF 36'500.00",fliegen,eher wenig,unwichtig,2,Nein,Nach Bauchgefühl,NA
84EgYhMQor,IP Address,100,534731,TRUE,anonymous,EN,Ja,"Ja, ich stimme zu",Mandarine (222 kJ),Trauben (289 kJ),Lotus Biscoff Pocket Karamell (3780 kJ),Zweifel Paprika Chips (2695 kJ),Mandarine (222 kJ),Naturjoghurt (260 kJ),Zweifel Paprika Chips (2147 kJ),NA,NA,NA,NA,NA,NA,NA,Blau,NA,NA,NA,NA,NA,NA,NA,NA,NA,NA,"Expresslieferung, 2 Monate früher, CHF 969.00","Expresslieferung, 1 Monat früher, CHF 1389.00","Expresslieferung, 1 Monat früher, CHF 1069.00","Expresslieferung, 1 Monat früher, CHF 534.00","Expresslieferung, 2 Monate früher, CHF 1279.00","Expresslieferung, 1 Monat früher, CHF 429.00","Expresslieferung, 1 Monat früher, CHF 2019.00","Expresslieferung, 2 Monate früher, CHF 1619.00","Expresslieferung, 2 Monate früher, CHF 1089.00","Expresslieferung, 2 Monate früher, CHF 36'500.00",NA,NA,NA,NA,NA,NA,NA,NA,NA,NA,NA,NA,NA,NA,NA,NA,NA,NA,NA,NA,NA,fliegen,gar nicht,teils/teils,2,Nein,Mag,Nop
5WFntPGfFT,IP Address,100,199,TRUE,anonymous,EN,Ja,"Ja, ich stimme zu",Snickers (2042 kJ),Trauben (289 kJ),Isey Skyr Heidelbeere (432 kJ),Banane (446 kJ),Kinder Bueno (2376 kJ),Schokopudding (502 kJ),Zweifel Paprika Chips (2147 kJ),NA,NA,NA,NA,NA,NA,NA,Blau,"Standardlieferung, 124 Tage, CHF 899.00","Standardlieferung, 62 Tage, CHF 1299.00","Standardlieferung, 62 Tage, CHF 999.00","Standardlieferung, 62 Tage, CHF 499.00","Standardlieferung, 124 Tage, CHF 1199.00","Standardlieferung, 62 Tage, CHF 399.00","Standardlieferung, 93 Tage, CHF 1899.00","Standardlieferung, 124 Tage, CHF 1499.00","Standardlieferung, 186 Tage, CHF 999.00","Standardlieferung, 186 Tage, CHF 35'000.00",NA,NA,NA,NA,NA,NA,NA,NA,NA,NA,NA,NA,NA,NA,NA,NA,NA,NA,NA,NA,NA,NA,NA,NA,NA,NA,NA,NA,NA,NA,NA,fliegen,gar nicht,teils/teils,2,Nein,Was mir schmeckt und der Preis,Nein
asGXTPaIDQ,IP Address,100,290,TRUE,anonymous,EN,Ja,"Ja, ich stimme zu",Mandarine (222 kJ),Zweifel Vaya Bean Salt Chips (1779 kJ),Isey Skyr Heidelbeere (432 kJ),Banane (446 kJ),Mandarine (222 kJ),Naturjoghurt (260 kJ),Al Natura Linsenwaffeln (1525 kJ),NA,NA,NA,NA,NA,NA,NA,Blau,NA,NA,NA,NA,NA,NA,NA,NA,NA,NA,NA,NA,NA,NA,NA,NA,NA,NA,NA,NA,NA,NA,NA,NA,NA,NA,NA,NA,NA,NA,NA,"Standardlieferung, 4 Monate, CHF 899.00","Standardlieferung, 2 Monate, CHF 1299.00","Standardlieferung, 2 Monate, CHF 999.00","Standardlieferung, 2 Monate, CHF 499.00","Standardlieferung, 4 Monate, CHF 1199.00","Standardlieferung, 2 Monate, CHF 399.00","Standardlieferung, 3 Monate, CHF 1899.00","Standardlieferung, 4 Monate, CHF 1499.00","Standardlieferung, 6 Monate, CHF 999.00","Standardlieferung, 6 Monate, CHF 35'000.00",fliegen,eher wenig,teils/teils,2,Nein,Was mir spontan am sympathischten war.,NA
LoiwI6Bg2d,IP Address,99,516,FALSE,anonymous,EN,Ja,"Ja, ich stimme zu",Mandarine (222 kJ),Trauben (289 kJ),Isey Skyr Heidelbeere (432 kJ),Banane (446 kJ),Mandarine (222 kJ),Schokopudding (502 kJ),Al Natura Linsenwaffeln (1525 kJ),NA,NA,NA,NA,NA,NA,NA,Blau,NA,NA,NA,NA,NA,NA,NA,NA,NA,NA,NA,NA,NA,NA,NA,NA,NA,NA,NA,NA,NA,NA,NA,NA,NA,NA,NA,NA,NA,NA,NA,"Standardlieferung, 4 Monate, CHF 899.00","Standardlieferung, 2 Monate, CHF 1299.00","Standardlieferung, 2 Monate, CHF 999.00","Standardlieferung, 2 Monate, CHF 499.00","Standardlieferung, 4 Monate, CHF 1199.00","Standardlieferung, 2 Monate, CHF 399.00","Standardlieferung, 3 Monate, CHF 1899.00","Standardlieferung, 4 Monate, CHF 1499.00","Expresslieferung, 2 Monate früher, CHF 1089.00","Standardlieferung, 6 Monate, CHF 35'000.00",fliegen,teils/teils,teils/teils,2,Nein,"Ich habe wenig Geld, daher versuche ich möglichst die billigste Option zu wählen on Inkaufnahme der Lieferzeit.",Viel Erfolg bei deiner Studie!
mrwbkZt2xT,IP Address,100,271,TRUE,anonymous,EN,Ja,"Ja, ich stimme zu",NA,NA,NA,NA,NA,NA,NA,Mandarine (53 kcal),Trauben (69 kcal),Lotus Biscoff Pocket Karamell (900 kcal),Zweifel Paprika Chips (643 kcal),Mandarine (53 kcal),Schokopudding (120 kcal),Zweifel Paprika Chips (515 kcal),Blau,NA,NA,NA,NA,NA,NA,NA,NA,NA,NA,"Standardlieferung, 4 Monate, CHF 899.00","Standardlieferung, 2 Monate, CHF 1299.00","Standardlieferung, 2 Monate, CHF 999.00","Expresslieferung, 1 Monat früher, CHF 534.00","Standardlieferung, 4 Monate, CHF 1199.00","Standardlieferung, 2 Monate, CHF 399.00","Standardlieferung, 3 Monate, CHF 1899.00","Expresslieferung, 2 Monate früher, CHF 1619.00","Expresslieferung, 2 Monate früher, CHF 1089.00","Standardlieferung, 6 Monate, CHF 35'000.00",NA,NA,NA,NA,NA,NA,NA,NA,NA,NA,NA,NA,NA,NA,NA,NA,NA,NA,NA,NA,NA,fliegen,eher wenig,unwichtig,2,Nein,"Bauchgefühl, vorgestellt wie ich reagieren würde",NA
GfnT4GGE7V,IP Address,99,408,FALSE,anonymous,EN,Ja,"Ja, ich stimme zu",Mandarine (222 kJ),Zweifel Vaya Bean Salt Chips (1779 kJ),Isey Skyr Heidelbeere (432 kJ),Zweifel Paprika Chips (2695 kJ),Mandarine (222 kJ),Schokopudding (502 kJ),Zweifel Paprika Chips (2147 kJ),NA,NA,NA,NA,NA,NA,NA,Blau,NA,NA,NA,NA,NA,NA,NA,NA,NA,NA,NA,NA,NA,NA,NA,NA,NA,NA,NA,NA,NA,NA,NA,NA,NA,NA,NA,NA,NA,NA,NA,"Standardlieferung, 4 Monate, CHF 899.00","Expresslieferung, 1 Monat früher, CHF 1389.00","Expresslieferung, 1 Monat früher, CHF 1069.00","Standardlieferung, 2 Monate, CHF 499.00","Standardlieferung, 4 Monate, CHF 1199.00","Expresslieferung, 1 Monat früher, CHF 429.00","Standardlieferung, 3 Monate, CHF 1899.00","Standardlieferung, 4 Monate, CHF 1499.00","Standardlieferung, 6 Monate, CHF 999.00","Standardlieferung, 6 Monate, CHF 35'000.00",fliegen,teils/teils,teils/teils,2,Nein,Spontan,Nein
S7CkefkZLT,IP Address,99,497,FALSE,anonymous,EN,Ja,"Ja, ich stimme zu",NA,NA,NA,NA,NA,NA,NA,Snickers (488 kcal),Trauben (69 kcal),Lotus Biscoff Pocket Karamell (900 kcal),Banane (107 kcal),Mandarine (53 kcal),Schokopudding (120 kcal),Al Natura Linsenwaffeln (360 kcal),Blau,NA,NA,NA,NA,NA,NA,NA,NA,NA,NA,NA,NA,NA,NA,NA,NA,NA,NA,NA,NA,NA,NA,NA,NA,NA,NA,NA,NA,NA,NA,NA,"Expresslieferung, 2 Monate früher, CHF 969.00","Standardlieferung, 2 Monate, CHF 1299.00","Expresslieferung, 1 Monat früher, CHF 1069.00","Expresslieferung, 1 Monat früher, CHF 534.00","Expresslieferung, 2 Monate früher, CHF 1279.00","Standardlieferung, 2 Monate, CHF 399.00","Standardlieferung, 3 Monate, CHF 1899.00","Expresslieferung, 2 Monate früher, CHF 1619.00","Expresslieferung, 2 Monate früher, CHF 1089.00","Expresslieferung, 2 Monate früher, CHF 36'500.00",fliegen,eher wenig,teils/teils,2,Nein,"Anhand von
- Bedürfnis/Ziel/Notwendigkeit
- persönliche Präferenz
- Informationen (Kalorien, Preis)",NA
NzWRmdkijE,IP Address,100,394,TRUE,anonymous,EN,Ja,"Ja, ich stimme zu",NA,NA,NA,NA,NA,NA,NA,Mandarine (53 kcal),Zweifel Vaya Bean Salt Chips (424 kcal),Lotus Biscoff Pocket Karamell (900 kcal),Zweifel Paprika Chips (643 kcal),Kinder Bueno (560 kcal),Naturjoghurt (62 kcal),Zweifel Paprika Chips (515 kcal),Blau,NA,NA,NA,NA,NA,NA,NA,NA,NA,NA,NA,NA,NA,NA,NA,NA,NA,NA,NA,NA,"Expresslieferung, 62 Tage früher, CHF 969.00","Standardlieferung, 62 Tage, CHF 1299.00","Expresslieferung, 31 Tage früher, CHF 1069.00","Expresslieferung, 31 Tage früher, CHF 534.00","Expresslieferung, 62 Tage früher, CHF 1279.00","Expresslieferung, 31 Tage früher, CHF 429.00","Standardlieferung, 93 Tage, CHF 1899.00","Standardlieferung, 124 Tage, CHF 1499.00","Expresslieferung, 62 Tage früher, CHF 1089.00","Standardlieferung, 186 Tage, CHF 35’000.00",In Tagen,NA,NA,NA,NA,NA,NA,NA,NA,NA,NA,fliegen,eher wenig,eher wichtig,2,Nein,NA,NA
z1j8IWA7oG,IP Address,100,757,TRUE,anonymous,EN,Ja,"Ja, ich stimme zu",Snickers (2042 kJ),Zweifel Vaya Bean Salt Chips (1779 kJ),Isey Skyr Heidelbeere (432 kJ),Banane (446 kJ),Mandarine (222 kJ),Schokopudding (502 kJ),Zweifel Paprika Chips (2147 kJ),NA,NA,NA,NA,NA,NA,NA,Blau,"Expresslieferung, 62 Tage früher, CHF 969.00","Expresslieferung, 31 Tage früher, CHF 1389.00","Standardlieferung, 62 Tage, CHF 999.00","Standardlieferung, 62 Tage, CHF 499.00","Expresslieferung, 62 Tage früher, CHF 1279.00","Standardlieferung, 62 Tage, CHF 399.00","Standardlieferung, 93 Tage, CHF 1899.00","Expresslieferung, 62 Tage früher, CHF 1619.00","Standardlieferung, 186 Tage, CHF 999.00","Standardlieferung, 186 Tage, CHF 35'000.00",NA,NA,NA,NA,NA,NA,NA,NA,NA,NA,NA,NA,NA,NA,NA,NA,NA,NA,NA,NA,NA,NA,NA,NA,NA,NA,NA,NA,NA,NA,NA,fliegen,teils/teils,eher wichtig,2,Nein,". Ich habe darauf geachtet, ob ich die Dinge, die ich bestelle, dringend benötige oder ob ich gut warten kann, bis die Standardlieferung bei mir ankommt.",Die Resultate würden mich sehr interessieren.
UGj30yOHpW,IP Address,25,47,FALSE,anonymous,EN,NA,NA,NA,NA,NA,NA,NA,NA,NA,NA,NA,NA,NA,NA,NA,NA,NA,NA,NA,NA,NA,NA,NA,NA,NA,NA,NA,NA,NA,NA,NA,NA,NA,NA,NA,NA,NA,NA,NA,NA,NA,NA,NA,NA,NA,NA,NA,NA,NA,NA,NA,NA,NA,NA,NA,NA,NA,NA,NA,NA,NA,NA,NA,NA,NA
ySXFfcQrye,IP Address,100,571,TRUE,anonymous,EN,Nein,"Ja, ich stimme zu",NA,NA,NA,NA,NA,NA,NA,Snickers (488 kcal),Trauben (69 kcal),Lotus Biscoff Pocket Karamell (900 kcal),Zweifel Paprika Chips (643 kcal),Kinder Bueno (560 kcal),Schokopudding (120 kcal),Zweifel Paprika Chips (515 kcal),Blau,"Standardlieferung, 124 Tage, CHF 899.00","Standardlieferung, 62 Tage, CHF 1299.00","Standardlieferung, 62 Tage, CHF 999.00","Standardlieferung, 62 Tage, CHF 499.00","Standardlieferung, 124 Tage, CHF 1199.00","Standardlieferung, 62 Tage, CHF 399.00","Standardlieferung, 93 Tage, CHF 1899.00","Standardlieferung, 124 Tage, CHF 1499.00","Expresslieferung, 62 Tage früher, CHF 1089.00","Standardlieferung, 186 Tage, CHF 35'000.00",NA,NA,NA,NA,NA,NA,NA,NA,NA,NA,NA,NA,NA,NA,NA,NA,NA,NA,NA,NA,NA,NA,NA,NA,NA,NA,NA,NA,NA,NA,NA,fliegen,gar nicht,eher nicht wichtig,2,Nein,"Ich mag süss, ich mag Chips. Mein Gehirn entscheidet automatisch das Kaloriereichste zu nehmen. Ich möchte so wrnig Geld ausgeben wie möglich, werde einfach schauen, dass ich ein wenig im Voraus einkaufe.",NA
V9zVQ8UY6u,IP Address,100,308,TRUE,anonymous,EN,Ja,"Ja, ich stimme zu",NA,NA,NA,NA,NA,NA,NA,Snickers (488 kcal),Trauben (69 kcal),Lotus Biscoff Pocket Karamell (900 kcal),Banane (107 kcal),Kinder Bueno (560 kcal),Naturjoghurt (62 kcal),Al Natura Linsenwaffeln (360 kcal),Blau,NA,NA,NA,NA,NA,NA,NA,NA,NA,NA,NA,NA,NA,NA,NA,NA,NA,NA,NA,NA,NA,NA,NA,NA,NA,NA,NA,NA,NA,NA,NA,"Expresslieferung, 2 Monate früher, CHF 969.00","Expresslieferung, 1 Monat früher, CHF 1389.00","Expresslieferung, 1 Monat früher, CHF 1069.00","Expresslieferung, 1 Monat früher, CHF 534.00","Expresslieferung, 2 Monate früher, CHF 1279.00","Expresslieferung, 1 Monat früher, CHF 429.00","Standardlieferung, 3 Monate, CHF 1899.00","Standardlieferung, 4 Monate, CHF 1499.00","Expresslieferung, 2 Monate früher, CHF 1089.00","Standardlieferung, 6 Monate, CHF 35'000.00",fliegen,eher wenig,eher nicht wichtig,2,Nein,Ich warte nicht gern-Was ich gerne esse,Die Wartezeiten sind zu lang/unrealistisch
WmBNo8ofVw,IP Address,100,273,TRUE,anonymous,EN,Ja,"Ja, ich stimme zu",NA,NA,NA,NA,NA,NA,NA,Mandarine (53 kcal),Trauben (69 kcal),Lotus Biscoff Pocket Karamell (900 kcal),Zweifel Paprika Chips (643 kcal),Kinder Bueno (560 kcal),Schokopudding (120 kcal),Zweifel Paprika Chips (515 kcal),Blau,NA,NA,NA,NA,NA,NA,NA,NA,NA,NA,"Expresslieferung, 2 Monate früher, CHF 969.00","Expresslieferung, 1 Monat früher, CHF 1389.00","Expresslieferung, 1 Monat früher, CHF 1069.00","Standardlieferung, 2 Monate, CHF 499.00","Expresslieferung, 2 Monate früher, CHF 1279.00","Standardlieferung, 2 Monate, CHF 399.00","Standardlieferung, 3 Monate, CHF 1899.00","Expresslieferung, 2 Monate früher, CHF 1619.00","Standardlieferung, 6 Monate, CHF 999.00","Expresslieferung, 2 Monate früher, CHF 36'500.00",NA,NA,NA,NA,NA,NA,NA,NA,NA,NA,NA,NA,NA,NA,NA,NA,NA,NA,NA,NA,NA,fliegen,gar nicht,teils/teils,2,Nein,was mir in diesem moment gegallen würde,nein
nuU8pwIiSi,IP Address,100,286,TRUE,anonymous,EN,Nein,"Ja, ich stimme zu",Snickers (2042 kJ),Trauben (289 kJ),Isey Skyr Heidelbeere (432 kJ),Zweifel Paprika Chips (2695 kJ),Kinder Bueno (2376 kJ),Schokopudding (502 kJ),Zweifel Paprika Chips (2147 kJ),NA,NA,NA,NA,NA,NA,NA,Blau,NA,NA,NA,NA,NA,NA,NA,NA,NA,NA,NA,NA,NA,NA,NA,NA,NA,NA,NA,NA,NA,NA,NA,NA,NA,NA,NA,NA,NA,NA,NA,"Standardlieferung, 4 Monate, CHF 899.00","Standardlieferung, 2 Monate, CHF 1299.00","Expresslieferung, 1 Monat früher, CHF 1069.00","Standardlieferung, 2 Monate, CHF 499.00","Standardlieferung, 4 Monate, CHF 1199.00","Expresslieferung, 1 Monat früher, CHF 429.00","Standardlieferung, 3 Monate, CHF 1899.00","Standardlieferung, 4 Monate, CHF 1499.00","Expresslieferung, 2 Monate früher, CHF 1089.00","Standardlieferung, 6 Monate, CHF 35'000.00",fliegen,gar nicht,eher nicht wichtig,2,Nein,Nach Bedürfnis,NA
WwNzVs84Bb,IP Address,100,300,TRUE,anonymous,EN,Ja,"Ja, ich stimme zu",NA,NA,NA,NA,NA,NA,NA,Mandarine (53 kcal),Trauben (69 kcal),Lotus Biscoff Pocket Karamell (900 kcal),Banane (107 kcal),Mandarine (53 kcal),Naturjoghurt (62 kcal),Zweifel Paprika Chips (515 kcal),Blau,NA,NA,NA,NA,NA,NA,NA,NA,NA,NA,"Expresslieferung, 2 Monate früher, CHF 969.00","Expresslieferung, 1 Monat früher, CHF 1389.00","Expresslieferung, 1 Monat früher, CHF 1069.00","Expresslieferung, 1 Monat früher, CHF 534.00","Expresslieferung, 2 Monate früher, CHF 1279.00","Expresslieferung, 1 Monat früher, CHF 429.00","Expresslieferung, 1 Monat früher, CHF 2019.00","Standardlieferung, 4 Monate, CHF 1499.00","Standardlieferung, 6 Monate, CHF 999.00","Expresslieferung, 2 Monate früher, CHF 36'500.00",NA,NA,NA,NA,NA,NA,NA,NA,NA,NA,NA,NA,NA,NA,NA,NA,NA,NA,NA,NA,NA,fliegen,gar nicht,eher nicht wichtig,2,Nein,Kurz und entschlossene,Bin gespannt auf die Auswertung
OZTbSTH0SW,IP Address,100,171688,TRUE,anonymous,EN,Ja,"Ja, ich stimme zu",NA,NA,NA,NA,NA,NA,NA,Mandarine (53 kcal),Zweifel Vaya Bean Salt Chips (424 kcal),NA,Banane (107 kcal),Mandarine (53 kcal),Naturjoghurt (62 kcal),Al Natura Linsenwaffeln (360 kcal),Blau,NA,NA,NA,NA,NA,NA,NA,NA,NA,NA,"Standardlieferung, 4 Monate, CHF 899.00","Standardlieferung, 2 Monate, CHF 1299.00","Standardlieferung, 2 Monate, CHF 999.00","Standardlieferung, 2 Monate, CHF 499.00","Standardlieferung, 4 Monate, CHF 1199.00","Standardlieferung, 2 Monate, CHF 399.00","Standardlieferung, 3 Monate, CHF 1899.00","Standardlieferung, 4 Monate, CHF 1499.00","Standardlieferung, 6 Monate, CHF 999.00","Standardlieferung, 6 Monate, CHF 35'000.00",NA,NA,NA,NA,NA,NA,NA,NA,NA,NA,NA,NA,NA,NA,NA,NA,NA,NA,NA,NA,NA,fliegen,gar nicht,eher wichtig,2,Nein,"immer das leckere
immer das billige",das isch wohl die müehsamsti umfrog ever gsi
f6jJO3zwPd,IP Address,23,49,FALSE,anonymous,EN,NA,NA,NA,NA,NA,NA,NA,NA,NA,NA,NA,NA,NA,NA,NA,NA,NA,NA,NA,NA,NA,NA,NA,NA,NA,NA,NA,NA,NA,NA,NA,NA,NA,NA,NA,NA,NA,NA,NA,NA,NA,NA,NA,NA,NA,NA,NA,NA,NA,NA,NA,NA,NA,NA,NA,NA,NA,NA,NA,NA,NA,NA,NA,NA,NA
9AMxuwDD0d,IP Address,100,506,TRUE,anonymous,EN,Ja,"Ja, ich stimme zu",NA,NA,NA,NA,NA,NA,NA,Mandarine (53 kcal),Zweifel Vaya Bean Salt Chips (424 kcal),Lotus Biscoff Pocket Karamell (900 kcal),Banane (107 kcal),Mandarine (53 kcal),Schokopudding (120 kcal),Zweifel Paprika Chips (515 kcal),Blau,NA,NA,NA,NA,NA,NA,NA,NA,NA,NA,NA,NA,NA,NA,NA,NA,NA,NA,NA,NA,"Standardlieferung, 124 Tage, CHF 899.00","Standardlieferung, 62 Tage, CHF 1299.00","Standardlieferung, 62 Tage, CHF 999.00","Standardlieferung, 62 Tage, CHF 499.00","Standardlieferung, 124 Tage, CHF 1199.00","Standardlieferung, 62 Tage, CHF 399.00","Standardlieferung, 93 Tage, CHF 1899.00","Standardlieferung, 124 Tage, CHF 1499.00","Standardlieferung, 186 Tage, CHF 999.00","Standardlieferung, 186 Tage, CHF 35’000.00",In Tagen,NA,NA,NA,NA,NA,NA,NA,NA,NA,NA,fliegen,gar nicht,teils/teils,2,Nein,"Preis/Leistung. Für mein Empfinden sehe hoche Preise und da würde ich niemals noch mehr ausgeben wenn ich es mit geduld vermeiden kann. (würde aber in meisten Sachen wohl nochmals Google nach anderen Angeboten, da eine solch grosse Preis Range für mich bedeuten würde dass es wohl bessere alternativen geben kännte).",NA
04K5SKJNzi,IP Address,100,3906,TRUE,anonymous,EN,NA,NA,NA,NA,NA,Zweifel Paprika Chips (2695 kJ),Mandarine (222 kJ),Naturjoghurt (260 kJ),Zweifel Paprika Chips (2147 kJ),NA,NA,NA,NA,NA,NA,NA,Blau,NA,NA,NA,NA,NA,NA,NA,NA,NA,NA,NA,NA,NA,NA,NA,NA,NA,NA,NA,NA,NA,NA,NA,NA,NA,NA,NA,NA,NA,NA,NA,"Standardlieferung, 4 Monate, CHF 899.00","Expresslieferung, 1 Monat früher, CHF 1389.00","Standardlieferung, 2 Monate, CHF 999.00","Standardlieferung, 2 Monate, CHF 499.00","Expresslieferung, 2 Monate früher, CHF 1279.00","Expresslieferung, 1 Monat früher, CHF 429.00","Standardlieferung, 3 Monate, CHF 1899.00","Standardlieferung, 4 Monate, CHF 1499.00","Expresslieferung, 2 Monate früher, CHF 1089.00","Standardlieferung, 6 Monate, CHF 35'000.00",fliegen,gar nicht,eher wichtig,2,Nein,"Die Entscheidungen können bei diesem Fragebogen nicht realistisch getroffen werden. Bsp. Auto, bricht meine Karre gleich auseinander benötige ich schnell einen neuen. Wenn ich einfach das Auto wechseln möcht spielt die Zeit eine untergeordnete Rolle. Dasselbe mit Sofa, Bett usw.",NA
fWiW5vukC9,IP Address,100,347,TRUE,anonymous,EN,Ja,"Ja, ich stimme zu",NA,NA,NA,NA,NA,NA,NA,Snickers (488 kcal),Trauben (69 kcal),Isey Skyr Heidelbeere (129 kcal),Banane (107 kcal),Kinder Bueno (560 kcal),Naturjoghurt (62 kcal),Zweifel Paprika Chips (515 kcal),Blau,NA,NA,NA,NA,NA,NA,NA,NA,NA,NA,NA,NA,NA,NA,NA,NA,NA,NA,NA,NA,"Expresslieferung, 62 Tage früher, CHF 969.00","Expresslieferung, 31 Tage früher, CHF 1389.00","Expresslieferung, 31 Tage früher, CHF 1069.00","Expresslieferung, 31 Tage früher, CHF 534.00","Expresslieferung, 62 Tage früher, CHF 1279.00","Expresslieferung, 31 Tage früher, CHF 429.00","Standardlieferung, 93 Tage, CHF 1899.00","Expresslieferung, 62 Tage früher, CHF 1619.00","Expresslieferung, 62 Tage früher, CHF 1089.00","Standardlieferung, 186 Tage, CHF 35’000.00",In Tagen,NA,NA,NA,NA,NA,NA,NA,NA,NA,NA,fliegen,eher wenig,teils/teils,2,Nein,"1. Auf das was ich lust hatte
2. Ungeduldig, meist so schnell wie möglich",NA
UvwR6y9gSZ,IP Address,100,310,TRUE,anonymous,EN,Ja,"Ja, ich stimme zu",NA,NA,NA,NA,NA,NA,NA,Mandarine (53 kcal),Zweifel Vaya Bean Salt Chips (424 kcal),Lotus Biscoff Pocket Karamell (900 kcal),Banane (107 kcal),Mandarine (53 kcal),Naturjoghurt (62 kcal),Al Natura Linsenwaffeln (360 kcal),Blau,NA,NA,NA,NA,NA,NA,NA,NA,NA,NA,NA,NA,NA,NA,NA,NA,NA,NA,NA,NA,NA,NA,NA,NA,NA,NA,NA,NA,NA,NA,NA,"Standardlieferung, 4 Monate, CHF 899.00","Expresslieferung, 1 Monat früher, CHF 1389.00","Expresslieferung, 1 Monat früher, CHF 1069.00","Standardlieferung, 2 Monate, CHF 499.00","Standardlieferung, 4 Monate, CHF 1199.00","Expresslieferung, 1 Monat früher, CHF 429.00","Standardlieferung, 3 Monate, CHF 1899.00","Standardlieferung, 4 Monate, CHF 1499.00","Expresslieferung, 2 Monate früher, CHF 1089.00","Standardlieferung, 6 Monate, CHF 35'000.00",fliegen,eher wenig,teils/teils,2,Nein,"Das, was ich lieber esse und die Dringlichkeit das Produkt zu benutzen",NA
9ehusPKGXL,IP Address,100,230,TRUE,anonymous,EN,Nein,"Ja, ich stimme zu",NA,NA,NA,NA,NA,NA,NA,Mandarine (53 kcal),Zweifel Vaya Bean Salt Chips (424 kcal),Isey Skyr Heidelbeere (129 kcal),Zweifel Paprika Chips (643 kcal),Mandarine (53 kcal),Schokopudding (120 kcal),Zweifel Paprika Chips (515 kcal),Blau,NA,NA,NA,NA,NA,NA,NA,NA,NA,NA,"Standardlieferung, 4 Monate, CHF 899.00","Standardlieferung, 2 Monate, CHF 1299.00","Standardlieferung, 2 Monate, CHF 999.00","Standardlieferung, 2 Monate, CHF 499.00","Expresslieferung, 2 Monate früher, CHF 1279.00","Standardlieferung, 2 Monate, CHF 399.00","Standardlieferung, 3 Monate, CHF 1899.00","Expresslieferung, 2 Monate früher, CHF 1619.00","Standardlieferung, 6 Monate, CHF 999.00","Expresslieferung, 2 Monate früher, CHF 36'500.00",NA,NA,NA,NA,NA,NA,NA,NA,NA,NA,NA,NA,NA,NA,NA,NA,NA,NA,NA,NA,NA,fliegen,gar nicht,teils/teils,2,Nein,"Auf die Sachen, die wichtiger sind",NA
eTftfyoK5t,IP Address,100,374,TRUE,anonymous,EN,Ja,"Ja, ich stimme zu",Mandarine (222 kJ),Trauben (289 kJ),Isey Skyr Heidelbeere (432 kJ),Banane (446 kJ),Mandarine (222 kJ),Schokopudding (502 kJ),Al Natura Linsenwaffeln (1525 kJ),NA,NA,NA,NA,NA,NA,NA,Blau,NA,NA,NA,NA,NA,NA,NA,NA,NA,NA,NA,NA,NA,NA,NA,NA,NA,NA,NA,NA,NA,NA,NA,NA,NA,NA,NA,NA,NA,NA,NA,"Expresslieferung, 2 Monate früher, CHF 969.00","Standardlieferung, 2 Monate, CHF 1299.00","Standardlieferung, 2 Monate, CHF 999.00","Standardlieferung, 2 Monate, CHF 499.00","Standardlieferung, 4 Monate, CHF 1199.00","Standardlieferung, 2 Monate, CHF 399.00","Standardlieferung, 3 Monate, CHF 1899.00","Expresslieferung, 2 Monate früher, CHF 1619.00","Expresslieferung, 2 Monate früher, CHF 1089.00","Expresslieferung, 2 Monate früher, CHF 36'500.00",fliegen,teils/teils,eher wichtig,2,Nein,"Einige Antworten habe ich so gewählt, weil es bei der Lieferung auf die Dringlichkeit ankommt. Wenn ich etwas dringend brauche, wähle ich Expressversand, sonst Standard. Daher waren die Antwortoptionen für mich nicht optimal.","Einige Antworten habe ich so gewählt, weil es bei der Lieferung auf die Dringlichkeit ankommt. Wenn ich etwas dringend brauche, wähle ich Expressversand, sonst Standard. Daher waren die Antwortoptionen für mich nicht optimal."
f6wicmqzy7,IP Address,100,320,TRUE,anonymous,EN,Ja,"Ja, ich stimme zu",Mandarine (222 kJ),Trauben (289 kJ),Isey Skyr Heidelbeere (432 kJ),Zweifel Paprika Chips (2695 kJ),Kinder Bueno (2376 kJ),Schokopudding (502 kJ),Zweifel Paprika Chips (2147 kJ),NA,NA,NA,NA,NA,NA,NA,Blau,NA,NA,NA,NA,NA,NA,NA,NA,NA,NA,NA,NA,NA,NA,NA,NA,NA,NA,NA,NA,"Expresslieferung, 62 Tage früher, CHF 969.00","Standardlieferung, 62 Tage, CHF 1299.00","Expresslieferung, 31 Tage früher, CHF 1069.00","Standardlieferung, 62 Tage, CHF 499.00","Expresslieferung, 62 Tage früher, CHF 1279.00","Standardlieferung, 62 Tage, CHF 399.00","Expresslieferung, 31 Tage früher, CHF 2019.00","Standardlieferung, 124 Tage, CHF 1499.00","Expresslieferung, 62 Tage früher, CHF 1089.00","Expresslieferung, 62 Tage früher, CHF 36’500.00",In Tagen,NA,NA,NA,NA,NA,NA,NA,NA,NA,NA,fliegen,teils/teils,eher wichtig,2,Nein,"ob dringend oder nicht bezüglich Daten, was ich gerade lieber möchte beim Essen",NA
JOFQHLm9GQ,IP Address,100,135,TRUE,anonymous,EN,Ja,"Ja, ich stimme zu",NA,NA,NA,NA,NA,NA,NA,Snickers (488 kcal),Zweifel Vaya Bean Salt Chips (424 kcal),Lotus Biscoff Pocket Karamell (900 kcal),Zweifel Paprika Chips (643 kcal),Kinder Bueno (560 kcal),Schokopudding (120 kcal),Zweifel Paprika Chips (515 kcal),Blau,NA,NA,NA,NA,NA,NA,NA,NA,NA,NA,"Standardlieferung, 4 Monate, CHF 899.00","Standardlieferung, 2 Monate, CHF 1299.00","Expresslieferung, 1 Monat früher, CHF 1069.00","Standardlieferung, 2 Monate, CHF 499.00","Standardlieferung, 4 Monate, CHF 1199.00","Standardlieferung, 2 Monate, CHF 399.00","Standardlieferung, 3 Monate, CHF 1899.00","Standardlieferung, 4 Monate, CHF 1499.00","Expresslieferung, 2 Monate früher, CHF 1089.00","Standardlieferung, 6 Monate, CHF 35'000.00",NA,NA,NA,NA,NA,NA,NA,NA,NA,NA,NA,NA,NA,NA,NA,NA,NA,NA,NA,NA,NA,fliegen,gar nicht,teils/teils,2,Nein,NA,NA
YN2B8e8gFD,IP Address,1,88,FALSE,anonymous,EN,NA,NA,NA,NA,NA,NA,NA,NA,NA,NA,NA,NA,NA,NA,NA,NA,NA,NA,NA,NA,NA,NA,NA,NA,NA,NA,NA,NA,NA,NA,NA,NA,NA,NA,NA,NA,NA,NA,NA,NA,NA,NA,NA,NA,NA,NA,NA,NA,NA,NA,NA,NA,NA,NA,NA,NA,NA,NA,NA,NA,NA,NA,NA,NA,NA
LoxIRx4aqa,IP Address,100,390,TRUE,anonymous,EN,Ja,"Ja, ich stimme zu",NA,NA,NA,NA,NA,NA,NA,Snickers (488 kcal),Trauben (69 kcal),Lotus Biscoff Pocket Karamell (900 kcal),Zweifel Paprika Chips (643 kcal),Kinder Bueno (560 kcal),Schokopudding (120 kcal),Zweifel Paprika Chips (515 kcal),Blau,NA,NA,NA,NA,NA,NA,NA,NA,NA,NA,NA,NA,NA,NA,NA,NA,NA,NA,NA,NA,NA,NA,NA,NA,NA,NA,NA,NA,NA,NA,NA,"Expresslieferung, 2 Monate früher, CHF 969.00","Expresslieferung, 1 Monat früher, CHF 1389.00","Expresslieferung, 1 Monat früher, CHF 1069.00","Expresslieferung, 1 Monat früher, CHF 534.00","Expresslieferung, 2 Monate früher, CHF 1279.00","Expresslieferung, 1 Monat früher, CHF 429.00","Standardlieferung, 3 Monate, CHF 1899.00","Expresslieferung, 2 Monate früher, CHF 1619.00","Expresslieferung, 2 Monate früher, CHF 1089.00","Standardlieferung, 6 Monate, CHF 35'000.00",fliegen,gar nicht,eher wichtig,2,Nein,Beim den Snacks: Intuition auf was ich gerade mehr Lust hätte. Bei den Bestellungen eher abgewogen ob ich für das entsprechende Produkt warten würde oder nicht.,-
9wXsGXieYB,IP Address,100,502,TRUE,anonymous,EN,Ja,"Ja, ich stimme zu",Mandarine (222 kJ),Trauben (289 kJ),Isey Skyr Heidelbeere (432 kJ),Banane (446 kJ),Mandarine (222 kJ),Schokopudding (502 kJ),Zweifel Paprika Chips (2147 kJ),NA,NA,NA,NA,NA,NA,NA,Blau,NA,NA,NA,NA,NA,NA,NA,NA,NA,NA,NA,NA,NA,NA,NA,NA,NA,NA,NA,NA,"Expresslieferung, 62 Tage früher, CHF 969.00","Standardlieferung, 62 Tage, CHF 1299.00","Expresslieferung, 31 Tage früher, CHF 1069.00","Standardlieferung, 62 Tage, CHF 499.00","Standardlieferung, 124 Tage, CHF 1199.00","Standardlieferung, 62 Tage, CHF 399.00","Standardlieferung, 93 Tage, CHF 1899.00","Standardlieferung, 124 Tage, CHF 1499.00","Standardlieferung, 186 Tage, CHF 999.00","Expresslieferung, 62 Tage früher, CHF 36’500.00",In Tagen,NA,NA,NA,NA,NA,NA,NA,NA,NA,NA,fliegen,teils/teils,eher wichtig,2,Nein,"Nach Kalorien, Preis, Wert","Bei der ersten Frage, wo es um die Energie geht - ist nicht auf den ersten Blick klar, dass es um die Kalorien geht. Eventuell Frage direkt nach den Lebensmitteln stellen. Bei den materiellen Käufen (Sofa, Madratze, Kamera, Handy) fallen Entscheidungen bei mir je nach Dringlichkeit aus. Wenn das Handy defekt ist, würde ich eher auf die Expresslieferung ausweichen. Hingegen wenn ich mir einfach das neue Iphone gönnen will, ist es egal, wenn die Lieferung später kommt. Aus diesem Grund finde ich diese Entscheidungsfragen kann man nicht grundsätzlich beantworten - es kommt auf die aktuelle Situation an."
u9zPgqVLQO,IP Address,100,360,TRUE,anonymous,EN,Nein,"Ja, ich stimme zu",NA,NA,NA,NA,NA,NA,NA,Snickers (488 kcal),Zweifel Vaya Bean Salt Chips (424 kcal),Lotus Biscoff Pocket Karamell (900 kcal),Zweifel Paprika Chips (643 kcal),Kinder Bueno (560 kcal),Schokopudding (120 kcal),Zweifel Paprika Chips (515 kcal),Blau,NA,NA,NA,NA,NA,NA,NA,NA,NA,NA,NA,NA,NA,NA,NA,NA,NA,NA,NA,NA,NA,NA,NA,NA,NA,NA,NA,NA,NA,NA,NA,"Expresslieferung, 2 Monate früher, CHF 969.00","Standardlieferung, 2 Monate, CHF 1299.00","Expresslieferung, 1 Monat früher, CHF 1069.00","Standardlieferung, 2 Monate, CHF 499.00","Expresslieferung, 2 Monate früher, CHF 1279.00","Expresslieferung, 1 Monat früher, CHF 429.00","Standardlieferung, 3 Monate, CHF 1899.00","Standardlieferung, 4 Monate, CHF 1499.00","Expresslieferung, 2 Monate früher, CHF 1089.00","Expresslieferung, 2 Monate früher, CHF 36'500.00",fliegen,gar nicht,teils/teils,2,Nein,Bauchgefühl,NA
ommfqO0mli,IP Address,100,221,TRUE,anonymous,EN,Ja,"Ja, ich stimme zu",NA,NA,NA,NA,NA,NA,NA,Mandarine (53 kcal),Zweifel Vaya Bean Salt Chips (424 kcal),Lotus Biscoff Pocket Karamell (900 kcal),Banane (107 kcal),Kinder Bueno (560 kcal),Schokopudding (120 kcal),Al Natura Linsenwaffeln (360 kcal),Blau,"Standardlieferung, 124 Tage, CHF 899.00","Standardlieferung, 62 Tage, CHF 1299.00","Standardlieferung, 62 Tage, CHF 999.00","Standardlieferung, 62 Tage, CHF 499.00","Standardlieferung, 124 Tage, CHF 1199.00","Standardlieferung, 62 Tage, CHF 399.00","Standardlieferung, 93 Tage, CHF 1899.00",NA,"Expresslieferung, 62 Tage früher, CHF 1089.00","Standardlieferung, 186 Tage, CHF 35'000.00",NA,NA,NA,NA,NA,NA,NA,NA,NA,NA,NA,NA,NA,NA,NA,NA,NA,NA,NA,NA,NA,NA,NA,NA,NA,NA,NA,NA,NA,NA,NA,fliegen,gar nicht,unwichtig,2,Nein,NA,NA
ydILZJPKrp,IP Address,100,317,TRUE,anonymous,EN,Nein,"Ja, ich stimme zu",Snickers (2042 kJ),Trauben (289 kJ),Isey Skyr Heidelbeere (432 kJ),Banane (446 kJ),Kinder Bueno (2376 kJ),Schokopudding (502 kJ),NA,NA,NA,NA,NA,NA,NA,NA,Blau,NA,NA,NA,NA,NA,NA,NA,NA,NA,NA,NA,NA,NA,NA,NA,NA,NA,NA,NA,NA,"Expresslieferung, 62 Tage früher, CHF 969.00","Standardlieferung, 62 Tage, CHF 1299.00","Standardlieferung, 62 Tage, CHF 999.00","Expresslieferung, 31 Tage früher, CHF 534.00","Expresslieferung, 62 Tage früher, CHF 1279.00","Expresslieferung, 31 Tage früher, CHF 429.00","Standardlieferung, 93 Tage, CHF 1899.00","Standardlieferung, 124 Tage, CHF 1499.00","Standardlieferung, 186 Tage, CHF 999.00","Standardlieferung, 186 Tage, CHF 35’000.00",In Tagen,NA,NA,NA,NA,NA,NA,NA,NA,NA,NA,fliegen,gar nicht,eher wichtig,2,Nein,Möglichst intuitiv ohne zu hinterfragen warum dies gefragt wird,NA
Yk5nmJlRjL,IP Address,100,288,TRUE,anonymous,EN,Ja,"Ja, ich stimme zu",NA,NA,NA,NA,NA,NA,NA,Snickers (488 kcal),Zweifel Vaya Bean Salt Chips (424 kcal),Lotus Biscoff Pocket Karamell (900 kcal),Zweifel Paprika Chips (643 kcal),Kinder Bueno (560 kcal),Schokopudding (120 kcal),Al Natura Linsenwaffeln (360 kcal),Blau,NA,NA,NA,NA,NA,NA,NA,NA,NA,NA,NA,NA,NA,NA,NA,NA,NA,NA,NA,NA,NA,NA,NA,NA,NA,NA,NA,NA,NA,NA,NA,"Standardlieferung, 4 Monate, CHF 899.00","Standardlieferung, 2 Monate, CHF 1299.00","Standardlieferung, 2 Monate, CHF 999.00","Standardlieferung, 2 Monate, CHF 499.00","Standardlieferung, 4 Monate, CHF 1199.00","Standardlieferung, 2 Monate, CHF 399.00","Standardlieferung, 3 Monate, CHF 1899.00","Standardlieferung, 4 Monate, CHF 1499.00","Standardlieferung, 6 Monate, CHF 999.00","Standardlieferung, 6 Monate, CHF 35'000.00",fliegen,eher wenig,eher nicht wichtig,2,Nein,"Beim Essen, was ich lieber mag. Beim Kaufen, was billiger ist.",NA
zbofBVoaDs,IP Address,99,473,FALSE,anonymous,EN,Nein,"Ja, ich stimme zu",NA,NA,NA,NA,NA,NA,NA,Mandarine (53 kcal),Zweifel Vaya Bean Salt Chips (424 kcal),Isey Skyr Heidelbeere (129 kcal),Banane (107 kcal),Mandarine (53 kcal),Schokopudding (120 kcal),Zweifel Paprika Chips (515 kcal),Blau,NA,NA,NA,NA,NA,NA,NA,NA,NA,NA,"Standardlieferung, 4 Monate, CHF 899.00","Expresslieferung, 1 Monat früher, CHF 1389.00","Expresslieferung, 1 Monat früher, CHF 1069.00","Standardlieferung, 2 Monate, CHF 499.00","Standardlieferung, 4 Monate, CHF 1199.00","Standardlieferung, 2 Monate, CHF 399.00","Standardlieferung, 3 Monate, CHF 1899.00","Standardlieferung, 4 Monate, CHF 1499.00","Expresslieferung, 2 Monate früher, CHF 1089.00","Expresslieferung, 2 Monate früher, CHF 36'500.00",NA,NA,NA,NA,NA,NA,NA,NA,NA,NA,NA,NA,NA,NA,NA,NA,NA,NA,NA,NA,NA,fliegen,eher wenig,eher nicht wichtig,2,Nein,"Beim Essen habe ich mich gefragt, was ich gerade gerne essen würde. Und bei den Bestellungen, wie lange ich auf etwas warten kann.",NA
OIJIgOB8gH,IP Address,100,122,TRUE,anonymous,EN,Ja,"Ja, ich stimme zu",Snickers (2042 kJ),Trauben (289 kJ),Isey Skyr Heidelbeere (432 kJ),Zweifel Paprika Chips (2695 kJ),Kinder Bueno (2376 kJ),Schokopudding (502 kJ),Zweifel Paprika Chips (2147 kJ),NA,NA,NA,NA,NA,NA,NA,Blau,NA,NA,NA,NA,NA,NA,NA,NA,NA,NA,NA,NA,NA,NA,NA,NA,NA,NA,NA,NA,NA,NA,NA,NA,NA,NA,NA,NA,NA,NA,NA,"Standardlieferung, 4 Monate, CHF 899.00","Standardlieferung, 2 Monate, CHF 1299.00","Standardlieferung, 2 Monate, CHF 999.00","Standardlieferung, 2 Monate, CHF 499.00","Standardlieferung, 4 Monate, CHF 1199.00","Expresslieferung, 1 Monat früher, CHF 429.00","Expresslieferung, 1 Monat früher, CHF 2019.00","Standardlieferung, 4 Monate, CHF 1499.00","Standardlieferung, 6 Monate, CHF 999.00","Standardlieferung, 6 Monate, CHF 35'000.00",fliegen,stark,teils/teils,2,Nein,Gechillt,Wieso macht ihr umfragen?
6PNuDC80kY,IP Address,27,54,FALSE,anonymous,EN,Ja,"Ja, ich stimme zu",Snickers (2042 kJ),Trauben (289 kJ),Lotus Biscoff Pocket Karamell (3780 kJ),Banane (446 kJ),Mandarine (222 kJ),Naturjoghurt (260 kJ),NA,NA,NA,NA,NA,NA,NA,NA,NA,NA,NA,NA,NA,NA,NA,NA,NA,NA,NA,NA,NA,NA,NA,NA,NA,NA,NA,NA,NA,NA,NA,NA,NA,NA,NA,NA,NA,NA,NA,NA,NA,NA,NA,NA,NA,NA,NA,NA,NA,NA,NA,NA,NA,NA,NA,NA,NA
pPllcBYplK,IP Address,100,224,TRUE,anonymous,EN,Nein,"Ja, ich stimme zu",Snickers (2042 kJ),Trauben (289 kJ),Lotus Biscoff Pocket Karamell (3780 kJ),Zweifel Paprika Chips (2695 kJ),Kinder Bueno (2376 kJ),Schokopudding (502 kJ),Zweifel Paprika Chips (2147 kJ),NA,NA,NA,NA,NA,NA,NA,Blau,NA,NA,NA,NA,NA,NA,NA,NA,NA,NA,"Standardlieferung, 4 Monate, CHF 899.00","Standardlieferung, 2 Monate, CHF 1299.00","Standardlieferung, 2 Monate, CHF 999.00","Standardlieferung, 2 Monate, CHF 499.00","Standardlieferung, 4 Monate, CHF 1199.00","Standardlieferung, 2 Monate, CHF 399.00","Standardlieferung, 3 Monate, CHF 1899.00","Standardlieferung, 4 Monate, CHF 1499.00","Standardlieferung, 6 Monate, CHF 999.00","Standardlieferung, 6 Monate, CHF 35'000.00",NA,NA,NA,NA,NA,NA,NA,NA,NA,NA,NA,NA,NA,NA,NA,NA,NA,NA,NA,NA,NA,fliegen,eher wenig,eher nicht wichtig,2,Nein,Intuition,NA
T2Rmw5TmlJ,IP Address,100,417,TRUE,anonymous,EN,Ja,"Ja, ich stimme zu",NA,NA,NA,NA,NA,NA,NA,Mandarine (53 kcal),Zweifel Vaya Bean Salt Chips (424 kcal),Isey Skyr Heidelbeere (129 kcal),Banane (107 kcal),Mandarine (53 kcal),Schokopudding (120 kcal),Al Natura Linsenwaffeln (360 kcal),Blau,NA,NA,NA,NA,NA,NA,NA,NA,NA,NA,NA,NA,NA,NA,NA,NA,NA,NA,NA,NA,NA,NA,NA,NA,NA,NA,NA,NA,NA,NA,NA,"Expresslieferung, 2 Monate früher, CHF 969.00","Expresslieferung, 1 Monat früher, CHF 1389.00","Expresslieferung, 1 Monat früher, CHF 1069.00","Expresslieferung, 1 Monat früher, CHF 534.00","Expresslieferung, 2 Monate früher, CHF 1279.00","Expresslieferung, 1 Monat früher, CHF 429.00","Expresslieferung, 1 Monat früher, CHF 2019.00",NA,"Expresslieferung, 2 Monate früher, CHF 1089.00","Standardlieferung, 6 Monate, CHF 35'000.00",fliegen,gar nicht,eher nicht wichtig,2,Nein,intuitiv und schnell,NA
i5nnZjqQtO,IP Address,100,180,TRUE,anonymous,EN,Ja,"Ja, ich stimme zu",Snickers (2042 kJ),Zweifel Vaya Bean Salt Chips (1779 kJ),Isey Skyr Heidelbeere (432 kJ),Banane (446 kJ),Kinder Bueno (2376 kJ),Naturjoghurt (260 kJ),Al Natura Linsenwaffeln (1525 kJ),NA,NA,NA,NA,NA,NA,NA,Blau,"Expresslieferung, 62 Tage früher, CHF 969.00","Expresslieferung, 31 Tage früher, CHF 1389.00","Expresslieferung, 31 Tage früher, CHF 1069.00","Expresslieferung, 31 Tage früher, CHF 534.00","Expresslieferung, 62 Tage früher, CHF 1279.00","Standardlieferung, 62 Tage, CHF 399.00","Standardlieferung, 93 Tage, CHF 1899.00","Standardlieferung, 124 Tage, CHF 1499.00","Standardlieferung, 186 Tage, CHF 999.00","Expresslieferung, 62 Tage früher, CHF 36'500.00",NA,NA,NA,NA,NA,NA,NA,NA,NA,NA,NA,NA,NA,NA,NA,NA,NA,NA,NA,NA,NA,NA,NA,NA,NA,NA,NA,NA,NA,NA,NA,fliegen,stark,sehr wichtig,2,Nein,Basierend auf meinem Verhalten,NA
HC64Ovmp8W,IP Address,1,14,FALSE,anonymous,EN,NA,NA,NA,NA,NA,NA,NA,NA,NA,NA,NA,NA,NA,NA,NA,NA,NA,NA,NA,NA,NA,NA,NA,NA,NA,NA,NA,NA,NA,NA,NA,NA,NA,NA,NA,NA,NA,NA,NA,NA,NA,NA,NA,NA,NA,NA,NA,NA,NA,NA,NA,NA,NA,NA,NA,NA,NA,NA,NA,NA,NA,NA,NA,NA,NA
yTGqdrqyAT,IP Address,100,1153,TRUE,anonymous,EN,Ja,"Ja, ich stimme zu",Snickers (2042 kJ),Trauben (289 kJ),Isey Skyr Heidelbeere (432 kJ),Zweifel Paprika Chips (2695 kJ),Mandarine (222 kJ),Schokopudding (502 kJ),Zweifel Paprika Chips (2147 kJ),NA,NA,NA,NA,NA,NA,NA,Blau,"Expresslieferung, 62 Tage früher, CHF 969.00","Expresslieferung, 31 Tage früher, CHF 1389.00","Expresslieferung, 31 Tage früher, CHF 1069.00","Expresslieferung, 31 Tage früher, CHF 534.00","Expresslieferung, 62 Tage früher, CHF 1279.00","Expresslieferung, 31 Tage früher, CHF 429.00","Standardlieferung, 93 Tage, CHF 1899.00","Expresslieferung, 62 Tage früher, CHF 1619.00","Expresslieferung, 62 Tage früher, CHF 1089.00","Standardlieferung, 186 Tage, CHF 35'000.00",NA,NA,NA,NA,NA,NA,NA,NA,NA,NA,NA,NA,NA,NA,NA,NA,NA,NA,NA,NA,NA,NA,NA,NA,NA,NA,NA,NA,NA,NA,NA,fliegen,gar nicht,teils/teils,2,Nein,"Bei den Snacks nur nach persönliche Vorliebe, nicht nach Kalorienzahl, denn ich schaue bei den Hauptmahlzeiten auf die Gesundheit.
Bei den Bestellungen ist es mir (meistens)wichtig, dass ich nicht zu lange darauf warten muss. Dann darf es etwas mehr kosten.",Die Wartezeiten bei den Bestellungen waren überall ziemlich lange!
FitI51vvKE,IP Address,100,904,TRUE,anonymous,EN,Ja,"Ja, ich stimme zu",NA,NA,NA,NA,NA,NA,NA,Snickers (488 kcal),Trauben (69 kcal),Lotus Biscoff Pocket Karamell (900 kcal),Zweifel Paprika Chips (643 kcal),Kinder Bueno (560 kcal),Schokopudding (120 kcal),Al Natura Linsenwaffeln (360 kcal),Blau,"Expresslieferung, 62 Tage früher, CHF 969.00","Expresslieferung, 31 Tage früher, CHF 1389.00","Expresslieferung, 31 Tage früher, CHF 1069.00","Expresslieferung, 31 Tage früher, CHF 534.00","Expresslieferung, 62 Tage früher, CHF 1279.00","Expresslieferung, 31 Tage früher, CHF 429.00","Expresslieferung, 31 Tage früher, CHF 2019.00","Expresslieferung, 62 Tage früher, CHF 1619.00","Expresslieferung, 62 Tage früher, CHF 1089.00","Expresslieferung, 62 Tage früher, CHF 36'500.00",NA,NA,NA,NA,NA,NA,NA,NA,NA,NA,NA,NA,NA,NA,NA,NA,NA,NA,NA,NA,NA,NA,NA,NA,NA,NA,NA,NA,NA,NA,NA,fliegen,eher wenig,teils/teils,10,Nein,"Ich habe gesehen, dass ihr versucht habt zu schauen ob wir ,,mitlesen” habe ich & habe bis auf eine frage richtig geantwortet",Viel Spaß euch alle zusammen !
N14HSGOpPD,IP Address,100,224,TRUE,anonymous,EN,Ja,"Ja, ich stimme zu",NA,NA,NA,NA,NA,NA,NA,Mandarine (53 kcal),Trauben (69 kcal),Lotus Biscoff Pocket Karamell (900 kcal),Banane (107 kcal),Mandarine (53 kcal),Schokopudding (120 kcal),Al Natura Linsenwaffeln (360 kcal),Blau,NA,NA,NA,NA,NA,NA,NA,NA,NA,NA,NA,NA,NA,NA,NA,NA,NA,NA,NA,NA,"Standardlieferung, 124 Tage, CHF 899.00","Standardlieferung, 62 Tage, CHF 1299.00","Expresslieferung, 31 Tage früher, CHF 1069.00","Standardlieferung, 62 Tage, CHF 499.00","Expresslieferung, 62 Tage früher, CHF 1279.00","Expresslieferung, 31 Tage früher, CHF 429.00","Standardlieferung, 93 Tage, CHF 1899.00","Standardlieferung, 124 Tage, CHF 1499.00","Standardlieferung, 186 Tage, CHF 999.00","Expresslieferung, 62 Tage früher, CHF 36’500.00",In Tagen,NA,NA,NA,NA,NA,NA,NA,NA,NA,NA,fliegen,eher wenig,teils/teils,2,Nein,Spontan,-
sM3FweGczI,IP Address,100,266,TRUE,anonymous,EN,Ja,"Ja, ich stimme zu",Snickers (2042 kJ),Trauben (289 kJ),Lotus Biscoff Pocket Karamell (3780 kJ),Banane (446 kJ),Mandarine (222 kJ),Schokopudding (502 kJ),Zweifel Paprika Chips (2147 kJ),NA,NA,NA,NA,NA,NA,NA,Blau,"Expresslieferung, 62 Tage früher, CHF 969.00","Expresslieferung, 31 Tage früher, CHF 1389.00","Expresslieferung, 31 Tage früher, CHF 1069.00","Standardlieferung, 62 Tage, CHF 499.00","Standardlieferung, 124 Tage, CHF 1199.00","Standardlieferung, 62 Tage, CHF 399.00","Standardlieferung, 93 Tage, CHF 1899.00","Expresslieferung, 62 Tage früher, CHF 1619.00","Standardlieferung, 186 Tage, CHF 999.00","Standardlieferung, 186 Tage, CHF 35'000.00",NA,NA,NA,NA,NA,NA,NA,NA,NA,NA,NA,NA,NA,NA,NA,NA,NA,NA,NA,NA,NA,NA,NA,NA,NA,NA,NA,NA,NA,NA,NA,fliegen,gar nicht,teils/teils,2,Ja,Habe sie einfach ehrlich beantwortet,Nein
1UvvW1TAof,IP Address,100,290,TRUE,anonymous,EN,Nein,"Ja, ich stimme zu",NA,NA,NA,NA,NA,NA,NA,Snickers (488 kcal),Zweifel Vaya Bean Salt Chips (424 kcal),Isey Skyr Heidelbeere (129 kcal),Zweifel Paprika Chips (643 kcal),Kinder Bueno (560 kcal),Naturjoghurt (62 kcal),Zweifel Paprika Chips (515 kcal),Blau,NA,NA,NA,NA,NA,NA,NA,NA,NA,NA,"Standardlieferung, 4 Monate, CHF 899.00","Standardlieferung, 2 Monate, CHF 1299.00","Standardlieferung, 2 Monate, CHF 999.00","Standardlieferung, 2 Monate, CHF 499.00","Standardlieferung, 4 Monate, CHF 1199.00","Expresslieferung, 1 Monat früher, CHF 429.00","Standardlieferung, 3 Monate, CHF 1899.00","Standardlieferung, 4 Monate, CHF 1499.00","Standardlieferung, 6 Monate, CHF 999.00","Standardlieferung, 6 Monate, CHF 35'000.00",NA,NA,NA,NA,NA,NA,NA,NA,NA,NA,NA,NA,NA,NA,NA,NA,NA,NA,NA,NA,NA,fliegen,eher wenig,unwichtig,2,Nein,"Ich habe beim Essen geschaut, was mir vesser schmeckt und bei der Lieferung immer das Billigere ausgewählt",NA
NhSJvYG84s,IP Address,100,289,TRUE,anonymous,EN,Ja,"Ja, ich stimme zu",NA,NA,NA,NA,NA,NA,NA,Mandarine (53 kcal),Trauben (69 kcal),Lotus Biscoff Pocket Karamell (900 kcal),Zweifel Paprika Chips (643 kcal),Mandarine (53 kcal),Schokopudding (120 kcal),Zweifel Paprika Chips (515 kcal),Blau,NA,NA,NA,NA,NA,NA,NA,NA,NA,NA,NA,NA,NA,NA,NA,NA,NA,NA,NA,NA,"Standardlieferung, 124 Tage, CHF 899.00","Standardlieferung, 62 Tage, CHF 1299.00","Standardlieferung, 62 Tage, CHF 999.00","Standardlieferung, 62 Tage, CHF 499.00","Standardlieferung, 124 Tage, CHF 1199.00","Expresslieferung, 31 Tage früher, CHF 429.00","Standardlieferung, 93 Tage, CHF 1899.00","Standardlieferung, 124 Tage, CHF 1499.00","Expresslieferung, 62 Tage früher, CHF 1089.00","Standardlieferung, 186 Tage, CHF 35’000.00",In Tagen,NA,NA,NA,NA,NA,NA,NA,NA,NA,NA,fliegen,eher wenig,unwichtig,2,Nein,Nach meinen persönlichen Präferenzen,Nö
7e3AnCciJg,IP Address,100,218,TRUE,anonymous,EN,Ja,"Ja, ich stimme zu",Mandarine (222 kJ),Zweifel Vaya Bean Salt Chips (1779 kJ),Isey Skyr Heidelbeere (432 kJ),Banane (446 kJ),Kinder Bueno (2376 kJ),Schokopudding (502 kJ),Zweifel Paprika Chips (2147 kJ),NA,NA,NA,NA,NA,NA,NA,Gelb,NA,NA,NA,NA,NA,NA,NA,NA,NA,NA,NA,NA,NA,NA,NA,NA,NA,NA,NA,NA,"Standardlieferung, 124 Tage, CHF 899.00","Standardlieferung, 62 Tage, CHF 1299.00","Standardlieferung, 62 Tage, CHF 999.00","Standardlieferung, 62 Tage, CHF 499.00","Standardlieferung, 124 Tage, CHF 1199.00","Standardlieferung, 62 Tage, CHF 399.00","Standardlieferung, 93 Tage, CHF 1899.00","Standardlieferung, 124 Tage, CHF 1499.00","Standardlieferung, 186 Tage, CHF 999.00","Standardlieferung, 186 Tage, CHF 35’000.00",In Wochen,NA,NA,NA,NA,NA,NA,NA,NA,NA,NA,schwimmen,eher wenig,eher nicht wichtig,2,Ja,NA,NA
BPOTpiPXvM,IP Address,100,332,TRUE,anonymous,EN,Nein,"Ja, ich stimme zu",Snickers (2042 kJ),Trauben (289 kJ),Lotus Biscoff Pocket Karamell (3780 kJ),Banane (446 kJ),Kinder Bueno (2376 kJ),Schokopudding (502 kJ),Zweifel Paprika Chips (2147 kJ),NA,NA,NA,NA,NA,NA,NA,Blau,"Standardlieferung, 124 Tage, CHF 899.00","Standardlieferung, 62 Tage, CHF 1299.00","Expresslieferung, 31 Tage früher, CHF 1069.00","Expresslieferung, 31 Tage früher, CHF 534.00","Expresslieferung, 62 Tage früher, CHF 1279.00","Expresslieferung, 31 Tage früher, CHF 429.00","Standardlieferung, 93 Tage, CHF 1899.00","Standardlieferung, 124 Tage, CHF 1499.00","Expresslieferung, 62 Tage früher, CHF 1089.00","Standardlieferung, 186 Tage, CHF 35'000.00",NA,NA,NA,NA,NA,NA,NA,NA,NA,NA,NA,NA,NA,NA,NA,NA,NA,NA,NA,NA,NA,NA,NA,NA,NA,NA,NA,NA,NA,NA,NA,fliegen,eher wenig,teils/teils,2,Nein,"Intuitiv, was mir am besten passt",NA
cOKDfJvJA3,IP Address,100,504,TRUE,anonymous,EN,Ja,"Ja, ich stimme zu",Mandarine (222 kJ),Trauben (289 kJ),Isey Skyr Heidelbeere (432 kJ),Zweifel Paprika Chips (2695 kJ),Kinder Bueno (2376 kJ),Schokopudding (502 kJ),Zweifel Paprika Chips (2147 kJ),NA,NA,NA,NA,NA,NA,NA,Blau,NA,NA,NA,NA,NA,NA,NA,NA,NA,NA,NA,NA,NA,NA,NA,NA,NA,NA,NA,NA,"Expresslieferung, 62 Tage früher, CHF 969.00","Standardlieferung, 62 Tage, CHF 1299.00","Standardlieferung, 62 Tage, CHF 999.00","Standardlieferung, 62 Tage, CHF 499.00","Standardlieferung, 124 Tage, CHF 1199.00","Expresslieferung, 31 Tage früher, CHF 429.00","Standardlieferung, 93 Tage, CHF 1899.00","Standardlieferung, 124 Tage, CHF 1499.00","Expresslieferung, 62 Tage früher, CHF 1089.00","Standardlieferung, 186 Tage, CHF 35’000.00",In Tagen,NA,NA,NA,NA,NA,NA,NA,NA,NA,NA,fliegen,eher wenig,teils/teils,2,Nein,"Ich habe gewählt, was ich lieber konsumiere. Ich habe auch Abwägungen getroffen, wieviel mir die schnellere Lieferzeit eines gewissen Objektes wert ist.","Den Ausdruck ""Expresslieferung x Tage früher"" fand ich verwirren; ich gang davon aus, dass gemeint war, ""x Tage früher als die Standardlieferung""."
goB9CivH5I,IP Address,100,346,TRUE,anonymous,EN,Nein,"Ja, ich stimme zu",NA,NA,NA,NA,NA,NA,NA,Mandarine (53 kcal),Zweifel Vaya Bean Salt Chips (424 kcal),Isey Skyr Heidelbeere (129 kcal),Zweifel Paprika Chips (643 kcal),Kinder Bueno (560 kcal),Schokopudding (120 kcal),Al Natura Linsenwaffeln (360 kcal),Blau,"Expresslieferung, 62 Tage früher, CHF 969.00","Expresslieferung, 31 Tage früher, CHF 1389.00","Expresslieferung, 31 Tage früher, CHF 1069.00","Expresslieferung, 31 Tage früher, CHF 534.00","Expresslieferung, 62 Tage früher, CHF 1279.00","Expresslieferung, 31 Tage früher, CHF 429.00","Standardlieferung, 93 Tage, CHF 1899.00","Expresslieferung, 62 Tage früher, CHF 1619.00","Expresslieferung, 62 Tage früher, CHF 1089.00","Expresslieferung, 62 Tage früher, CHF 36'500.00",NA,NA,NA,NA,NA,NA,NA,NA,NA,NA,NA,NA,NA,NA,NA,NA,NA,NA,NA,NA,NA,NA,NA,NA,NA,NA,NA,NA,NA,NA,NA,fliegen,teils/teils,eher nicht wichtig,2,Nein,Bauchgefühl,NA
5UdlUZlT5v,IP Address,100,259,TRUE,anonymous,EN,Ja,"Ja, ich stimme zu",Mandarine (222 kJ),Zweifel Vaya Bean Salt Chips (1779 kJ),Lotus Biscoff Pocket Karamell (3780 kJ),Zweifel Paprika Chips (2695 kJ),Mandarine (222 kJ),Schokopudding (502 kJ),Zweifel Paprika Chips (2147 kJ),NA,NA,NA,NA,NA,NA,NA,Blau,"Standardlieferung, 124 Tage, CHF 899.00","Standardlieferung, 62 Tage, CHF 1299.00","Standardlieferung, 62 Tage, CHF 999.00","Standardlieferung, 62 Tage, CHF 499.00","Standardlieferung, 124 Tage, CHF 1199.00","Standardlieferung, 62 Tage, CHF 399.00","Standardlieferung, 93 Tage, CHF 1899.00","Standardlieferung, 124 Tage, CHF 1499.00","Standardlieferung, 186 Tage, CHF 999.00","Standardlieferung, 186 Tage, CHF 35'000.00",NA,NA,NA,NA,NA,NA,NA,NA,NA,NA,NA,NA,NA,NA,NA,NA,NA,NA,NA,NA,NA,NA,NA,NA,NA,NA,NA,NA,NA,NA,NA,fliegen,teils/teils,teils/teils,2,Ja,"Ich habe auf das geschaut, was ich lieber esse.",NA
9tqz3vZN4A,IP Address,100,434,TRUE,anonymous,EN,Ja,"Ja, ich stimme zu",NA,NA,NA,NA,NA,NA,NA,Snickers (488 kcal),Trauben (69 kcal),Lotus Biscoff Pocket Karamell (900 kcal),Zweifel Paprika Chips (643 kcal),Kinder Bueno (560 kcal),Naturjoghurt (62 kcal),Zweifel Paprika Chips (515 kcal),Blau,NA,NA,NA,NA,NA,NA,NA,NA,NA,NA,NA,NA,NA,NA,NA,NA,NA,NA,NA,NA,NA,NA,NA,NA,NA,NA,NA,NA,NA,NA,NA,"Standardlieferung, 4 Monate, CHF 899.00","Expresslieferung, 1 Monat früher, CHF 1389.00","Expresslieferung, 1 Monat früher, CHF 1069.00","Standardlieferung, 2 Monate, CHF 499.00","Expresslieferung, 2 Monate früher, CHF 1279.00","Standardlieferung, 2 Monate, CHF 399.00","Expresslieferung, 1 Monat früher, CHF 2019.00","Standardlieferung, 4 Monate, CHF 1499.00","Expresslieferung, 2 Monate früher, CHF 1089.00","Standardlieferung, 6 Monate, CHF 35'000.00",fliegen,gar nicht,teils/teils,2,Nein,Ich habe meine Entscheidungen nach Gefühl getroffen.,NA
y3aDZnnGmO,IP Address,100,300,TRUE,anonymous,EN,Ja,"Ja, ich stimme zu",NA,NA,NA,NA,NA,NA,NA,Mandarine (53 kcal),Trauben (69 kcal),Isey Skyr Heidelbeere (129 kcal),Banane (107 kcal),Mandarine (53 kcal),Naturjoghurt (62 kcal),Al Natura Linsenwaffeln (360 kcal),Blau,NA,NA,NA,NA,NA,NA,NA,NA,NA,NA,"Expresslieferung, 2 Monate früher, CHF 969.00","Expresslieferung, 1 Monat früher, CHF 1389.00","Expresslieferung, 1 Monat früher, CHF 1069.00","Standardlieferung, 2 Monate, CHF 499.00","Standardlieferung, 4 Monate, CHF 1199.00","Expresslieferung, 1 Monat früher, CHF 429.00","Standardlieferung, 3 Monate, CHF 1899.00","Standardlieferung, 4 Monate, CHF 1499.00","Expresslieferung, 2 Monate früher, CHF 1089.00","Standardlieferung, 6 Monate, CHF 35'000.00",NA,NA,NA,NA,NA,NA,NA,NA,NA,NA,NA,NA,NA,NA,NA,NA,NA,NA,NA,NA,NA,fliegen,eher stark,eher wichtig,2,Nein,Gesundheit und Benötigkeitsdruck,NA
jHSwSECbaa,IP Address,100,499,TRUE,anonymous,EN,Ja,"Ja, ich stimme zu",NA,NA,NA,NA,NA,NA,NA,Mandarine (53 kcal),Trauben (69 kcal),Lotus Biscoff Pocket Karamell (900 kcal),Zweifel Paprika Chips (643 kcal),Mandarine (53 kcal),Schokopudding (120 kcal),Zweifel Paprika Chips (515 kcal),Blau,NA,NA,NA,NA,NA,NA,NA,NA,NA,NA,NA,NA,NA,NA,NA,NA,NA,NA,NA,NA,"Standardlieferung, 124 Tage, CHF 899.00","Standardlieferung, 62 Tage, CHF 1299.00","Expresslieferung, 31 Tage früher, CHF 1069.00","Standardlieferung, 62 Tage, CHF 499.00","Expresslieferung, 62 Tage früher, CHF 1279.00","Standardlieferung, 62 Tage, CHF 399.00","Standardlieferung, 93 Tage, CHF 1899.00","Standardlieferung, 124 Tage, CHF 1499.00","Expresslieferung, 62 Tage früher, CHF 1089.00","Expresslieferung, 62 Tage früher, CHF 36’500.00",In Tagen,NA,NA,NA,NA,NA,NA,NA,NA,NA,NA,fliegen,eher stark,eher wichtig,2,Nein,Ich kann warten für viele sachen,NA
3JDBJ3ZdyC,IP Address,100,282,TRUE,anonymous,EN,Ja,"Ja, ich stimme zu",NA,NA,NA,NA,NA,NA,NA,Snickers (488 kcal),Zweifel Vaya Bean Salt Chips (424 kcal),Isey Skyr Heidelbeere (129 kcal),Zweifel Paprika Chips (643 kcal),Kinder Bueno (560 kcal),Naturjoghurt (62 kcal),Zweifel Paprika Chips (515 kcal),Blau,NA,NA,NA,NA,NA,NA,NA,NA,NA,NA,"Standardlieferung, 4 Monate, CHF 899.00","Standardlieferung, 2 Monate, CHF 1299.00","Standardlieferung, 2 Monate, CHF 999.00","Standardlieferung, 2 Monate, CHF 499.00","Expresslieferung, 2 Monate früher, CHF 1279.00","Standardlieferung, 2 Monate, CHF 399.00","Standardlieferung, 3 Monate, CHF 1899.00","Standardlieferung, 4 Monate, CHF 1499.00","Standardlieferung, 6 Monate, CHF 999.00","Standardlieferung, 6 Monate, CHF 35'000.00",NA,NA,NA,NA,NA,NA,NA,NA,NA,NA,NA,NA,NA,NA,NA,NA,NA,NA,NA,NA,NA,fliegen,gar nicht,unwichtig,2,Ja,Bauchgefühl,NA
ZZYFI3noR9,IP Address,100,210,TRUE,anonymous,EN,Ja,"Ja, ich stimme zu",NA,NA,NA,NA,NA,NA,NA,Snickers (488 kcal),Zweifel Vaya Bean Salt Chips (424 kcal),Isey Skyr Heidelbeere (129 kcal),Zweifel Paprika Chips (643 kcal),Kinder Bueno (560 kcal),Schokopudding (120 kcal),Zweifel Paprika Chips (515 kcal),Blau,NA,NA,NA,NA,NA,NA,NA,NA,NA,NA,"Expresslieferung, 2 Monate früher, CHF 969.00","Expresslieferung, 1 Monat früher, CHF 1389.00","Expresslieferung, 1 Monat früher, CHF 1069.00","Expresslieferung, 1 Monat früher, CHF 534.00","Expresslieferung, 2 Monate früher, CHF 1279.00","Expresslieferung, 1 Monat früher, CHF 429.00","Expresslieferung, 1 Monat früher, CHF 2019.00","Expresslieferung, 2 Monate früher, CHF 1619.00","Expresslieferung, 2 Monate früher, CHF 1089.00","Expresslieferung, 2 Monate früher, CHF 36'500.00",NA,NA,NA,NA,NA,NA,NA,NA,NA,NA,NA,NA,NA,NA,NA,NA,NA,NA,NA,NA,NA,fliegen,gar nicht,teils/teils,2,Nein,"Spontan, nach meinem persönlichen Geschmack",NA
w3tn3KUO0V,IP Address,100,431,TRUE,anonymous,EN,Ja,"Ja, ich stimme zu",NA,NA,NA,NA,NA,NA,NA,Mandarine (53 kcal),Zweifel Vaya Bean Salt Chips (424 kcal),Isey Skyr Heidelbeere (129 kcal),Banane (107 kcal),Mandarine (53 kcal),Naturjoghurt (62 kcal),Al Natura Linsenwaffeln (360 kcal),Blau,NA,NA,NA,NA,NA,NA,NA,NA,NA,NA,NA,NA,NA,NA,NA,NA,NA,NA,NA,NA,NA,NA,NA,NA,NA,NA,NA,NA,NA,NA,NA,"Expresslieferung, 2 Monate früher, CHF 969.00","Expresslieferung, 1 Monat früher, CHF 1389.00","Expresslieferung, 1 Monat früher, CHF 1069.00","Standardlieferung, 2 Monate, CHF 499.00","Standardlieferung, 4 Monate, CHF 1199.00","Expresslieferung, 1 Monat früher, CHF 429.00","Standardlieferung, 3 Monate, CHF 1899.00","Expresslieferung, 2 Monate früher, CHF 1619.00","Standardlieferung, 6 Monate, CHF 999.00","Standardlieferung, 6 Monate, CHF 35'000.00",fliegen,eher wenig,eher wichtig,2,Nein,"Ich habe überlegt wie gerne ich etwas haben würde und je nachdem Expresslieferung gewählt. Bei den Snacks habe ich mich überwiegend für das entschieden, was ich lieber mag.",NA
e5OcmarCVZ,IP Address,100,306,TRUE,anonymous,EN,Ja,"Ja, ich stimme zu",Snickers (2042 kJ),Trauben (289 kJ),Isey Skyr Heidelbeere (432 kJ),Zweifel Paprika Chips (2695 kJ),Kinder Bueno (2376 kJ),Schokopudding (502 kJ),Zweifel Paprika Chips (2147 kJ),NA,NA,NA,NA,NA,NA,NA,Blau,NA,NA,NA,NA,NA,NA,NA,NA,NA,NA,"Expresslieferung, 2 Monate früher, CHF 969.00","Standardlieferung, 2 Monate, CHF 1299.00","Standardlieferung, 2 Monate, CHF 999.00","Expresslieferung, 1 Monat früher, CHF 534.00","Expresslieferung, 2 Monate früher, CHF 1279.00",NA,"Standardlieferung, 3 Monate, CHF 1899.00","Standardlieferung, 4 Monate, CHF 1499.00","Expresslieferung, 2 Monate früher, CHF 1089.00","Standardlieferung, 6 Monate, CHF 35'000.00",NA,NA,NA,NA,NA,NA,NA,NA,NA,NA,NA,NA,NA,NA,NA,NA,NA,NA,NA,NA,NA,fliegen,teils/teils,eher wichtig,2,Nein,Ich habe nach meinem normalen Kaufverhalten entschieden und was ich gerne habe und was nicht,nein
cnMBZgfFrO,IP Address,100,317,TRUE,anonymous,EN,Nein,"Ja, ich stimme zu",NA,NA,NA,NA,NA,NA,NA,Mandarine (53 kcal),Zweifel Vaya Bean Salt Chips (424 kcal),Isey Skyr Heidelbeere (129 kcal),Zweifel Paprika Chips (643 kcal),Mandarine (53 kcal),Naturjoghurt (62 kcal),Al Natura Linsenwaffeln (360 kcal),Blau,NA,NA,NA,NA,NA,NA,NA,NA,NA,NA,NA,NA,NA,NA,NA,NA,NA,NA,NA,NA,"Expresslieferung, 62 Tage früher, CHF 969.00","Expresslieferung, 31 Tage früher, CHF 1389.00","Expresslieferung, 31 Tage früher, CHF 1069.00","Expresslieferung, 31 Tage früher, CHF 534.00","Standardlieferung, 124 Tage, CHF 1199.00","Expresslieferung, 31 Tage früher, CHF 429.00","Standardlieferung, 93 Tage, CHF 1899.00","Standardlieferung, 124 Tage, CHF 1499.00","Expresslieferung, 62 Tage früher, CHF 1089.00","Expresslieferung, 62 Tage früher, CHF 36’500.00",In Tagen,NA,NA,NA,NA,NA,NA,NA,NA,NA,NA,fliegen,eher wenig,sehr wichtig,2,Nein,"Ich bevorzuge gesunde Snacks, dann wenn sie mir auch schmecken. Wenn ich mir ein iPhone kaufe, möchte ich dieses wahrscheinlich sofort haben, weil mein altes kaputt ist.",NA
uDhxuRz6Hw,IP Address,100,220,TRUE,anonymous,EN,Ja,"Ja, ich stimme zu",Snickers (2042 kJ),Trauben (289 kJ),Isey Skyr Heidelbeere (432 kJ),Banane (446 kJ),Kinder Bueno (2376 kJ),Naturjoghurt (260 kJ),Zweifel Paprika Chips (2147 kJ),NA,NA,NA,NA,NA,NA,NA,Blau,"Standardlieferung, 124 Tage, CHF 899.00","Expresslieferung, 31 Tage früher, CHF 1389.00","Standardlieferung, 62 Tage, CHF 999.00","Standardlieferung, 62 Tage, CHF 499.00","Expresslieferung, 62 Tage früher, CHF 1279.00","Standardlieferung, 62 Tage, CHF 399.00","Standardlieferung, 93 Tage, CHF 1899.00","Expresslieferung, 62 Tage früher, CHF 1619.00","Standardlieferung, 186 Tage, CHF 999.00","Standardlieferung, 186 Tage, CHF 35'000.00",NA,NA,NA,NA,NA,NA,NA,NA,NA,NA,NA,NA,NA,NA,NA,NA,NA,NA,NA,NA,NA,NA,NA,NA,NA,NA,NA,NA,NA,NA,NA,fliegen,gar nicht,teils/teils,2,Nein,Nach Bauchgefühl und was ich gerne hab,NA
tEbCr8XYQ7,IP Address,100,177686,TRUE,anonymous,EN,Ja,"Ja, ich stimme zu",Mandarine (222 kJ),Trauben (289 kJ),Lotus Biscoff Pocket Karamell (3780 kJ),Banane (446 kJ),Mandarine (222 kJ),Schokopudding (502 kJ),Al Natura Linsenwaffeln (1525 kJ),NA,NA,NA,NA,NA,NA,NA,Blau,NA,NA,NA,NA,NA,NA,NA,NA,NA,NA,"Standardlieferung, 4 Monate, CHF 899.00","Standardlieferung, 2 Monate, CHF 1299.00","Standardlieferung, 2 Monate, CHF 999.00","Standardlieferung, 2 Monate, CHF 499.00","Standardlieferung, 4 Monate, CHF 1199.00","Standardlieferung, 2 Monate, CHF 399.00","Standardlieferung, 3 Monate, CHF 1899.00","Standardlieferung, 4 Monate, CHF 1499.00","Standardlieferung, 6 Monate, CHF 999.00","Standardlieferung, 6 Monate, CHF 35'000.00",NA,NA,NA,NA,NA,NA,NA,NA,NA,NA,NA,NA,NA,NA,NA,NA,NA,NA,NA,NA,NA,fliegen,stark,teils/teils,2,Nein,Bei den Snackoptionen haben mich die Energiewerte stark beeinflusst und ich habe tendenziell das Gesündere ausgewählt. Ich würde das oft auch im Alltag machen - jedoch definitiv nicht so häufig wie hier nun ausgewählt. Bei den Lieferoptionen habe ich immer die Standardlieferungvgewählt - ich bin Studentin & würde momentan nie die Expresslieferung wählen.,NA
1mF9UdjsuR,IP Address,99,157,FALSE,anonymous,EN,Nein,"Ja, ich stimme zu",NA,NA,NA,NA,NA,NA,NA,Snickers (488 kcal),Trauben (69 kcal),Isey Skyr Heidelbeere (129 kcal),Zweifel Paprika Chips (643 kcal),Kinder Bueno (560 kcal),Schokopudding (120 kcal),Zweifel Paprika Chips (515 kcal),Blau,"Standardlieferung, 124 Tage, CHF 899.00","Standardlieferung, 62 Tage, CHF 1299.00","Standardlieferung, 62 Tage, CHF 999.00","Standardlieferung, 62 Tage, CHF 499.00","Standardlieferung, 124 Tage, CHF 1199.00","Standardlieferung, 62 Tage, CHF 399.00","Standardlieferung, 93 Tage, CHF 1899.00","Expresslieferung, 62 Tage früher, CHF 1619.00","Standardlieferung, 186 Tage, CHF 999.00","Standardlieferung, 186 Tage, CHF 35'000.00",NA,NA,NA,NA,NA,NA,NA,NA,NA,NA,NA,NA,NA,NA,NA,NA,NA,NA,NA,NA,NA,NA,NA,NA,NA,NA,NA,NA,NA,NA,NA,fliegen,teils/teils,teils/teils,2,Nein,Bauchgefühl,NA
9DGeqyIjGv,IP Address,100,455,TRUE,anonymous,EN,Ja,"Ja, ich stimme zu",NA,NA,NA,NA,NA,NA,NA,Mandarine (53 kcal),Trauben (69 kcal),Lotus Biscoff Pocket Karamell (900 kcal),Zweifel Paprika Chips (643 kcal),Mandarine (53 kcal),Schokopudding (120 kcal),Zweifel Paprika Chips (515 kcal),Gelb,NA,NA,NA,NA,NA,NA,NA,NA,NA,NA,"Standardlieferung, 4 Monate, CHF 899.00","Standardlieferung, 2 Monate, CHF 1299.00","Standardlieferung, 2 Monate, CHF 999.00","Standardlieferung, 2 Monate, CHF 499.00","Standardlieferung, 4 Monate, CHF 1199.00","Standardlieferung, 2 Monate, CHF 399.00","Standardlieferung, 3 Monate, CHF 1899.00","Standardlieferung, 4 Monate, CHF 1499.00","Standardlieferung, 6 Monate, CHF 999.00","Standardlieferung, 6 Monate, CHF 35'000.00",NA,NA,NA,NA,NA,NA,NA,NA,NA,NA,NA,NA,NA,NA,NA,NA,NA,NA,NA,NA,NA,schwimmen,gar nicht,teils/teils,2,Nein,Wie ich es in der Praxis mache,NA
uztXyOKicU,IP Address,100,399,TRUE,anonymous,EN,Ja,"Ja, ich stimme zu",Mandarine (222 kJ),Trauben (289 kJ),Isey Skyr Heidelbeere (432 kJ),Banane (446 kJ),Mandarine (222 kJ),Naturjoghurt (260 kJ),Al Natura Linsenwaffeln (1525 kJ),NA,NA,NA,NA,NA,NA,NA,Blau,NA,NA,NA,NA,NA,NA,NA,NA,NA,NA,NA,NA,NA,NA,NA,NA,NA,NA,NA,NA,"Standardlieferung, 124 Tage, CHF 899.00","Standardlieferung, 62 Tage, CHF 1299.00","Standardlieferung, 62 Tage, CHF 999.00","Standardlieferung, 62 Tage, CHF 499.00","Standardlieferung, 124 Tage, CHF 1199.00","Expresslieferung, 31 Tage früher, CHF 429.00","Standardlieferung, 93 Tage, CHF 1899.00","Standardlieferung, 124 Tage, CHF 1499.00","Standardlieferung, 186 Tage, CHF 999.00","Standardlieferung, 186 Tage, CHF 35’000.00",In Tagen,NA,NA,NA,NA,NA,NA,NA,NA,NA,NA,fliegen,stark,teils/teils,2,Nein,NA,NA
b8wrhcU1md,IP Address,100,283,TRUE,anonymous,EN,Ja,"Ja, ich stimme zu",Mandarine (222 kJ),Trauben (289 kJ),Isey Skyr Heidelbeere (432 kJ),Banane (446 kJ),Mandarine (222 kJ),Naturjoghurt (260 kJ),Al Natura Linsenwaffeln (1525 kJ),NA,NA,NA,NA,NA,NA,NA,Blau,NA,NA,NA,NA,NA,NA,NA,NA,NA,NA,NA,NA,NA,NA,NA,NA,NA,NA,NA,NA,NA,NA,NA,NA,NA,NA,NA,NA,NA,NA,NA,"Expresslieferung, 2 Monate früher, CHF 969.00","Expresslieferung, 1 Monat früher, CHF 1389.00","Standardlieferung, 2 Monate, CHF 999.00","Standardlieferung, 2 Monate, CHF 499.00","Expresslieferung, 2 Monate früher, CHF 1279.00","Standardlieferung, 2 Monate, CHF 399.00","Expresslieferung, 1 Monat früher, CHF 2019.00","Expresslieferung, 2 Monate früher, CHF 1619.00","Expresslieferung, 2 Monate früher, CHF 1089.00","Standardlieferung, 6 Monate, CHF 35'000.00",fliegen,eher wenig,sehr wichtig,2,Nein,überlegt und richtig gelesen,nein
VVUWPcNFG7,IP Address,99,561,FALSE,anonymous,EN,Ja,"Ja, ich stimme zu",Snickers (2042 kJ),Zweifel Vaya Bean Salt Chips (1779 kJ),Isey Skyr Heidelbeere (432 kJ),Zweifel Paprika Chips (2695 kJ),Kinder Bueno (2376 kJ),Naturjoghurt (260 kJ),Zweifel Paprika Chips (2147 kJ),NA,NA,NA,NA,NA,NA,NA,Blau,NA,NA,NA,NA,NA,NA,NA,NA,NA,NA,"Expresslieferung, 2 Monate früher, CHF 969.00","Standardlieferung, 2 Monate, CHF 1299.00","Standardlieferung, 2 Monate, CHF 999.00","Standardlieferung, 2 Monate, CHF 499.00","Expresslieferung, 2 Monate früher, CHF 1279.00","Standardlieferung, 2 Monate, CHF 399.00","Standardlieferung, 3 Monate, CHF 1899.00","Expresslieferung, 2 Monate früher, CHF 1619.00","Expresslieferung, 2 Monate früher, CHF 1089.00","Standardlieferung, 6 Monate, CHF 35'000.00",NA,NA,NA,NA,NA,NA,NA,NA,NA,NA,NA,NA,NA,NA,NA,NA,NA,NA,NA,NA,NA,fliegen,gar nicht,teils/teils,2,Nein,"bei den Snacks: das gewählt worauf ich am meisten Lust hätte
bei den Bestellungen: priorisiert, kann man länger warten oder braucht man es schneller. zB 6 Monate auf einen Kleiderschrank warten, wäre für mich nicht denkbar, da lohnt sich die Expresslieferung für mich.",nein
1A1OiCemi2,IP Address,100,455,TRUE,anonymous,EN,Ja,"Ja, ich stimme zu",NA,NA,NA,NA,NA,NA,NA,Snickers (488 kcal),Zweifel Vaya Bean Salt Chips (424 kcal),Lotus Biscoff Pocket Karamell (900 kcal),Zweifel Paprika Chips (643 kcal),Kinder Bueno (560 kcal),Schokopudding (120 kcal),Zweifel Paprika Chips (515 kcal),Blau,NA,NA,NA,NA,NA,NA,NA,NA,NA,NA,"Expresslieferung, 2 Monate früher, CHF 969.00","Expresslieferung, 1 Monat früher, CHF 1389.00","Expresslieferung, 1 Monat früher, CHF 1069.00","Expresslieferung, 1 Monat früher, CHF 534.00","Expresslieferung, 2 Monate früher, CHF 1279.00","Expresslieferung, 1 Monat früher, CHF 429.00","Expresslieferung, 1 Monat früher, CHF 2019.00","Expresslieferung, 2 Monate früher, CHF 1619.00","Expresslieferung, 2 Monate früher, CHF 1089.00","Expresslieferung, 2 Monate früher, CHF 36'500.00",NA,NA,NA,NA,NA,NA,NA,NA,NA,NA,NA,NA,NA,NA,NA,NA,NA,NA,NA,NA,NA,fahren,gar nicht,teils/teils,1,Nein,NA,NA
lDGQJCb8HK,IP Address,100,187,TRUE,anonymous,EN,Ja,"Ja, ich stimme zu",NA,NA,NA,NA,NA,NA,NA,Mandarine (53 kcal),Zweifel Vaya Bean Salt Chips (424 kcal),Isey Skyr Heidelbeere (129 kcal),Zweifel Paprika Chips (643 kcal),Mandarine (53 kcal),Schokopudding (120 kcal),Al Natura Linsenwaffeln (360 kcal),Blau,NA,NA,NA,NA,NA,NA,NA,NA,NA,NA,NA,NA,NA,NA,NA,NA,NA,NA,NA,NA,"Expresslieferung, 62 Tage früher, CHF 969.00","Expresslieferung, 31 Tage früher, CHF 1389.00","Expresslieferung, 31 Tage früher, CHF 1069.00","Expresslieferung, 31 Tage früher, CHF 534.00","Expresslieferung, 62 Tage früher, CHF 1279.00","Expresslieferung, 31 Tage früher, CHF 429.00","Expresslieferung, 31 Tage früher, CHF 2019.00","Expresslieferung, 62 Tage früher, CHF 1619.00","Expresslieferung, 62 Tage früher, CHF 1089.00","Expresslieferung, 62 Tage früher, CHF 36’500.00",In Tagen,NA,NA,NA,NA,NA,NA,NA,NA,NA,NA,fliegen,gar nicht,teils/teils,2,Nein,"Snack: was mir mehr schmeckt
Lieferung: immer Expresslieferung",NA
JIykCkE6Ze,IP Address,100,301,TRUE,anonymous,EN,Ja,"Ja, ich stimme zu",Snickers (2042 kJ),Trauben (289 kJ),Lotus Biscoff Pocket Karamell (3780 kJ),Zweifel Paprika Chips (2695 kJ),Kinder Bueno (2376 kJ),Naturjoghurt (260 kJ),Zweifel Paprika Chips (2147 kJ),NA,NA,NA,NA,NA,NA,NA,Blau,NA,NA,NA,NA,NA,NA,NA,NA,NA,NA,NA,NA,NA,NA,NA,NA,NA,NA,NA,NA,NA,NA,NA,NA,NA,NA,NA,NA,NA,NA,NA,"Expresslieferung, 2 Monate früher, CHF 969.00","Expresslieferung, 1 Monat früher, CHF 1389.00","Expresslieferung, 1 Monat früher, CHF 1069.00","Expresslieferung, 1 Monat früher, CHF 534.00","Expresslieferung, 2 Monate früher, CHF 1279.00","Expresslieferung, 1 Monat früher, CHF 429.00","Standardlieferung, 3 Monate, CHF 1899.00","Expresslieferung, 2 Monate früher, CHF 1619.00","Expresslieferung, 2 Monate früher, CHF 1089.00","Standardlieferung, 6 Monate, CHF 35'000.00",fliegen,gar nicht,unwichtig,2,Ja,"Spontanentscheid/Gefühl
",NA
JyXYlQS0GS,IP Address,100,421,TRUE,anonymous,EN,Ja,"Ja, ich stimme zu",NA,NA,NA,NA,NA,NA,NA,Mandarine (53 kcal),Zweifel Vaya Bean Salt Chips (424 kcal),Isey Skyr Heidelbeere (129 kcal),Banane (107 kcal),Mandarine (53 kcal),Schokopudding (120 kcal),Zweifel Paprika Chips (515 kcal),Blau,NA,NA,NA,NA,NA,NA,NA,NA,NA,NA,NA,NA,NA,NA,NA,NA,NA,NA,NA,NA,"Expresslieferung, 62 Tage früher, CHF 969.00","Standardlieferung, 62 Tage, CHF 1299.00","Standardlieferung, 62 Tage, CHF 999.00","Expresslieferung, 31 Tage früher, CHF 534.00","Expresslieferung, 62 Tage früher, CHF 1279.00","Expresslieferung, 31 Tage früher, CHF 429.00","Standardlieferung, 93 Tage, CHF 1899.00","Expresslieferung, 62 Tage früher, CHF 1619.00","Expresslieferung, 62 Tage früher, CHF 1089.00","Standardlieferung, 186 Tage, CHF 35’000.00",In Tagen,NA,NA,NA,NA,NA,NA,NA,NA,NA,NA,fliegen,eher wenig,teils/teils,2,Nein,"Ich habe beim Essen v.a. danach entschieden, auf was ich jetzt gerade mehr Lust habe. Bei den weiteren Fragen nach Gefühl was mir wichtiger war & wie gross die Preis-/Lieferungsdiskrepanz war",Aucune
9Tbu2N6gOz,IP Address,88,178,FALSE,anonymous,EN,Ja,"Ja, ich stimme zu",Snickers (2042 kJ),Trauben (289 kJ),Isey Skyr Heidelbeere (432 kJ),Zweifel Paprika Chips (2695 kJ),Kinder Bueno (2376 kJ),Schokopudding (502 kJ),Zweifel Paprika Chips (2147 kJ),NA,NA,NA,NA,NA,NA,NA,Blau,NA,NA,NA,NA,NA,NA,NA,NA,NA,NA,NA,NA,NA,NA,NA,NA,NA,NA,NA,NA,NA,NA,NA,NA,NA,NA,NA,NA,NA,NA,NA,"Expresslieferung, 2 Monate früher, CHF 969.00","Standardlieferung, 2 Monate, CHF 1299.00","Standardlieferung, 2 Monate, CHF 999.00","Standardlieferung, 2 Monate, CHF 499.00","Standardlieferung, 4 Monate, CHF 1199.00","Standardlieferung, 2 Monate, CHF 399.00","Expresslieferung, 1 Monat früher, CHF 2019.00","Expresslieferung, 2 Monate früher, CHF 1619.00","Expresslieferung, 2 Monate früher, CHF 1089.00",NA,NA,NA,NA,NA,NA,NA,NA
BbrfSqcXjW,IP Address,100,378,TRUE,anonymous,EN,Nein,"Ja, ich stimme zu",Mandarine (222 kJ),Trauben (289 kJ),Isey Skyr Heidelbeere (432 kJ),Banane (446 kJ),Kinder Bueno (2376 kJ),Naturjoghurt (260 kJ),Zweifel Paprika Chips (2147 kJ),NA,NA,NA,NA,NA,NA,NA,Blau,NA,NA,NA,NA,NA,NA,NA,NA,NA,NA,"Standardlieferung, 4 Monate, CHF 899.00","Standardlieferung, 2 Monate, CHF 1299.00","Standardlieferung, 2 Monate, CHF 999.00","Standardlieferung, 2 Monate, CHF 499.00","Standardlieferung, 4 Monate, CHF 1199.00","Standardlieferung, 2 Monate, CHF 399.00","Standardlieferung, 3 Monate, CHF 1899.00","Standardlieferung, 4 Monate, CHF 1499.00","Standardlieferung, 6 Monate, CHF 999.00","Standardlieferung, 6 Monate, CHF 35'000.00",NA,NA,NA,NA,NA,NA,NA,NA,NA,NA,NA,NA,NA,NA,NA,NA,NA,NA,NA,NA,NA,fliegen,gar nicht,unwichtig,2,Nein,"Gesundheitsvorteile ausser bei wenigen Snacks, die einfach zu gut sind!",Viel Spass beim Auswerten! :)
7DSIqPlgxs,IP Address,100,605,TRUE,anonymous,EN,Ja,"Ja, ich stimme zu",NA,NA,NA,NA,NA,NA,NA,Mandarine (53 kcal),Zweifel Vaya Bean Salt Chips (424 kcal),Isey Skyr Heidelbeere (129 kcal),Banane (107 kcal),Kinder Bueno (560 kcal),Naturjoghurt (62 kcal),Al Natura Linsenwaffeln (360 kcal),Blau,NA,NA,NA,NA,NA,NA,NA,NA,NA,NA,NA,NA,NA,NA,NA,NA,NA,NA,NA,NA,"Standardlieferung, 124 Tage, CHF 899.00","Standardlieferung, 62 Tage, CHF 1299.00","Standardlieferung, 62 Tage, CHF 999.00","Standardlieferung, 62 Tage, CHF 499.00","Standardlieferung, 124 Tage, CHF 1199.00","Standardlieferung, 62 Tage, CHF 399.00","Standardlieferung, 93 Tage, CHF 1899.00","Standardlieferung, 124 Tage, CHF 1499.00","Standardlieferung, 186 Tage, CHF 999.00","Standardlieferung, 186 Tage, CHF 35’000.00",In Monate,NA,NA,NA,NA,NA,NA,NA,NA,NA,NA,fliegen,eher wenig,eher nicht wichtig,2,Nein,"Sättigungsgefühl, Zuckergehalt, persönliche Präferenz, Preis",NA
djcZjY5TDg,IP Address,100,362,TRUE,anonymous,EN,Ja,"Ja, ich stimme zu",NA,NA,NA,NA,NA,NA,NA,Snickers (488 kcal),Trauben (69 kcal),Isey Skyr Heidelbeere (129 kcal),Banane (107 kcal),Kinder Bueno (560 kcal),Schokopudding (120 kcal),Zweifel Paprika Chips (515 kcal),Blau,NA,NA,NA,NA,NA,NA,NA,NA,NA,NA,NA,NA,NA,NA,NA,NA,NA,NA,NA,NA,NA,NA,NA,NA,NA,NA,NA,NA,NA,NA,NA,"Standardlieferung, 4 Monate, CHF 899.00","Standardlieferung, 2 Monate, CHF 1299.00","Expresslieferung, 1 Monat früher, CHF 1069.00","Standardlieferung, 2 Monate, CHF 499.00","Expresslieferung, 2 Monate früher, CHF 1279.00","Expresslieferung, 1 Monat früher, CHF 429.00","Standardlieferung, 3 Monate, CHF 1899.00","Expresslieferung, 2 Monate früher, CHF 1619.00","Expresslieferung, 2 Monate früher, CHF 1089.00","Standardlieferung, 6 Monate, CHF 35'000.00",fliegen,gar nicht,teils/teils,2,Nein,spontan je nach „Gefühl“,NA
UFmCZ1gwAM,IP Address,100,1300,TRUE,anonymous,EN,Ja,"Ja, ich stimme zu",NA,NA,NA,NA,NA,NA,NA,Snickers (488 kcal),Trauben (69 kcal),Lotus Biscoff Pocket Karamell (900 kcal),Zweifel Paprika Chips (643 kcal),Kinder Bueno (560 kcal),Schokopudding (120 kcal),Al Natura Linsenwaffeln (360 kcal),Blau,"Expresslieferung, 62 Tage früher, CHF 969.00","Expresslieferung, 31 Tage früher, CHF 1389.00","Expresslieferung, 31 Tage früher, CHF 1069.00","Expresslieferung, 31 Tage früher, CHF 534.00","Expresslieferung, 62 Tage früher, CHF 1279.00","Expresslieferung, 31 Tage früher, CHF 429.00",NA,"Standardlieferung, 124 Tage, CHF 1499.00","Expresslieferung, 62 Tage früher, CHF 1089.00","Standardlieferung, 186 Tage, CHF 35'000.00",NA,NA,NA,NA,NA,NA,NA,NA,NA,NA,NA,NA,NA,NA,NA,NA,NA,NA,NA,NA,NA,NA,NA,NA,NA,NA,NA,NA,NA,NA,NA,fliegen,eher stark,eher wichtig,2,Nein,Spontane entscheidung,nein keine
dZbXVGyMW8,IP Address,99,461,FALSE,anonymous,EN,Ja,"Ja, ich stimme zu",Mandarine (222 kJ),Trauben (289 kJ),Isey Skyr Heidelbeere (432 kJ),Zweifel Paprika Chips (2695 kJ),Mandarine (222 kJ),Naturjoghurt (260 kJ),Zweifel Paprika Chips (2147 kJ),NA,NA,NA,NA,NA,NA,NA,Blau,NA,NA,NA,NA,NA,NA,NA,NA,NA,NA,NA,NA,NA,NA,NA,NA,NA,NA,NA,NA,"Expresslieferung, 62 Tage früher, CHF 969.00","Standardlieferung, 62 Tage, CHF 1299.00","Standardlieferung, 62 Tage, CHF 999.00","Standardlieferung, 62 Tage, CHF 499.00","Expresslieferung, 62 Tage früher, CHF 1279.00","Expresslieferung, 31 Tage früher, CHF 429.00","Standardlieferung, 93 Tage, CHF 1899.00","Expresslieferung, 62 Tage früher, CHF 1619.00","Expresslieferung, 62 Tage früher, CHF 1089.00","Expresslieferung, 62 Tage früher, CHF 36’500.00",In Wochen,NA,NA,NA,NA,NA,NA,NA,NA,NA,NA,fliegen,eher wenig,teils/teils,2,Nein,Bauchgefühl oder Zeitmanagement.,NA
zu5dq1drIQ,IP Address,100,172,TRUE,anonymous,EN,Nein,"Ja, ich stimme zu",NA,NA,NA,NA,NA,NA,NA,Snickers (488 kcal),Zweifel Vaya Bean Salt Chips (424 kcal),Isey Skyr Heidelbeere (129 kcal),Banane (107 kcal),Kinder Bueno (560 kcal),Naturjoghurt (62 kcal),Al Natura Linsenwaffeln (360 kcal),Blau,NA,NA,NA,NA,NA,NA,NA,NA,NA,NA,NA,NA,NA,NA,NA,NA,NA,NA,NA,NA,"Standardlieferung, 124 Tage, CHF 899.00","Expresslieferung, 31 Tage früher, CHF 1389.00","Expresslieferung, 31 Tage früher, CHF 1069.00","Standardlieferung, 62 Tage, CHF 499.00","Expresslieferung, 62 Tage früher, CHF 1279.00","Standardlieferung, 62 Tage, CHF 399.00","Standardlieferung, 93 Tage, CHF 1899.00","Expresslieferung, 62 Tage früher, CHF 1619.00","Standardlieferung, 186 Tage, CHF 999.00","Expresslieferung, 62 Tage früher, CHF 36’500.00",In Tagen,NA,NA,NA,NA,NA,NA,NA,NA,NA,NA,fliegen,eher wenig,eher wichtig,2,Ja,Nach dringlichkeit,Nein
5RHlUAqTcU,IP Address,100,931,TRUE,anonymous,EN,Ja,"Ja, ich stimme zu",Mandarine (222 kJ),Trauben (289 kJ),Lotus Biscoff Pocket Karamell (3780 kJ),Zweifel Paprika Chips (2695 kJ),Kinder Bueno (2376 kJ),Naturjoghurt (260 kJ),Zweifel Paprika Chips (2147 kJ),NA,NA,NA,NA,NA,NA,NA,Blau,"Standardlieferung, 124 Tage, CHF 899.00","Standardlieferung, 62 Tage, CHF 1299.00","Standardlieferung, 62 Tage, CHF 999.00","Standardlieferung, 62 Tage, CHF 499.00","Expresslieferung, 62 Tage früher, CHF 1279.00","Standardlieferung, 62 Tage, CHF 399.00","Standardlieferung, 93 Tage, CHF 1899.00","Standardlieferung, 124 Tage, CHF 1499.00","Standardlieferung, 186 Tage, CHF 999.00","Standardlieferung, 186 Tage, CHF 35'000.00",NA,NA,NA,NA,NA,NA,NA,NA,NA,NA,NA,NA,NA,NA,NA,NA,NA,NA,NA,NA,NA,NA,NA,NA,NA,NA,NA,NA,NA,NA,NA,fliegen,gar nicht,unwichtig,2,Nein,"Was mir schmeckt, ein wenig auf die Linie und Gesundheit, bei den Lieferungen ist es Vernunft (man muss nicht alles sofort haben.).",NA
CKxHVfiQPQ,IP Address,100,349,TRUE,anonymous,EN,Ja,"Ja, ich stimme zu",Mandarine (222 kJ),Zweifel Vaya Bean Salt Chips (1779 kJ),Isey Skyr Heidelbeere (432 kJ),Banane (446 kJ),Mandarine (222 kJ),Schokopudding (502 kJ),Al Natura Linsenwaffeln (1525 kJ),NA,NA,NA,NA,NA,NA,NA,Blau,"Expresslieferung, 62 Tage früher, CHF 969.00","Standardlieferung, 62 Tage, CHF 1299.00","Expresslieferung, 31 Tage früher, CHF 1069.00","Standardlieferung, 62 Tage, CHF 499.00","Expresslieferung, 62 Tage früher, CHF 1279.00","Expresslieferung, 31 Tage früher, CHF 429.00","Expresslieferung, 31 Tage früher, CHF 2019.00","Expresslieferung, 62 Tage früher, CHF 1619.00","Expresslieferung, 62 Tage früher, CHF 1089.00","Expresslieferung, 62 Tage früher, CHF 36'500.00",NA,NA,NA,NA,NA,NA,NA,NA,NA,NA,NA,NA,NA,NA,NA,NA,NA,NA,NA,NA,NA,NA,NA,NA,NA,NA,NA,NA,NA,NA,NA,fliegen,teils/teils,teils/teils,2,Ja,"Mehrheitlich nach Gefühl. Aber war der Kaufbetrag tief, so habe ich mich eher für die lange Lieferung entschieden.",NA
uu8xAc3YFC,IP Address,100,312,TRUE,anonymous,EN,Ja,"Ja, ich stimme zu",NA,NA,NA,NA,NA,NA,NA,Mandarine (53 kcal),Trauben (69 kcal),Isey Skyr Heidelbeere (129 kcal),Zweifel Paprika Chips (643 kcal),Mandarine (53 kcal),Naturjoghurt (62 kcal),Zweifel Paprika Chips (515 kcal),Blau,NA,NA,NA,NA,NA,NA,NA,NA,NA,NA,NA,NA,NA,NA,NA,NA,NA,NA,NA,NA,NA,NA,NA,NA,NA,NA,NA,NA,NA,NA,NA,"Expresslieferung, 2 Monate früher, CHF 969.00","Expresslieferung, 1 Monat früher, CHF 1389.00","Expresslieferung, 1 Monat früher, CHF 1069.00","Expresslieferung, 1 Monat früher, CHF 534.00","Expresslieferung, 2 Monate früher, CHF 1279.00","Expresslieferung, 1 Monat früher, CHF 429.00","Expresslieferung, 1 Monat früher, CHF 2019.00","Expresslieferung, 2 Monate früher, CHF 1619.00","Expresslieferung, 2 Monate früher, CHF 1089.00","Expresslieferung, 2 Monate früher, CHF 36'500.00",fliegen,eher wenig,teils/teils,2,Nein,"Intuition, TRANSitivität",NEIN
Yrnu4CuhGa,IP Address,100,301,TRUE,anonymous,EN,Ja,"Ja, ich stimme zu",NA,NA,NA,NA,NA,NA,NA,Mandarine (53 kcal),Zweifel Vaya Bean Salt Chips (424 kcal),Isey Skyr Heidelbeere (129 kcal),Zweifel Paprika Chips (643 kcal),Mandarine (53 kcal),Naturjoghurt (62 kcal),Zweifel Paprika Chips (515 kcal),Blau,NA,NA,NA,NA,NA,NA,NA,NA,NA,NA,NA,NA,NA,NA,NA,NA,NA,NA,NA,NA,NA,NA,NA,NA,NA,NA,NA,NA,NA,NA,NA,"Standardlieferung, 4 Monate, CHF 899.00","Standardlieferung, 2 Monate, CHF 1299.00","Standardlieferung, 2 Monate, CHF 999.00","Standardlieferung, 2 Monate, CHF 499.00","Standardlieferung, 4 Monate, CHF 1199.00","Standardlieferung, 2 Monate, CHF 399.00","Standardlieferung, 3 Monate, CHF 1899.00","Standardlieferung, 4 Monate, CHF 1499.00","Standardlieferung, 6 Monate, CHF 999.00","Standardlieferung, 6 Monate, CHF 35'000.00",fliegen,gar nicht,eher nicht wichtig,2,Nein,"Snacks: das, was ich lieber habe, falls beides gleichwertig, dann das „gesündere“
Lieferung: immer das günstigere",NA
ckOjrHDvZK,IP Address,1,4,FALSE,anonymous,EN,NA,NA,NA,NA,NA,NA,NA,NA,NA,NA,NA,NA,NA,NA,NA,NA,NA,NA,NA,NA,NA,NA,NA,NA,NA,NA,NA,NA,NA,NA,NA,NA,NA,NA,NA,NA,NA,NA,NA,NA,NA,NA,NA,NA,NA,NA,NA,NA,NA,NA,NA,NA,NA,NA,NA,NA,NA,NA,NA,NA,NA,NA,NA,NA,NA
oNCf51wNIf,IP Address,100,320,TRUE,anonymous,EN,Ja,"Ja, ich stimme zu",NA,NA,NA,NA,NA,NA,NA,Mandarine (53 kcal),Trauben (69 kcal),Isey Skyr Heidelbeere (129 kcal),Zweifel Paprika Chips (643 kcal),Mandarine (53 kcal),Naturjoghurt (62 kcal),Zweifel Paprika Chips (515 kcal),Blau,"Expresslieferung, 62 Tage früher, CHF 969.00","Expresslieferung, 31 Tage früher, CHF 1389.00","Expresslieferung, 31 Tage früher, CHF 1069.00","Expresslieferung, 31 Tage früher, CHF 534.00","Standardlieferung, 124 Tage, CHF 1199.00","Standardlieferung, 62 Tage, CHF 399.00","Standardlieferung, 93 Tage, CHF 1899.00","Standardlieferung, 124 Tage, CHF 1499.00","Standardlieferung, 186 Tage, CHF 999.00","Expresslieferung, 62 Tage früher, CHF 36'500.00",NA,NA,NA,NA,NA,NA,NA,NA,NA,NA,NA,NA,NA,NA,NA,NA,NA,NA,NA,NA,NA,NA,NA,NA,NA,NA,NA,NA,NA,NA,NA,fliegen,gar nicht,eher nicht wichtig,2,Nein,Bei Essen nach Lust und bei Einkäufen nach vermutetem Bedarf.,NA
1epiIsnLJW,IP Address,100,8917,TRUE,anonymous,EN,Ja,"Ja, ich stimme zu",Mandarine (222 kJ),Trauben (289 kJ),Lotus Biscoff Pocket Karamell (3780 kJ),Zweifel Paprika Chips (2695 kJ),Kinder Bueno (2376 kJ),Schokopudding (502 kJ),Zweifel Paprika Chips (2147 kJ),NA,NA,NA,NA,NA,NA,NA,Blau,NA,NA,NA,NA,NA,NA,NA,NA,NA,NA,"Standardlieferung, 4 Monate, CHF 899.00","Standardlieferung, 2 Monate, CHF 1299.00","Standardlieferung, 2 Monate, CHF 999.00","Standardlieferung, 2 Monate, CHF 499.00","Standardlieferung, 4 Monate, CHF 1199.00","Standardlieferung, 2 Monate, CHF 399.00","Standardlieferung, 3 Monate, CHF 1899.00","Standardlieferung, 4 Monate, CHF 1499.00","Standardlieferung, 6 Monate, CHF 999.00","Standardlieferung, 6 Monate, CHF 35'000.00",NA,NA,NA,NA,NA,NA,NA,NA,NA,NA,NA,NA,NA,NA,NA,NA,NA,NA,NA,NA,NA,fliegen,eher wenig,teils/teils,2,Nein,So wie im Alltag,NA
higNwbgY0u,IP Address,100,380,TRUE,anonymous,EN,Ja,"Ja, ich stimme zu",Snickers (2042 kJ),Trauben (289 kJ),Isey Skyr Heidelbeere (432 kJ),Zweifel Paprika Chips (2695 kJ),Mandarine (222 kJ),Schokopudding (502 kJ),Zweifel Paprika Chips (2147 kJ),NA,NA,NA,NA,NA,NA,NA,Blau,NA,NA,NA,NA,NA,NA,NA,NA,NA,NA,NA,NA,NA,NA,NA,NA,NA,NA,NA,NA,NA,NA,NA,NA,NA,NA,NA,NA,NA,NA,NA,"Standardlieferung, 4 Monate, CHF 899.00","Standardlieferung, 2 Monate, CHF 1299.00","Expresslieferung, 1 Monat früher, CHF 1069.00","Expresslieferung, 1 Monat früher, CHF 534.00","Standardlieferung, 4 Monate, CHF 1199.00","Standardlieferung, 2 Monate, CHF 399.00","Expresslieferung, 1 Monat früher, CHF 2019.00","Standardlieferung, 4 Monate, CHF 1499.00","Standardlieferung, 6 Monate, CHF 999.00","Expresslieferung, 2 Monate früher, CHF 36'500.00",fliegen,eher wenig,eher nicht wichtig,2,Nein,Gluscht und Dringlichkeit,Nein
URD4duAoN4,IP Address,100,624,TRUE,anonymous,EN,Nein,"Ja, ich stimme zu",Snickers (2042 kJ),Trauben (289 kJ),Isey Skyr Heidelbeere (432 kJ),Zweifel Paprika Chips (2695 kJ),Kinder Bueno (2376 kJ),Schokopudding (502 kJ),Zweifel Paprika Chips (2147 kJ),NA,NA,NA,NA,NA,NA,NA,Blau,NA,NA,NA,NA,NA,NA,NA,NA,NA,NA,NA,NA,NA,NA,NA,NA,NA,NA,NA,NA,"Standardlieferung, 124 Tage, CHF 899.00","Standardlieferung, 62 Tage, CHF 1299.00","Standardlieferung, 62 Tage, CHF 999.00","Standardlieferung, 62 Tage, CHF 499.00","Standardlieferung, 124 Tage, CHF 1199.00","Standardlieferung, 62 Tage, CHF 399.00","Standardlieferung, 93 Tage, CHF 1899.00","Standardlieferung, 124 Tage, CHF 1499.00","Standardlieferung, 186 Tage, CHF 999.00","Standardlieferung, 186 Tage, CHF 35’000.00",In Tagen,NA,NA,NA,NA,NA,NA,NA,NA,NA,NA,fliegen,eher wenig,teils/teils,2,Nein,Bei den Lebensmitteln nach Lust und bei den Lieferungen nach Preis.,NA
h1YEPba5OP,IP Address,100,225,TRUE,anonymous,EN,Ja,"Ja, ich stimme zu",Mandarine (222 kJ),Trauben (289 kJ),Lotus Biscoff Pocket Karamell (3780 kJ),Banane (446 kJ),Mandarine (222 kJ),Naturjoghurt (260 kJ),Al Natura Linsenwaffeln (1525 kJ),NA,NA,NA,NA,NA,NA,NA,Blau,NA,NA,NA,NA,NA,NA,NA,NA,NA,NA,NA,NA,NA,NA,NA,NA,NA,NA,NA,NA,NA,NA,NA,NA,NA,NA,NA,NA,NA,NA,NA,"Expresslieferung, 2 Monate früher, CHF 969.00","Expresslieferung, 1 Monat früher, CHF 1389.00","Expresslieferung, 1 Monat früher, CHF 1069.00","Expresslieferung, 1 Monat früher, CHF 534.00","Expresslieferung, 2 Monate früher, CHF 1279.00","Expresslieferung, 1 Monat früher, CHF 429.00","Expresslieferung, 1 Monat früher, CHF 2019.00","Expresslieferung, 2 Monate früher, CHF 1619.00","Expresslieferung, 2 Monate früher, CHF 1089.00","Expresslieferung, 2 Monate früher, CHF 36'500.00",fliegen,stark,sehr wichtig,2,Nein,"mir ist klar, dass die energieangaben wahrscheinlich pro packung waren, aber trotzdem esse ich lieber extrem viele trauben als 2 kinderbueno",no
YFldsZAa6t,IP Address,100,376,TRUE,anonymous,EN,Ja,"Ja, ich stimme zu",Snickers (2042 kJ),Trauben (289 kJ),Isey Skyr Heidelbeere (432 kJ),Banane (446 kJ),Mandarine (222 kJ),Naturjoghurt (260 kJ),Al Natura Linsenwaffeln (1525 kJ),NA,NA,NA,NA,NA,NA,NA,Orange,NA,NA,NA,NA,NA,NA,NA,NA,NA,NA,NA,NA,NA,NA,NA,NA,NA,NA,NA,NA,NA,NA,NA,NA,NA,NA,NA,NA,NA,NA,NA,"Standardlieferung, 4 Monate, CHF 899.00","Standardlieferung, 2 Monate, CHF 1299.00","Expresslieferung, 1 Monat früher, CHF 1069.00","Standardlieferung, 2 Monate, CHF 499.00","Standardlieferung, 4 Monate, CHF 1199.00","Standardlieferung, 2 Monate, CHF 399.00","Standardlieferung, 3 Monate, CHF 1899.00","Expresslieferung, 2 Monate früher, CHF 1619.00","Expresslieferung, 2 Monate früher, CHF 1089.00","Expresslieferung, 2 Monate früher, CHF 36'500.00",schwimmen,teils/teils,teils/teils,2,Nein,Spontan,NA
XYWDwHLkNf,IP Address,100,350,TRUE,anonymous,EN,Ja,"Ja, ich stimme zu",Snickers (2042 kJ),Zweifel Vaya Bean Salt Chips (1779 kJ),Lotus Biscoff Pocket Karamell (3780 kJ),Banane (446 kJ),Kinder Bueno (2376 kJ),Schokopudding (502 kJ),Al Natura Linsenwaffeln (1525 kJ),NA,NA,NA,NA,NA,NA,NA,Blau,NA,NA,NA,NA,NA,NA,NA,NA,NA,NA,NA,NA,NA,NA,NA,NA,NA,NA,NA,NA,"Expresslieferung, 62 Tage früher, CHF 969.00","Expresslieferung, 31 Tage früher, CHF 1389.00","Standardlieferung, 62 Tage, CHF 999.00","Standardlieferung, 62 Tage, CHF 499.00","Standardlieferung, 124 Tage, CHF 1199.00","Standardlieferung, 62 Tage, CHF 399.00","Standardlieferung, 93 Tage, CHF 1899.00","Standardlieferung, 124 Tage, CHF 1499.00","Standardlieferung, 186 Tage, CHF 999.00","Standardlieferung, 186 Tage, CHF 35’000.00",In Tagen,NA,NA,NA,NA,NA,NA,NA,NA,NA,NA,fliegen,eher wenig,unwichtig,2,Nein,Spontane Entscheidungen und Kcal bewusst nicht gross beachtet,NA
st91qrg7bt,IP Address,100,334,TRUE,anonymous,EN,Ja,"Ja, ich stimme zu",Mandarine (222 kJ),NA,Isey Skyr Heidelbeere (432 kJ),Banane (446 kJ),Mandarine (222 kJ),Naturjoghurt (260 kJ),Zweifel Paprika Chips (2147 kJ),NA,NA,NA,NA,NA,NA,NA,Blau,NA,NA,NA,NA,NA,NA,NA,NA,NA,NA,"Standardlieferung, 4 Monate, CHF 899.00","Expresslieferung, 1 Monat früher, CHF 1389.00","Expresslieferung, 1 Monat früher, CHF 1069.00","Standardlieferung, 2 Monate, CHF 499.00","Standardlieferung, 4 Monate, CHF 1199.00","Standardlieferung, 2 Monate, CHF 399.00","Standardlieferung, 3 Monate, CHF 1899.00","Standardlieferung, 4 Monate, CHF 1499.00","Expresslieferung, 2 Monate früher, CHF 1089.00","Standardlieferung, 6 Monate, CHF 35'000.00",NA,NA,NA,NA,NA,NA,NA,NA,NA,NA,NA,NA,NA,NA,NA,NA,NA,NA,NA,NA,NA,schwimmen,eher stark,teils/teils,2,Nein,Aus dem Bauch heraus,NEIN
PlEvqQSZPE,IP Address,100,172,TRUE,anonymous,EN,Ja,"Ja, ich stimme zu",Snickers (2042 kJ),Trauben (289 kJ),Lotus Biscoff Pocket Karamell (3780 kJ),Banane (446 kJ),Kinder Bueno (2376 kJ),Schokopudding (502 kJ),Al Natura Linsenwaffeln (1525 kJ),NA,NA,NA,NA,NA,NA,NA,Blau,"Standardlieferung, 124 Tage, CHF 899.00","Expresslieferung, 31 Tage früher, CHF 1389.00","Expresslieferung, 31 Tage früher, CHF 1069.00","Expresslieferung, 31 Tage früher, CHF 534.00","Expresslieferung, 62 Tage früher, CHF 1279.00","Expresslieferung, 31 Tage früher, CHF 429.00","Standardlieferung, 93 Tage, CHF 1899.00",NA,"Standardlieferung, 186 Tage, CHF 999.00","Standardlieferung, 186 Tage, CHF 35'000.00",NA,NA,NA,NA,NA,NA,NA,NA,NA,NA,NA,NA,NA,NA,NA,NA,NA,NA,NA,NA,NA,NA,NA,NA,NA,NA,NA,NA,NA,NA,NA,fliegen,eher wenig,teils/teils,2,Nein,"Ich habe das ausgesucht, was mir am besten schmeckt",NA
DErZ8XjopA,IP Address,100,1294,TRUE,anonymous,EN,Ja,"Ja, ich stimme zu",NA,NA,NA,NA,NA,NA,NA,Snickers (488 kcal),Zweifel Vaya Bean Salt Chips (424 kcal),Lotus Biscoff Pocket Karamell (900 kcal),Zweifel Paprika Chips (643 kcal),Mandarine (53 kcal),Naturjoghurt (62 kcal),Zweifel Paprika Chips (515 kcal),Blau,NA,NA,NA,NA,NA,NA,NA,NA,NA,NA,"Expresslieferung, 2 Monate früher, CHF 969.00","Expresslieferung, 1 Monat früher, CHF 1389.00","Standardlieferung, 2 Monate, CHF 999.00","Standardlieferung, 2 Monate, CHF 499.00","Standardlieferung, 4 Monate, CHF 1199.00","Expresslieferung, 1 Monat früher, CHF 429.00","Standardlieferung, 3 Monate, CHF 1899.00","Standardlieferung, 4 Monate, CHF 1499.00","Standardlieferung, 6 Monate, CHF 999.00","Standardlieferung, 6 Monate, CHF 35'000.00",NA,NA,NA,NA,NA,NA,NA,NA,NA,NA,NA,NA,NA,NA,NA,NA,NA,NA,NA,NA,NA,fliegen,eher wenig,unwichtig,2,Nein,NA,NA
T3axIv6WD6,IP Address,99,160,FALSE,anonymous,EN,Nein,"Ja, ich stimme zu",NA,NA,NA,NA,NA,NA,NA,Mandarine (53 kcal),Trauben (69 kcal),Lotus Biscoff Pocket Karamell (900 kcal),Zweifel Paprika Chips (643 kcal),Mandarine (53 kcal),Naturjoghurt (62 kcal),Al Natura Linsenwaffeln (360 kcal),Blau,NA,NA,NA,NA,NA,NA,NA,NA,NA,NA,NA,NA,NA,NA,NA,NA,NA,NA,NA,NA,NA,NA,NA,NA,NA,NA,NA,NA,NA,NA,NA,"Expresslieferung, 2 Monate früher, CHF 969.00","Standardlieferung, 2 Monate, CHF 1299.00","Expresslieferung, 1 Monat früher, CHF 1069.00","Expresslieferung, 1 Monat früher, CHF 534.00","Expresslieferung, 2 Monate früher, CHF 1279.00","Expresslieferung, 1 Monat früher, CHF 429.00","Standardlieferung, 3 Monate, CHF 1899.00","Standardlieferung, 4 Monate, CHF 1499.00","Expresslieferung, 2 Monate früher, CHF 1089.00","Expresslieferung, 2 Monate früher, CHF 36'500.00",fliegen,gar nicht,teils/teils,2,Nein,NA,NA
Jl3lQNvHr5,IP Address,100,215,TRUE,anonymous,EN,Ja,"Ja, ich stimme zu",NA,NA,NA,NA,NA,NA,NA,Snickers (488 kcal),Zweifel Vaya Bean Salt Chips (424 kcal),Isey Skyr Heidelbeere (129 kcal),Zweifel Paprika Chips (643 kcal),Kinder Bueno (560 kcal),Naturjoghurt (62 kcal),Zweifel Paprika Chips (515 kcal),Blau,"Standardlieferung, 124 Tage, CHF 899.00","Expresslieferung, 31 Tage früher, CHF 1389.00","Expresslieferung, 31 Tage früher, CHF 1069.00","Expresslieferung, 31 Tage früher, CHF 534.00","Standardlieferung, 124 Tage, CHF 1199.00","Expresslieferung, 31 Tage früher, CHF 429.00","Standardlieferung, 93 Tage, CHF 1899.00","Standardlieferung, 124 Tage, CHF 1499.00","Standardlieferung, 186 Tage, CHF 999.00","Expresslieferung, 62 Tage früher, CHF 36'500.00",NA,NA,NA,NA,NA,NA,NA,NA,NA,NA,NA,NA,NA,NA,NA,NA,NA,NA,NA,NA,NA,NA,NA,NA,NA,NA,NA,NA,NA,NA,NA,fliegen,teils/teils,sehr wichtig,2,Nein,Ich habe mir überlegt wie ich in den gefragten Optionen bis anhin entschieden habe.,NA
H8FPBSy9vM,IP Address,100,322,TRUE,anonymous,EN,Ja,"Ja, ich stimme zu",Snickers (2042 kJ),Zweifel Vaya Bean Salt Chips (1779 kJ),Isey Skyr Heidelbeere (432 kJ),Zweifel Paprika Chips (2695 kJ),Kinder Bueno (2376 kJ),Schokopudding (502 kJ),Zweifel Paprika Chips (2147 kJ),NA,NA,NA,NA,NA,NA,NA,Blau,NA,NA,NA,NA,NA,NA,NA,NA,NA,NA,NA,NA,NA,NA,NA,NA,NA,NA,NA,NA,NA,NA,NA,NA,NA,NA,NA,NA,NA,NA,NA,"Expresslieferung, 2 Monate früher, CHF 969.00","Expresslieferung, 1 Monat früher, CHF 1389.00","Expresslieferung, 1 Monat früher, CHF 1069.00","Expresslieferung, 1 Monat früher, CHF 534.00","Expresslieferung, 2 Monate früher, CHF 1279.00","Expresslieferung, 1 Monat früher, CHF 429.00","Expresslieferung, 1 Monat früher, CHF 2019.00","Expresslieferung, 2 Monate früher, CHF 1619.00","Expresslieferung, 2 Monate früher, CHF 1089.00","Expresslieferung, 2 Monate früher, CHF 36'500.00",fliegen,gar nicht,teils/teils,2,Nein,Spontan,Nein
dAsoxYLk8n,IP Address,100,418,TRUE,anonymous,EN,Ja,"Ja, ich stimme zu",NA,NA,NA,NA,NA,NA,NA,Mandarine (53 kcal),Zweifel Vaya Bean Salt Chips (424 kcal),Isey Skyr Heidelbeere (129 kcal),Banane (107 kcal),Kinder Bueno (560 kcal),Schokopudding (120 kcal),Zweifel Paprika Chips (515 kcal),Blau,NA,NA,NA,NA,NA,NA,NA,NA,NA,NA,"Standardlieferung, 4 Monate, CHF 899.00","Standardlieferung, 2 Monate, CHF 1299.00","Expresslieferung, 1 Monat früher, CHF 1069.00","Standardlieferung, 2 Monate, CHF 499.00","Expresslieferung, 2 Monate früher, CHF 1279.00","Standardlieferung, 2 Monate, CHF 399.00","Standardlieferung, 3 Monate, CHF 1899.00","Standardlieferung, 4 Monate, CHF 1499.00","Standardlieferung, 6 Monate, CHF 999.00","Standardlieferung, 6 Monate, CHF 35'000.00",NA,NA,NA,NA,NA,NA,NA,NA,NA,NA,NA,NA,NA,NA,NA,NA,NA,NA,NA,NA,NA,fliegen,teils/teils,eher wichtig,2,Ja,NA,NA
jwuPPwqSmM,IP Address,100,763,TRUE,anonymous,EN,Ja,"Ja, ich stimme zu",NA,NA,NA,NA,NA,NA,NA,Snickers (488 kcal),Trauben (69 kcal),Lotus Biscoff Pocket Karamell (900 kcal),Zweifel Paprika Chips (643 kcal),Kinder Bueno (560 kcal),Schokopudding (120 kcal),Zweifel Paprika Chips (515 kcal),Blau,NA,NA,NA,NA,NA,NA,NA,NA,NA,NA,"Standardlieferung, 4 Monate, CHF 899.00","Expresslieferung, 1 Monat früher, CHF 1389.00","Expresslieferung, 1 Monat früher, CHF 1069.00","Standardlieferung, 2 Monate, CHF 499.00","Standardlieferung, 4 Monate, CHF 1199.00","Standardlieferung, 2 Monate, CHF 399.00","Standardlieferung, 3 Monate, CHF 1899.00","Standardlieferung, 4 Monate, CHF 1499.00","Expresslieferung, 2 Monate früher, CHF 1089.00","Expresslieferung, 2 Monate früher, CHF 36'500.00",NA,NA,NA,NA,NA,NA,NA,NA,NA,NA,NA,NA,NA,NA,NA,NA,NA,NA,NA,NA,NA,fliegen,gar nicht,teils/teils,2,Nein,"Bei den Snacks hane ich immer das genommen, was ich bereits kenne und öfters esse 
abr bei den lieferungen habe ich auf den preis und monate geschaut und geschtet wie dringend mir diese sachen wären",NA
FaTZtPHo4H,IP Address,100,268,TRUE,anonymous,EN,Nein,"Ja, ich stimme zu",Mandarine (222 kJ),Zweifel Vaya Bean Salt Chips (1779 kJ),Isey Skyr Heidelbeere (432 kJ),Banane (446 kJ),Kinder Bueno (2376 kJ),Naturjoghurt (260 kJ),Zweifel Paprika Chips (2147 kJ),NA,NA,NA,NA,NA,NA,NA,Blau,NA,NA,NA,NA,NA,NA,NA,NA,NA,NA,NA,NA,NA,NA,NA,NA,NA,NA,NA,NA,"Expresslieferung, 62 Tage früher, CHF 969.00","Expresslieferung, 31 Tage früher, CHF 1389.00","Expresslieferung, 31 Tage früher, CHF 1069.00","Expresslieferung, 31 Tage früher, CHF 534.00","Expresslieferung, 62 Tage früher, CHF 1279.00","Standardlieferung, 62 Tage, CHF 399.00","Expresslieferung, 31 Tage früher, CHF 2019.00","Expresslieferung, 62 Tage früher, CHF 1619.00","Expresslieferung, 62 Tage früher, CHF 1089.00","Expresslieferung, 62 Tage früher, CHF 36’500.00",In Tagen,NA,NA,NA,NA,NA,NA,NA,NA,NA,NA,fliegen,teils/teils,unwichtig,2,Nein,NA,NA
wIyD41VkXh,IP Address,100,243,TRUE,anonymous,EN,Nein,"Ja, ich stimme zu",Mandarine (222 kJ),Zweifel Vaya Bean Salt Chips (1779 kJ),Isey Skyr Heidelbeere (432 kJ),Zweifel Paprika Chips (2695 kJ),Kinder Bueno (2376 kJ),Schokopudding (502 kJ),Al Natura Linsenwaffeln (1525 kJ),NA,NA,NA,NA,NA,NA,NA,Blau,NA,NA,NA,NA,NA,NA,NA,NA,NA,NA,NA,NA,NA,NA,NA,NA,NA,NA,NA,NA,"Standardlieferung, 124 Tage, CHF 899.00","Standardlieferung, 62 Tage, CHF 1299.00","Standardlieferung, 62 Tage, CHF 999.00","Standardlieferung, 62 Tage, CHF 499.00","Standardlieferung, 124 Tage, CHF 1199.00","Standardlieferung, 62 Tage, CHF 399.00","Standardlieferung, 93 Tage, CHF 1899.00","Standardlieferung, 124 Tage, CHF 1499.00","Expresslieferung, 62 Tage früher, CHF 1089.00","Standardlieferung, 186 Tage, CHF 35’000.00",In Tagen,NA,NA,NA,NA,NA,NA,NA,NA,NA,NA,fliegen,gar nicht,eher nicht wichtig,2,Nein,NA,NA
rx83Aqx3R7,IP Address,100,363,TRUE,anonymous,EN,Ja,"Ja, ich stimme zu",Snickers (2042 kJ),Zweifel Vaya Bean Salt Chips (1779 kJ),Isey Skyr Heidelbeere (432 kJ),Banane (446 kJ),Kinder Bueno (2376 kJ),Naturjoghurt (260 kJ),Al Natura Linsenwaffeln (1525 kJ),NA,NA,NA,NA,NA,NA,NA,Blau,NA,NA,NA,NA,NA,NA,NA,NA,NA,NA,"Standardlieferung, 4 Monate, CHF 899.00",NA,"Standardlieferung, 2 Monate, CHF 999.00","Standardlieferung, 2 Monate, CHF 499.00","Expresslieferung, 2 Monate früher, CHF 1279.00","Standardlieferung, 2 Monate, CHF 399.00","Standardlieferung, 3 Monate, CHF 1899.00","Standardlieferung, 4 Monate, CHF 1499.00","Standardlieferung, 6 Monate, CHF 999.00","Standardlieferung, 6 Monate, CHF 35'000.00",NA,NA,NA,NA,NA,NA,NA,NA,NA,NA,NA,NA,NA,NA,NA,NA,NA,NA,NA,NA,NA,fliegen,teils/teils,eher nicht wichtig,2,Nein,"Das was ausgewählt worauf ich am meisten Lust habe. Ich will zunehmen, desshalb sind mir die Kalorien egal, ich esse was ich will. Gesund ist aber meist besser, ausser Mandarinen mag ich nicht.",NA
XgthOQgcQe,IP Address,100,324,TRUE,anonymous,EN,Ja,"Ja, ich stimme zu",Mandarine (222 kJ),Trauben (289 kJ),Isey Skyr Heidelbeere (432 kJ),Banane (446 kJ),Mandarine (222 kJ),Naturjoghurt (260 kJ),Zweifel Paprika Chips (2147 kJ),NA,NA,NA,NA,NA,NA,NA,Blau,NA,NA,NA,NA,NA,NA,NA,NA,NA,NA,NA,NA,NA,NA,NA,NA,NA,NA,NA,NA,"Standardlieferung, 124 Tage, CHF 899.00","Expresslieferung, 31 Tage früher, CHF 1389.00","Standardlieferung, 62 Tage, CHF 999.00","Standardlieferung, 62 Tage, CHF 499.00","Standardlieferung, 124 Tage, CHF 1199.00","Standardlieferung, 62 Tage, CHF 399.00","Standardlieferung, 93 Tage, CHF 1899.00","Standardlieferung, 124 Tage, CHF 1499.00","Standardlieferung, 186 Tage, CHF 999.00","Expresslieferung, 62 Tage früher, CHF 36’500.00",In Tagen,NA,NA,NA,NA,NA,NA,NA,NA,NA,NA,fliegen,gar nicht,eher wichtig,2,Nein,Wie ich mich im Alltag allgemein auch entscheiden würde oder mich bis jetzt entschieden habe.,NA
vncD6RKElO,IP Address,100,465,TRUE,anonymous,EN,Ja,"Ja, ich stimme zu",NA,NA,NA,NA,NA,NA,NA,Mandarine (53 kcal),Trauben (69 kcal),Isey Skyr Heidelbeere (129 kcal),Zweifel Paprika Chips (643 kcal),Kinder Bueno (560 kcal),Naturjoghurt (62 kcal),Zweifel Paprika Chips (515 kcal),Blau,"Expresslieferung, 62 Tage früher, CHF 969.00","Expresslieferung, 31 Tage früher, CHF 1389.00","Expresslieferung, 31 Tage früher, CHF 1069.00","Standardlieferung, 62 Tage, CHF 499.00","Standardlieferung, 124 Tage, CHF 1199.00","Expresslieferung, 31 Tage früher, CHF 429.00","Expresslieferung, 31 Tage früher, CHF 2019.00","Standardlieferung, 124 Tage, CHF 1499.00","Expresslieferung, 62 Tage früher, CHF 1089.00","Standardlieferung, 186 Tage, CHF 35'000.00",NA,NA,NA,NA,NA,NA,NA,NA,NA,NA,NA,NA,NA,NA,NA,NA,NA,NA,NA,NA,NA,NA,NA,NA,NA,NA,NA,NA,NA,NA,NA,fliegen,eher stark,eher wichtig,2,Nein,Je nach Bedarf des Artikels und mit dem Wissen meiner Ungeduld,Nein
FLKVomDMm6,IP Address,100,567,TRUE,anonymous,EN,Ja,"Nein, ich stimme nicht zu",Snickers (2042 kJ),Zweifel Vaya Bean Salt Chips (1779 kJ),Isey Skyr Heidelbeere (432 kJ),Banane (446 kJ),Kinder Bueno (2376 kJ),Schokopudding (502 kJ),Zweifel Paprika Chips (2147 kJ),NA,NA,NA,NA,NA,NA,NA,Blau,NA,NA,NA,NA,NA,NA,NA,NA,NA,NA,NA,NA,NA,NA,NA,NA,NA,NA,NA,NA,"Standardlieferung, 124 Tage, CHF 899.00","Standardlieferung, 62 Tage, CHF 1299.00","Standardlieferung, 62 Tage, CHF 999.00","Expresslieferung, 31 Tage früher, CHF 534.00","Expresslieferung, 62 Tage früher, CHF 1279.00","Expresslieferung, 31 Tage früher, CHF 429.00","Standardlieferung, 93 Tage, CHF 1899.00","Standardlieferung, 124 Tage, CHF 1499.00","Standardlieferung, 186 Tage, CHF 999.00","Standardlieferung, 186 Tage, CHF 35’000.00",In Tagen,NA,NA,NA,NA,NA,NA,NA,NA,NA,NA,fliegen,teils/teils,teils/teils,2,Nein,"Meine ersten Fragen beziehen sich meist auf den Geschmack.
Bei den Lieferoptionen achte ich vor allem auf den Preisunterschied: Liegt dieser unter 50–100 CHF, wähle ich meistens die Express-Option, sonst die Standardoption.",Keine
DUgGXTfh77,IP Address,100,266,TRUE,anonymous,EN,Ja,"Ja, ich stimme zu",NA,NA,NA,NA,NA,NA,NA,Mandarine (53 kcal),Zweifel Vaya Bean Salt Chips (424 kcal),Isey Skyr Heidelbeere (129 kcal),Banane (107 kcal),Kinder Bueno (560 kcal),Naturjoghurt (62 kcal),Zweifel Paprika Chips (515 kcal),Blau,NA,NA,NA,NA,NA,NA,NA,NA,NA,NA,NA,NA,NA,NA,NA,NA,NA,NA,NA,NA,"Standardlieferung, 124 Tage, CHF 899.00","Standardlieferung, 62 Tage, CHF 1299.00","Standardlieferung, 62 Tage, CHF 999.00","Standardlieferung, 62 Tage, CHF 499.00","Standardlieferung, 124 Tage, CHF 1199.00","Expresslieferung, 31 Tage früher, CHF 429.00","Standardlieferung, 93 Tage, CHF 1899.00","Expresslieferung, 62 Tage früher, CHF 1619.00","Expresslieferung, 62 Tage früher, CHF 1089.00","Standardlieferung, 186 Tage, CHF 35’000.00",In Monate,NA,NA,NA,NA,NA,NA,NA,NA,NA,NA,fliegen,teils/teils,eher wichtig,2,Nein,NA,NA
VGRWqneL0z,IP Address,89,612,FALSE,anonymous,EN,Nein,"Ja, ich stimme zu",Snickers (2042 kJ),Trauben (289 kJ),Lotus Biscoff Pocket Karamell (3780 kJ),Banane (446 kJ),Mandarine (222 kJ),Schokopudding (502 kJ),Zweifel Paprika Chips (2147 kJ),NA,NA,NA,NA,NA,NA,NA,Blau,NA,NA,NA,NA,NA,NA,NA,NA,NA,NA,NA,NA,NA,NA,NA,NA,NA,NA,NA,NA,NA,NA,NA,NA,NA,NA,NA,NA,NA,NA,NA,"Expresslieferung, 2 Monate früher, CHF 969.00","Expresslieferung, 1 Monat früher, CHF 1389.00","Expresslieferung, 1 Monat früher, CHF 1069.00",NA,"Expresslieferung, 2 Monate früher, CHF 1279.00","Standardlieferung, 2 Monate, CHF 399.00","Standardlieferung, 3 Monate, CHF 1899.00","Standardlieferung, 4 Monate, CHF 1499.00","Expresslieferung, 2 Monate früher, CHF 1089.00","Expresslieferung, 2 Monate früher, CHF 36'500.00",NA,NA,NA,NA,NA,NA,NA
wz2aaLDtGV,IP Address,100,854,TRUE,anonymous,EN,Ja,"Ja, ich stimme zu",NA,NA,NA,NA,NA,NA,NA,Snickers (488 kcal),Trauben (69 kcal),Lotus Biscoff Pocket Karamell (900 kcal),Zweifel Paprika Chips (643 kcal),Kinder Bueno (560 kcal),Schokopudding (120 kcal),Zweifel Paprika Chips (515 kcal),Blau,NA,NA,NA,NA,NA,NA,NA,NA,NA,NA,NA,NA,NA,NA,NA,NA,NA,NA,NA,NA,NA,NA,NA,NA,NA,NA,NA,NA,NA,NA,NA,"Standardlieferung, 4 Monate, CHF 899.00","Standardlieferung, 2 Monate, CHF 1299.00","Standardlieferung, 2 Monate, CHF 999.00","Standardlieferung, 2 Monate, CHF 499.00","Standardlieferung, 4 Monate, CHF 1199.00","Expresslieferung, 1 Monat früher, CHF 429.00","Standardlieferung, 3 Monate, CHF 1899.00","Standardlieferung, 4 Monate, CHF 1499.00","Standardlieferung, 6 Monate, CHF 999.00","Standardlieferung, 6 Monate, CHF 35'000.00",fliegen,gar nicht,eher nicht wichtig,2,Nein,Spontan,Bei der Frage zur Energie habe ich zuerst den Zusammenhang nicht verstanden. Müsste genauer angegeben werden oder die Frage nach den Snacks platziert werden.
Z4LUGHxIJw,IP Address,100,406,TRUE,anonymous,EN,Ja,"Ja, ich stimme zu",NA,NA,NA,NA,NA,NA,NA,Mandarine (53 kcal),Zweifel Vaya Bean Salt Chips (424 kcal),Isey Skyr Heidelbeere (129 kcal),Zweifel Paprika Chips (643 kcal),Kinder Bueno (560 kcal),Schokopudding (120 kcal),Zweifel Paprika Chips (515 kcal),Orange,NA,NA,NA,NA,NA,NA,NA,NA,NA,NA,"Expresslieferung, 2 Monate früher, CHF 969.00","Expresslieferung, 1 Monat früher, CHF 1389.00","Expresslieferung, 1 Monat früher, CHF 1069.00","Expresslieferung, 1 Monat früher, CHF 534.00","Expresslieferung, 2 Monate früher, CHF 1279.00","Expresslieferung, 1 Monat früher, CHF 429.00","Expresslieferung, 1 Monat früher, CHF 2019.00","Expresslieferung, 2 Monate früher, CHF 1619.00","Expresslieferung, 2 Monate früher, CHF 1089.00","Expresslieferung, 2 Monate früher, CHF 36'500.00",NA,NA,NA,NA,NA,NA,NA,NA,NA,NA,NA,NA,NA,NA,NA,NA,NA,NA,NA,NA,NA,schwimmen,teils/teils,eher wichtig,2,Nein,"Habe häufig Expresslieferung gewählt, da ich erstens kein geduldiger Mensch bin und zweitens jenach Bestellung weniger warten kann.",NA
7lon4goCsX,IP Address,100,491,TRUE,anonymous,EN,Nein,"Ja, ich stimme zu",Snickers (2042 kJ),Trauben (289 kJ),Isey Skyr Heidelbeere (432 kJ),Banane (446 kJ),Mandarine (222 kJ),Naturjoghurt (260 kJ),Zweifel Paprika Chips (2147 kJ),NA,NA,NA,NA,NA,NA,NA,Blau,"Standardlieferung, 124 Tage, CHF 899.00","Standardlieferung, 62 Tage, CHF 1299.00","Standardlieferung, 62 Tage, CHF 999.00","Standardlieferung, 62 Tage, CHF 499.00","Standardlieferung, 124 Tage, CHF 1199.00","Standardlieferung, 62 Tage, CHF 399.00","Standardlieferung, 93 Tage, CHF 1899.00","Standardlieferung, 124 Tage, CHF 1499.00","Standardlieferung, 186 Tage, CHF 999.00","Standardlieferung, 186 Tage, CHF 35'000.00",NA,NA,NA,NA,NA,NA,NA,NA,NA,NA,NA,NA,NA,NA,NA,NA,NA,NA,NA,NA,NA,NA,NA,NA,NA,NA,NA,NA,NA,NA,NA,fliegen,eher wenig,teils/teils,2,Nein,"Übliches persönliches Vorgehen. Erst Überlegen, dann kaufen.",NA
3QTJheW16D,IP Address,99,516,FALSE,anonymous,EN,Nein,"Ja, ich stimme zu",Mandarine (222 kJ),Trauben (289 kJ),Isey Skyr Heidelbeere (432 kJ),Zweifel Paprika Chips (2695 kJ),Mandarine (222 kJ),Naturjoghurt (260 kJ),Zweifel Paprika Chips (2147 kJ),NA,NA,NA,NA,NA,NA,NA,Blau,"Expresslieferung, 62 Tage früher, CHF 969.00","Standardlieferung, 62 Tage, CHF 1299.00","Expresslieferung, 31 Tage früher, CHF 1069.00","Expresslieferung, 31 Tage früher, CHF 534.00","Expresslieferung, 62 Tage früher, CHF 1279.00","Standardlieferung, 62 Tage, CHF 399.00","Standardlieferung, 93 Tage, CHF 1899.00","Expresslieferung, 62 Tage früher, CHF 1619.00","Expresslieferung, 62 Tage früher, CHF 1089.00","Expresslieferung, 62 Tage früher, CHF 36'500.00",NA,NA,NA,NA,NA,NA,NA,NA,NA,NA,NA,NA,NA,NA,NA,NA,NA,NA,NA,NA,NA,NA,NA,NA,NA,NA,NA,NA,NA,NA,NA,fliegen,gar nicht,teils/teils,2,Nein,"bei den snacks manchmal eher das gesündere genommen, weil ich entweder der ungesunde snack nicht so mag oder die chips ausgewählt weil die manchmal einfach sein müssen. bei den lieferoptionen, manchmal die schnellere und teurere lieferung wenn es im vergleich zum preis von der standartlieferung nicht viel mehr ist und es kommt natürlich auch auf das produkt an, zb ein bett braucht man schneller und eher als zn eine winterjacke.",NA
k7osLvyaw9,IP Address,95,245,FALSE,anonymous,EN,Ja,"Ja, ich stimme zu",NA,NA,NA,NA,NA,NA,NA,Mandarine (53 kcal),Trauben (69 kcal),Lotus Biscoff Pocket Karamell (900 kcal),Zweifel Paprika Chips (643 kcal),Kinder Bueno (560 kcal),Schokopudding (120 kcal),Zweifel Paprika Chips (515 kcal),Blau,NA,NA,NA,NA,NA,NA,NA,NA,NA,NA,NA,NA,NA,NA,NA,NA,NA,NA,NA,NA,NA,NA,NA,NA,NA,NA,NA,NA,NA,NA,NA,"Standardlieferung, 4 Monate, CHF 899.00","Standardlieferung, 2 Monate, CHF 1299.00","Standardlieferung, 2 Monate, CHF 999.00","Standardlieferung, 2 Monate, CHF 499.00","Standardlieferung, 4 Monate, CHF 1199.00","Expresslieferung, 1 Monat früher, CHF 429.00","Standardlieferung, 3 Monate, CHF 1899.00","Standardlieferung, 4 Monate, CHF 1499.00","Standardlieferung, 6 Monate, CHF 999.00","Expresslieferung, 2 Monate früher, CHF 36'500.00",fliegen,eher wenig,eher nicht wichtig,2,NA,NA,NA
EgAPdOXuec,IP Address,100,362,TRUE,anonymous,EN,Ja,"Ja, ich stimme zu",Mandarine (222 kJ),Trauben (289 kJ),Isey Skyr Heidelbeere (432 kJ),Banane (446 kJ),Kinder Bueno (2376 kJ),Naturjoghurt (260 kJ),Al Natura Linsenwaffeln (1525 kJ),NA,NA,NA,NA,NA,NA,NA,Blau,NA,NA,NA,NA,NA,NA,NA,NA,NA,NA,NA,NA,NA,NA,NA,NA,NA,NA,NA,NA,"Expresslieferung, 62 Tage früher, CHF 969.00","Standardlieferung, 62 Tage, CHF 1299.00","Expresslieferung, 31 Tage früher, CHF 1069.00","Standardlieferung, 62 Tage, CHF 499.00","Expresslieferung, 62 Tage früher, CHF 1279.00","Expresslieferung, 31 Tage früher, CHF 429.00","Standardlieferung, 93 Tage, CHF 1899.00","Expresslieferung, 62 Tage früher, CHF 1619.00","Expresslieferung, 62 Tage früher, CHF 1089.00","Standardlieferung, 186 Tage, CHF 35’000.00",In Tagen,NA,NA,NA,NA,NA,NA,NA,NA,NA,NA,fliegen,gar nicht,eher wichtig,2,Nein,Je nach Gefühl,NA
tGkoj2VYB6,IP Address,100,443,TRUE,anonymous,EN,Nein,"Ja, ich stimme zu",Mandarine (222 kJ),Trauben (289 kJ),Isey Skyr Heidelbeere (432 kJ),Banane (446 kJ),Mandarine (222 kJ),Schokopudding (502 kJ),Al Natura Linsenwaffeln (1525 kJ),NA,NA,NA,NA,NA,NA,NA,Blau,"Expresslieferung, 62 Tage früher, CHF 969.00","Expresslieferung, 31 Tage früher, CHF 1389.00","Expresslieferung, 31 Tage früher, CHF 1069.00","Standardlieferung, 62 Tage, CHF 499.00","Expresslieferung, 62 Tage früher, CHF 1279.00","Expresslieferung, 31 Tage früher, CHF 429.00","Expresslieferung, 31 Tage früher, CHF 2019.00","Expresslieferung, 62 Tage früher, CHF 1619.00","Expresslieferung, 62 Tage früher, CHF 1089.00","Expresslieferung, 62 Tage früher, CHF 36'500.00",NA,NA,NA,NA,NA,NA,NA,NA,NA,NA,NA,NA,NA,NA,NA,NA,NA,NA,NA,NA,NA,NA,NA,NA,NA,NA,NA,NA,NA,NA,NA,fliegen,stark,eher nicht wichtig,2,Nein,"Was ich lieber esse, aber die KJ haben mich oft umentscheiden lassen. Bei der Lieferung grundsätzlich immer die Expresslieferung, da es mich ein kleiner Aufpreis schien, für die manchmal doch deutlich kürzere Zeit.",NA
LZo9H5Cgq0,IP Address,100,335,TRUE,anonymous,EN,Ja,"Ja, ich stimme zu",NA,NA,NA,NA,NA,NA,NA,Snickers (488 kcal),Trauben (69 kcal),Lotus Biscoff Pocket Karamell (900 kcal),Banane (107 kcal),Kinder Bueno (560 kcal),Schokopudding (120 kcal),Al Natura Linsenwaffeln (360 kcal),Blau,NA,NA,NA,NA,NA,NA,NA,NA,NA,NA,"Standardlieferung, 4 Monate, CHF 899.00","Standardlieferung, 2 Monate, CHF 1299.00","Standardlieferung, 2 Monate, CHF 999.00","Standardlieferung, 2 Monate, CHF 499.00","Standardlieferung, 4 Monate, CHF 1199.00","Standardlieferung, 2 Monate, CHF 399.00","Standardlieferung, 3 Monate, CHF 1899.00","Standardlieferung, 4 Monate, CHF 1499.00","Expresslieferung, 2 Monate früher, CHF 1089.00","Standardlieferung, 6 Monate, CHF 35'000.00",NA,NA,NA,NA,NA,NA,NA,NA,NA,NA,NA,NA,NA,NA,NA,NA,NA,NA,NA,NA,NA,fliegen,teils/teils,eher nicht wichtig,2,Nein,"Was für mich persönlich wichtiger war (gesund/ungesund, Zeit/Geld)",-
hdLJFi3Vjp,IP Address,100,701,TRUE,anonymous,EN,Nein,"Ja, ich stimme zu",Mandarine (222 kJ),Trauben (289 kJ),Isey Skyr Heidelbeere (432 kJ),Banane (446 kJ),Mandarine (222 kJ),Naturjoghurt (260 kJ),Zweifel Paprika Chips (2147 kJ),NA,NA,NA,NA,NA,NA,NA,Blau,NA,NA,NA,NA,NA,NA,NA,NA,NA,NA,NA,NA,NA,NA,NA,NA,NA,NA,NA,NA,"Standardlieferung, 124 Tage, CHF 899.00","Expresslieferung, 31 Tage früher, CHF 1389.00","Expresslieferung, 31 Tage früher, CHF 1069.00","Standardlieferung, 62 Tage, CHF 499.00","Standardlieferung, 124 Tage, CHF 1199.00","Expresslieferung, 31 Tage früher, CHF 429.00","Standardlieferung, 93 Tage, CHF 1899.00","Standardlieferung, 124 Tage, CHF 1499.00","Standardlieferung, 186 Tage, CHF 999.00","Expresslieferung, 62 Tage früher, CHF 36’500.00",In Tagen,NA,NA,NA,NA,NA,NA,NA,NA,NA,NA,fliegen,gar nicht,teils/teils,2,Nein,Spontan und ob ich die Ware sofort haben will oder lieber weniger zahlen,Nein
yBfZejazFc,IP Address,99,340,FALSE,anonymous,EN,Nein,"Ja, ich stimme zu",Mandarine (222 kJ),Trauben (289 kJ),Lotus Biscoff Pocket Karamell (3780 kJ),Zweifel Paprika Chips (2695 kJ),Mandarine (222 kJ),Schokopudding (502 kJ),Zweifel Paprika Chips (2147 kJ),NA,NA,NA,NA,NA,NA,NA,Blau,NA,NA,NA,NA,NA,NA,NA,NA,NA,NA,NA,NA,NA,NA,NA,NA,NA,NA,NA,NA,NA,NA,NA,NA,NA,NA,NA,NA,NA,NA,NA,"Expresslieferung, 2 Monate früher, CHF 969.00","Standardlieferung, 2 Monate, CHF 1299.00","Expresslieferung, 1 Monat früher, CHF 1069.00","Expresslieferung, 1 Monat früher, CHF 534.00","Expresslieferung, 2 Monate früher, CHF 1279.00","Expresslieferung, 1 Monat früher, CHF 429.00","Standardlieferung, 3 Monate, CHF 1899.00","Expresslieferung, 2 Monate früher, CHF 1619.00","Expresslieferung, 2 Monate früher, CHF 1089.00","Standardlieferung, 6 Monate, CHF 35'000.00",fliegen,gar nicht,teils/teils,2,Nein,Ich habe mich an der Nutzung der Produkte  Orientiert und die Häufigkeit der Nutzung.,nein
VeqGsTC5LJ,IP Address,100,216,TRUE,anonymous,EN,Ja,"Ja, ich stimme zu",NA,NA,NA,NA,NA,NA,NA,Mandarine (53 kcal),Trauben (69 kcal),Isey Skyr Heidelbeere (129 kcal),Banane (107 kcal),Mandarine (53 kcal),Naturjoghurt (62 kcal),Al Natura Linsenwaffeln (360 kcal),Blau,NA,NA,NA,NA,NA,NA,NA,NA,NA,NA,NA,NA,NA,NA,NA,NA,NA,NA,NA,NA,"Expresslieferung, 62 Tage früher, CHF 969.00","Expresslieferung, 31 Tage früher, CHF 1389.00","Expresslieferung, 31 Tage früher, CHF 1069.00",NA,"Expresslieferung, 62 Tage früher, CHF 1279.00","Expresslieferung, 31 Tage früher, CHF 429.00","Expresslieferung, 31 Tage früher, CHF 2019.00","Expresslieferung, 62 Tage früher, CHF 1619.00","Expresslieferung, 62 Tage früher, CHF 1089.00","Standardlieferung, 186 Tage, CHF 35’000.00",In Tagen,NA,NA,NA,NA,NA,NA,NA,NA,NA,NA,fliegen,eher wenig,eher wichtig,2,Nein,NA,NA
BsxO0EZHLx,IP Address,100,400,TRUE,anonymous,EN,Ja,"Ja, ich stimme zu",NA,NA,NA,NA,NA,NA,NA,Mandarine (53 kcal),Trauben (69 kcal),Isey Skyr Heidelbeere (129 kcal),Zweifel Paprika Chips (643 kcal),Mandarine (53 kcal),Naturjoghurt (62 kcal),Zweifel Paprika Chips (515 kcal),Blau,NA,NA,NA,NA,NA,NA,NA,NA,NA,NA,NA,NA,NA,NA,NA,NA,NA,NA,NA,NA,NA,NA,NA,NA,NA,NA,NA,NA,NA,NA,NA,"Expresslieferung, 2 Monate früher, CHF 969.00","Expresslieferung, 1 Monat früher, CHF 1389.00","Expresslieferung, 1 Monat früher, CHF 1069.00","Expresslieferung, 1 Monat früher, CHF 534.00","Expresslieferung, 2 Monate früher, CHF 1279.00","Expresslieferung, 1 Monat früher, CHF 429.00","Expresslieferung, 1 Monat früher, CHF 2019.00","Expresslieferung, 2 Monate früher, CHF 1619.00","Expresslieferung, 2 Monate früher, CHF 1089.00","Expresslieferung, 2 Monate früher, CHF 36'500.00",fliegen,eher stark,teils/teils,2,Nein,"Anhand von persönlichen Präferenzen bei den Snacks. Bei der Lieferzeit war für mich entscheidend, wie schnell ich denke, dass ich etwas brauche.",NA
MANvbgraxz,IP Address,100,178,TRUE,anonymous,EN,Ja,"Ja, ich stimme zu",NA,NA,NA,NA,NA,NA,NA,Mandarine (53 kcal),Zweifel Vaya Bean Salt Chips (424 kcal),Isey Skyr Heidelbeere (129 kcal),Banane (107 kcal),Mandarine (53 kcal),Naturjoghurt (62 kcal),Al Natura Linsenwaffeln (360 kcal),Blau,NA,NA,NA,NA,NA,NA,NA,NA,NA,NA,NA,NA,NA,NA,NA,NA,NA,NA,NA,NA,NA,NA,NA,NA,NA,NA,NA,NA,NA,NA,NA,"Standardlieferung, 4 Monate, CHF 899.00","Expresslieferung, 1 Monat früher, CHF 1389.00","Expresslieferung, 1 Monat früher, CHF 1069.00","Standardlieferung, 2 Monate, CHF 499.00","Standardlieferung, 4 Monate, CHF 1199.00","Standardlieferung, 2 Monate, CHF 399.00","Standardlieferung, 3 Monate, CHF 1899.00","Standardlieferung, 4 Monate, CHF 1499.00","Standardlieferung, 6 Monate, CHF 999.00","Expresslieferung, 2 Monate früher, CHF 36'500.00",fliegen,gar nicht,teils/teils,2,Nein,Schnell und aus dem bauch heraus,NA
ooFUFOYvwk,IP Address,100,273,TRUE,anonymous,EN,Ja,"Ja, ich stimme zu",NA,NA,NA,NA,NA,NA,NA,Snickers (488 kcal),Zweifel Vaya Bean Salt Chips (424 kcal),Isey Skyr Heidelbeere (129 kcal),Zweifel Paprika Chips (643 kcal),Kinder Bueno (560 kcal),Schokopudding (120 kcal),Al Natura Linsenwaffeln (360 kcal),Blau,"Standardlieferung, 124 Tage, CHF 899.00","Expresslieferung, 31 Tage früher, CHF 1389.00","Expresslieferung, 31 Tage früher, CHF 1069.00","Standardlieferung, 62 Tage, CHF 499.00","Standardlieferung, 124 Tage, CHF 1199.00","Standardlieferung, 62 Tage, CHF 399.00","Expresslieferung, 31 Tage früher, CHF 2019.00","Expresslieferung, 62 Tage früher, CHF 1619.00","Expresslieferung, 62 Tage früher, CHF 1089.00","Standardlieferung, 186 Tage, CHF 35'000.00",NA,NA,NA,NA,NA,NA,NA,NA,NA,NA,NA,NA,NA,NA,NA,NA,NA,NA,NA,NA,NA,NA,NA,NA,NA,NA,NA,NA,NA,NA,NA,fliegen,eher wenig,eher nicht wichtig,2,Nein,das was ich am liebsten mag,NA
5lsueK292H,IP Address,100,507,TRUE,anonymous,EN,Ja,"Ja, ich stimme zu",Snickers (2042 kJ),Zweifel Vaya Bean Salt Chips (1779 kJ),Lotus Biscoff Pocket Karamell (3780 kJ),Banane (446 kJ),Kinder Bueno (2376 kJ),Schokopudding (502 kJ),Zweifel Paprika Chips (2147 kJ),NA,NA,NA,NA,NA,NA,NA,Blau,NA,NA,NA,NA,NA,NA,NA,NA,NA,NA,NA,NA,NA,NA,NA,NA,NA,NA,NA,NA,NA,NA,NA,NA,NA,NA,NA,NA,NA,NA,NA,"Expresslieferung, 2 Monate früher, CHF 969.00","Standardlieferung, 2 Monate, CHF 1299.00",NA,"Expresslieferung, 1 Monat früher, CHF 534.00","Standardlieferung, 4 Monate, CHF 1199.00","Standardlieferung, 2 Monate, CHF 399.00","Standardlieferung, 3 Monate, CHF 1899.00","Standardlieferung, 4 Monate, CHF 1499.00","Standardlieferung, 6 Monate, CHF 999.00","Expresslieferung, 2 Monate früher, CHF 36'500.00",fliegen,eher stark,eher wichtig,2,Nein,NA,NA
LtBOQ01R3c,IP Address,100,994,TRUE,anonymous,EN,Ja,"Ja, ich stimme zu",NA,NA,NA,NA,NA,NA,NA,Snickers (488 kcal),Trauben (69 kcal),Lotus Biscoff Pocket Karamell (900 kcal),Zweifel Paprika Chips (643 kcal),Kinder Bueno (560 kcal),Schokopudding (120 kcal),Zweifel Paprika Chips (515 kcal),Blau,"Standardlieferung, 124 Tage, CHF 899.00","Expresslieferung, 31 Tage früher, CHF 1389.00","Expresslieferung, 31 Tage früher, CHF 1069.00","Expresslieferung, 31 Tage früher, CHF 534.00","Standardlieferung, 124 Tage, CHF 1199.00","Standardlieferung, 62 Tage, CHF 399.00","Standardlieferung, 93 Tage, CHF 1899.00","Expresslieferung, 62 Tage früher, CHF 1619.00","Standardlieferung, 186 Tage, CHF 999.00","Standardlieferung, 186 Tage, CHF 35'000.00",NA,NA,NA,NA,NA,NA,NA,NA,NA,NA,NA,NA,NA,NA,NA,NA,NA,NA,NA,NA,NA,NA,NA,NA,NA,NA,NA,NA,NA,NA,NA,fliegen,gar nicht,teils/teils,2,Nein,NA,NA
ZE1uiR7vda,IP Address,100,308,TRUE,anonymous,EN,Ja,"Ja, ich stimme zu",Snickers (2042 kJ),Zweifel Vaya Bean Salt Chips (1779 kJ),Lotus Biscoff Pocket Karamell (3780 kJ),Banane (446 kJ),Kinder Bueno (2376 kJ),Schokopudding (502 kJ),Al Natura Linsenwaffeln (1525 kJ),NA,NA,NA,NA,NA,NA,NA,Blau,"Expresslieferung, 62 Tage früher, CHF 969.00","Standardlieferung, 62 Tage, CHF 1299.00","Expresslieferung, 31 Tage früher, CHF 1069.00","Expresslieferung, 31 Tage früher, CHF 534.00","Expresslieferung, 62 Tage früher, CHF 1279.00","Expresslieferung, 31 Tage früher, CHF 429.00","Standardlieferung, 93 Tage, CHF 1899.00","Standardlieferung, 124 Tage, CHF 1499.00","Expresslieferung, 62 Tage früher, CHF 1089.00","Standardlieferung, 186 Tage, CHF 35'000.00",NA,NA,NA,NA,NA,NA,NA,NA,NA,NA,NA,NA,NA,NA,NA,NA,NA,NA,NA,NA,NA,NA,NA,NA,NA,NA,NA,NA,NA,NA,NA,fliegen,gar nicht,unwichtig,2,Nein,"Beim Essen habe ich mich für das entschieden, was ich lieber mag. Bei der Lieferung habe ich geschaut wie hoch die differenz der Preise war. War der Preis viel höher, habe ich mich für die Standartlieferung entschieden, war die Preisdifferenz nicht so hoch, habe ich mich für die Expresslieferung entschieden.",NA
LWsFCA9Mcy,IP Address,100,358,TRUE,anonymous,EN,Ja,"Ja, ich stimme zu",Mandarine (222 kJ),Zweifel Vaya Bean Salt Chips (1779 kJ),Isey Skyr Heidelbeere (432 kJ),Banane (446 kJ),Mandarine (222 kJ),Naturjoghurt (260 kJ),Al Natura Linsenwaffeln (1525 kJ),NA,NA,NA,NA,NA,NA,NA,Blau,"Standardlieferung, 124 Tage, CHF 899.00","Standardlieferung, 62 Tage, CHF 1299.00","Standardlieferung, 62 Tage, CHF 999.00","Standardlieferung, 62 Tage, CHF 499.00","Standardlieferung, 124 Tage, CHF 1199.00","Standardlieferung, 62 Tage, CHF 399.00","Standardlieferung, 93 Tage, CHF 1899.00","Standardlieferung, 124 Tage, CHF 1499.00","Standardlieferung, 186 Tage, CHF 999.00","Standardlieferung, 186 Tage, CHF 35'000.00",NA,NA,NA,NA,NA,NA,NA,NA,NA,NA,NA,NA,NA,NA,NA,NA,NA,NA,NA,NA,NA,NA,NA,NA,NA,NA,NA,NA,NA,NA,NA,fliegen,gar nicht,NA,2,Nein,Nach meinen Gewohnheiten,NA
kRX6PeAIOd,IP Address,100,406,TRUE,anonymous,EN,Nein,"Ja, ich stimme zu",NA,NA,NA,NA,NA,NA,NA,Mandarine (53 kcal),Trauben (69 kcal),Isey Skyr Heidelbeere (129 kcal),Zweifel Paprika Chips (643 kcal),Kinder Bueno (560 kcal),Naturjoghurt (62 kcal),Zweifel Paprika Chips (515 kcal),Blau,NA,NA,NA,NA,NA,NA,NA,NA,NA,NA,NA,NA,NA,NA,NA,NA,NA,NA,NA,NA,"Expresslieferung, 62 Tage früher, CHF 969.00","Expresslieferung, 31 Tage früher, CHF 1389.00","Expresslieferung, 31 Tage früher, CHF 1069.00","Expresslieferung, 31 Tage früher, CHF 534.00","Expresslieferung, 62 Tage früher, CHF 1279.00","Standardlieferung, 62 Tage, CHF 399.00","Standardlieferung, 93 Tage, CHF 1899.00","Expresslieferung, 62 Tage früher, CHF 1619.00","Standardlieferung, 186 Tage, CHF 999.00","Standardlieferung, 186 Tage, CHF 35’000.00",In Tagen,NA,NA,NA,NA,NA,NA,NA,NA,NA,NA,fliegen,gar nicht,unwichtig,2,Nein,Persönlicher Nutze,NA
mYsYvq4ur4,IP Address,100,162,TRUE,anonymous,EN,Ja,"Ja, ich stimme zu",NA,NA,NA,NA,NA,NA,NA,Mandarine (53 kcal),Trauben (69 kcal),Isey Skyr Heidelbeere (129 kcal),Banane (107 kcal),Mandarine (53 kcal),Schokopudding (120 kcal),Al Natura Linsenwaffeln (360 kcal),Blau,"Standardlieferung, 124 Tage, CHF 899.00","Standardlieferung, 62 Tage, CHF 1299.00","Standardlieferung, 62 Tage, CHF 999.00","Standardlieferung, 62 Tage, CHF 499.00","Standardlieferung, 124 Tage, CHF 1199.00","Expresslieferung, 31 Tage früher, CHF 429.00","Standardlieferung, 93 Tage, CHF 1899.00","Standardlieferung, 124 Tage, CHF 1499.00","Expresslieferung, 62 Tage früher, CHF 1089.00","Standardlieferung, 186 Tage, CHF 35'000.00",NA,NA,NA,NA,NA,NA,NA,NA,NA,NA,NA,NA,NA,NA,NA,NA,NA,NA,NA,NA,NA,NA,NA,NA,NA,NA,NA,NA,NA,NA,NA,fliegen,gar nicht,teils/teils,2,Nein,habe das gewählt was ich lieber mag,-
3TMCAozOIf,IP Address,100,215,TRUE,anonymous,EN,Ja,"Ja, ich stimme zu",Mandarine (222 kJ),Zweifel Vaya Bean Salt Chips (1779 kJ),Isey Skyr Heidelbeere (432 kJ),Zweifel Paprika Chips (2695 kJ),Mandarine (222 kJ),Naturjoghurt (260 kJ),Al Natura Linsenwaffeln (1525 kJ),NA,NA,NA,NA,NA,NA,NA,Blau,NA,NA,NA,NA,NA,NA,NA,NA,NA,NA,"Standardlieferung, 4 Monate, CHF 899.00","Standardlieferung, 2 Monate, CHF 1299.00","Standardlieferung, 2 Monate, CHF 999.00","Standardlieferung, 2 Monate, CHF 499.00","Standardlieferung, 4 Monate, CHF 1199.00","Standardlieferung, 2 Monate, CHF 399.00","Standardlieferung, 3 Monate, CHF 1899.00","Standardlieferung, 4 Monate, CHF 1499.00","Standardlieferung, 6 Monate, CHF 999.00","Standardlieferung, 6 Monate, CHF 35'000.00",NA,NA,NA,NA,NA,NA,NA,NA,NA,NA,NA,NA,NA,NA,NA,NA,NA,NA,NA,NA,NA,fliegen,gar nicht,teils/teils,2,Nein,Intuitiv,nein
7tL42Ub58C,IP Address,100,384,TRUE,anonymous,EN,Nein,"Ja, ich stimme zu",NA,NA,NA,NA,NA,NA,NA,Snickers (488 kcal),Trauben (69 kcal),Isey Skyr Heidelbeere (129 kcal),Banane (107 kcal),Kinder Bueno (560 kcal),Schokopudding (120 kcal),Al Natura Linsenwaffeln (360 kcal),Blau,NA,NA,NA,NA,NA,NA,NA,NA,NA,NA,NA,NA,NA,NA,NA,NA,NA,NA,NA,NA,NA,NA,NA,NA,NA,NA,NA,NA,NA,NA,NA,"Standardlieferung, 4 Monate, CHF 899.00","Standardlieferung, 2 Monate, CHF 1299.00","Standardlieferung, 2 Monate, CHF 999.00","Standardlieferung, 2 Monate, CHF 499.00","Standardlieferung, 4 Monate, CHF 1199.00","Standardlieferung, 2 Monate, CHF 399.00","Standardlieferung, 3 Monate, CHF 1899.00","Standardlieferung, 4 Monate, CHF 1499.00","Standardlieferung, 6 Monate, CHF 999.00","Expresslieferung, 2 Monate früher, CHF 36'500.00",fliegen,teils/teils,teils/teils,2,Nein,Basierend auf was mag ich lieber und wo spare ich Geld,NA
P75khPVByr,IP Address,100,293,TRUE,anonymous,EN,Ja,"Ja, ich stimme zu",Snickers (2042 kJ),Trauben (289 kJ),Lotus Biscoff Pocket Karamell (3780 kJ),Banane (446 kJ),Kinder Bueno (2376 kJ),Naturjoghurt (260 kJ),Al Natura Linsenwaffeln (1525 kJ),NA,NA,NA,NA,NA,NA,NA,Blau,NA,NA,NA,NA,NA,NA,NA,NA,NA,NA,NA,NA,NA,NA,NA,NA,NA,NA,NA,NA,"Standardlieferung, 124 Tage, CHF 899.00","Standardlieferung, 62 Tage, CHF 1299.00","Expresslieferung, 31 Tage früher, CHF 1069.00","Standardlieferung, 62 Tage, CHF 499.00","Standardlieferung, 124 Tage, CHF 1199.00","Standardlieferung, 62 Tage, CHF 399.00","Standardlieferung, 93 Tage, CHF 1899.00","Standardlieferung, 124 Tage, CHF 1499.00","Standardlieferung, 186 Tage, CHF 999.00","Standardlieferung, 186 Tage, CHF 35’000.00",In Tagen,NA,NA,NA,NA,NA,NA,NA,NA,NA,NA,fliegen,teils/teils,eher wichtig,2,Ja,"Interessen, Sport",NA
4bCYie2jbc,IP Address,23,33,FALSE,anonymous,EN,Nein,"Ja, ich stimme zu",NA,NA,NA,NA,NA,NA,NA,Snickers (488 kcal),Zweifel Vaya Bean Salt Chips (424 kcal),NA,NA,NA,NA,NA,NA,NA,NA,NA,NA,NA,NA,NA,NA,NA,NA,NA,NA,NA,NA,NA,NA,NA,NA,NA,NA,NA,NA,NA,NA,NA,NA,NA,NA,NA,NA,NA,NA,NA,NA,NA,NA,NA,NA,NA,NA,NA,NA,NA,NA,NA,NA,NA,NA
fKLHyncSMM,IP Address,26,76,FALSE,anonymous,EN,Nein,"Ja, ich stimme zu",Mandarine (222 kJ),Zweifel Vaya Bean Salt Chips (1779 kJ),Isey Skyr Heidelbeere (432 kJ),Zweifel Paprika Chips (2695 kJ),Kinder Bueno (2376 kJ),NA,NA,NA,NA,NA,NA,NA,NA,NA,NA,NA,NA,NA,NA,NA,NA,NA,NA,NA,NA,NA,NA,NA,NA,NA,NA,NA,NA,NA,NA,NA,NA,NA,NA,NA,NA,NA,NA,NA,NA,NA,NA,NA,NA,NA,NA,NA,NA,NA,NA,NA,NA,NA,NA,NA,NA,NA,NA
t8A8NN3Ufs,IP Address,100,224,TRUE,anonymous,EN,Nein,"Ja, ich stimme zu",Mandarine (222 kJ),Trauben (289 kJ),Lotus Biscoff Pocket Karamell (3780 kJ),Zweifel Paprika Chips (2695 kJ),Mandarine (222 kJ),Schokopudding (502 kJ),Zweifel Paprika Chips (2147 kJ),NA,NA,NA,NA,NA,NA,NA,Blau,NA,NA,NA,NA,NA,NA,NA,NA,NA,NA,NA,NA,NA,NA,NA,NA,NA,NA,NA,NA,"Expresslieferung, 62 Tage früher, CHF 969.00","Standardlieferung, 62 Tage, CHF 1299.00","Standardlieferung, 62 Tage, CHF 999.00","Standardlieferung, 62 Tage, CHF 499.00","Standardlieferung, 124 Tage, CHF 1199.00","Standardlieferung, 62 Tage, CHF 399.00","Expresslieferung, 31 Tage früher, CHF 2019.00","Standardlieferung, 124 Tage, CHF 1499.00",NA,"Standardlieferung, 186 Tage, CHF 35’000.00",In Monate,NA,NA,NA,NA,NA,NA,NA,NA,NA,NA,fliegen,gar nicht,eher nicht wichtig,2,Nein,nach meinen vorlieben und nach dem Preis,NA
PBUScB7yKt,IP Address,100,547,TRUE,anonymous,EN,Ja,"Ja, ich stimme zu",NA,NA,NA,NA,NA,NA,NA,Mandarine (53 kcal),Trauben (69 kcal),Isey Skyr Heidelbeere (129 kcal),Zweifel Paprika Chips (643 kcal),Mandarine (53 kcal),Schokopudding (120 kcal),Zweifel Paprika Chips (515 kcal),Blau,NA,NA,NA,NA,NA,NA,NA,NA,NA,NA,NA,NA,NA,NA,NA,NA,NA,NA,NA,NA,"Expresslieferung, 62 Tage früher, CHF 969.00","Expresslieferung, 31 Tage früher, CHF 1389.00","Expresslieferung, 31 Tage früher, CHF 1069.00","Expresslieferung, 31 Tage früher, CHF 534.00","Expresslieferung, 62 Tage früher, CHF 1279.00","Expresslieferung, 31 Tage früher, CHF 429.00","Expresslieferung, 31 Tage früher, CHF 2019.00","Expresslieferung, 62 Tage früher, CHF 1619.00","Expresslieferung, 62 Tage früher, CHF 1089.00","Expresslieferung, 62 Tage früher, CHF 36’500.00",In Tagen,NA,NA,NA,NA,NA,NA,NA,NA,NA,NA,fliegen,gar nicht,eher wichtig,2,Nein,Bauch,Was eine mühsame Umfrage
RKXpiyk4Lp,IP Address,100,556,TRUE,anonymous,EN,Ja,"Ja, ich stimme zu",NA,NA,NA,NA,NA,NA,NA,Snickers (488 kcal),Zweifel Vaya Bean Salt Chips (424 kcal),Isey Skyr Heidelbeere (129 kcal),Banane (107 kcal),Kinder Bueno (560 kcal),Schokopudding (120 kcal),Zweifel Paprika Chips (515 kcal),Blau,"Standardlieferung, 124 Tage, CHF 899.00","Standardlieferung, 62 Tage, CHF 1299.00","Standardlieferung, 62 Tage, CHF 999.00","Standardlieferung, 62 Tage, CHF 499.00","Standardlieferung, 124 Tage, CHF 1199.00","Standardlieferung, 62 Tage, CHF 399.00","Standardlieferung, 93 Tage, CHF 1899.00","Standardlieferung, 124 Tage, CHF 1499.00","Expresslieferung, 62 Tage früher, CHF 1089.00","Expresslieferung, 62 Tage früher, CHF 36'500.00",NA,NA,NA,NA,NA,NA,NA,NA,NA,NA,NA,NA,NA,NA,NA,NA,NA,NA,NA,NA,NA,NA,NA,NA,NA,NA,NA,NA,NA,NA,NA,fliegen,gar nicht,teils/teils,2,Nein,Ich habe das Nahrungsmittel gewählt welches ich lieber habe. Bei den Preisen habe ich grundsätzlich den niedrigeren Preis gewählt.,"Bei den Fragen mit den Unterschiedlichen Preisen gibt es das Problem dass icv in einer Umfrage meistens einfach den tieferen Preis wähle, in der Realität würde ich aber je nach Item aber auch den Preis für die Expresslieferung zahlen wenn ich den Gegenstand schneller brauche. (Diese Dringlichkeit fehlt in dieser Umfrage)"
vvf3DzmtG9,IP Address,100,279,TRUE,anonymous,EN,Ja,"Ja, ich stimme zu",Mandarine (222 kJ),Zweifel Vaya Bean Salt Chips (1779 kJ),Isey Skyr Heidelbeere (432 kJ),Banane (446 kJ),Mandarine (222 kJ),Naturjoghurt (260 kJ),Al Natura Linsenwaffeln (1525 kJ),NA,NA,NA,NA,NA,NA,NA,Blau,NA,NA,NA,NA,NA,NA,NA,NA,NA,NA,NA,NA,NA,NA,NA,NA,NA,NA,NA,NA,NA,NA,NA,NA,NA,NA,NA,NA,NA,NA,NA,"Standardlieferung, 4 Monate, CHF 899.00","Standardlieferung, 2 Monate, CHF 1299.00","Standardlieferung, 2 Monate, CHF 999.00","Standardlieferung, 2 Monate, CHF 499.00","Standardlieferung, 4 Monate, CHF 1199.00","Standardlieferung, 2 Monate, CHF 399.00","Standardlieferung, 3 Monate, CHF 1899.00","Standardlieferung, 4 Monate, CHF 1499.00","Expresslieferung, 2 Monate früher, CHF 1089.00","Standardlieferung, 6 Monate, CHF 35'000.00",fliegen,gar nicht,eher wichtig,2,Nein,"in der Regel warte ich lieber als mehr zu zahlen, ausser ich brauche etwas sehr dringen. ich ernähre mich sehr bewusst, daher würde ich auch ohne Energieangaben das wählen, was meinem Körper ""besser"" tut.",NA
bzsHLiWyjE,IP Address,1,8,FALSE,anonymous,EN,NA,NA,NA,NA,NA,NA,NA,NA,NA,NA,NA,NA,NA,NA,NA,NA,NA,NA,NA,NA,NA,NA,NA,NA,NA,NA,NA,NA,NA,NA,NA,NA,NA,NA,NA,NA,NA,NA,NA,NA,NA,NA,NA,NA,NA,NA,NA,NA,NA,NA,NA,NA,NA,NA,NA,NA,NA,NA,NA,NA,NA,NA,NA,NA,NA
kHg2EkhGBc,IP Address,79,358,FALSE,anonymous,EN,NA,NA,NA,NA,NA,NA,NA,NA,NA,NA,NA,NA,NA,NA,NA,NA,NA,NA,NA,NA,NA,NA,NA,NA,NA,NA,NA,NA,NA,NA,NA,NA,NA,NA,NA,NA,NA,NA,NA,NA,NA,NA,NA,NA,NA,NA,NA,NA,NA,NA,NA,NA,NA,NA,NA,NA,NA,NA,NA,NA,NA,NA,NA,NA,NA
0LQVp6wUkk,IP Address,99,1801,FALSE,anonymous,EN,Ja,"Ja, ich stimme zu",Mandarine (222 kJ),Trauben (289 kJ),Isey Skyr Heidelbeere (432 kJ),Banane (446 kJ),Mandarine (222 kJ),Naturjoghurt (260 kJ),Al Natura Linsenwaffeln (1525 kJ),NA,NA,NA,NA,NA,NA,NA,Blau,NA,NA,NA,NA,NA,NA,NA,NA,NA,NA,"Standardlieferung, 4 Monate, CHF 899.00","Standardlieferung, 2 Monate, CHF 1299.00","Standardlieferung, 2 Monate, CHF 999.00","Standardlieferung, 2 Monate, CHF 499.00","Standardlieferung, 4 Monate, CHF 1199.00","Standardlieferung, 2 Monate, CHF 399.00","Standardlieferung, 3 Monate, CHF 1899.00","Standardlieferung, 4 Monate, CHF 1499.00","Standardlieferung, 6 Monate, CHF 999.00","Expresslieferung, 2 Monate früher, CHF 36'500.00",NA,NA,NA,NA,NA,NA,NA,NA,NA,NA,NA,NA,NA,NA,NA,NA,NA,NA,NA,NA,NA,fliegen,teils/teils,sehr wichtig,2,Nein,Link,Keine
BypwfZjkcy,IP Address,100,430,TRUE,anonymous,EN,Ja,"Ja, ich stimme zu",Mandarine (222 kJ),Trauben (289 kJ),Isey Skyr Heidelbeere (432 kJ),Banane (446 kJ),Mandarine (222 kJ),Naturjoghurt (260 kJ),Zweifel Paprika Chips (2147 kJ),NA,NA,NA,NA,NA,NA,NA,Gelb,NA,NA,NA,NA,NA,NA,NA,NA,NA,NA,"Expresslieferung, 2 Monate früher, CHF 969.00","Expresslieferung, 1 Monat früher, CHF 1389.00","Expresslieferung, 1 Monat früher, CHF 1069.00","Expresslieferung, 1 Monat früher, CHF 534.00","Expresslieferung, 2 Monate früher, CHF 1279.00","Expresslieferung, 1 Monat früher, CHF 429.00","Standardlieferung, 3 Monate, CHF 1899.00","Expresslieferung, 2 Monate früher, CHF 1619.00","Standardlieferung, 6 Monate, CHF 999.00","Expresslieferung, 2 Monate früher, CHF 36'500.00",NA,NA,NA,NA,NA,NA,NA,NA,NA,NA,NA,NA,NA,NA,NA,NA,NA,NA,NA,NA,NA,schwimmen,eher stark,eher wichtig,10,Nein,NA,NA
7izxvzt64H,IP Address,18,248,FALSE,anonymous,EN,NA,NA,NA,NA,NA,NA,NA,NA,NA,NA,NA,NA,NA,NA,NA,NA,NA,NA,NA,NA,NA,NA,NA,NA,NA,NA,NA,NA,NA,NA,NA,NA,NA,NA,NA,NA,NA,NA,NA,NA,NA,NA,NA,NA,NA,NA,NA,NA,NA,NA,NA,NA,NA,NA,NA,NA,NA,NA,NA,NA,NA,NA,NA,NA,NA
cAXpQkRLRX,IP Address,100,967,TRUE,anonymous,EN,Ja,"Ja, ich stimme zu",Snickers (2042 kJ),Trauben (289 kJ),Isey Skyr Heidelbeere (432 kJ),Banane (446 kJ),Mandarine (222 kJ),Schokopudding (502 kJ),Al Natura Linsenwaffeln (1525 kJ),NA,NA,NA,NA,NA,NA,NA,Blau,NA,NA,NA,NA,NA,NA,NA,NA,NA,NA,NA,NA,NA,NA,NA,NA,NA,NA,NA,NA,NA,NA,NA,NA,NA,NA,NA,NA,NA,NA,NA,"Standardlieferung, 4 Monate, CHF 899.00","Standardlieferung, 2 Monate, CHF 1299.00","Standardlieferung, 2 Monate, CHF 999.00","Standardlieferung, 2 Monate, CHF 499.00","Standardlieferung, 4 Monate, CHF 1199.00","Standardlieferung, 2 Monate, CHF 399.00","Standardlieferung, 3 Monate, CHF 1899.00","Standardlieferung, 4 Monate, CHF 1499.00","Standardlieferung, 6 Monate, CHF 999.00","Expresslieferung, 2 Monate früher, CHF 36'500.00",fliegen,teils/teils,unwichtig,2,Nein,jeweile Preis und Dringlichkeit abgewogen,NA
dglyLbIgHV,IP Address,1,3,FALSE,anonymous,EN,NA,NA,NA,NA,NA,NA,NA,NA,NA,NA,NA,NA,NA,NA,NA,NA,NA,NA,NA,NA,NA,NA,NA,NA,NA,NA,NA,NA,NA,NA,NA,NA,NA,NA,NA,NA,NA,NA,NA,NA,NA,NA,NA,NA,NA,NA,NA,NA,NA,NA,NA,NA,NA,NA,NA,NA,NA,NA,NA,NA,NA,NA,NA,NA,NA
3OrJrdfGE9,IP Address,100,171,TRUE,anonymous,EN,Ja,"Ja, ich stimme zu",NA,NA,NA,NA,NA,NA,NA,Mandarine (53 kcal),Zweifel Vaya Bean Salt Chips (424 kcal),Isey Skyr Heidelbeere (129 kcal),Banane (107 kcal),Mandarine (53 kcal),Naturjoghurt (62 kcal),Al Natura Linsenwaffeln (360 kcal),Gelb,NA,NA,NA,NA,NA,NA,NA,NA,NA,NA,NA,NA,NA,NA,NA,NA,NA,NA,NA,NA,"Standardlieferung, 124 Tage, CHF 899.00","Expresslieferung, 31 Tage früher, CHF 1389.00","Standardlieferung, 62 Tage, CHF 999.00","Expresslieferung, 31 Tage früher, CHF 534.00","Standardlieferung, 124 Tage, CHF 1199.00","Standardlieferung, 62 Tage, CHF 399.00","Standardlieferung, 93 Tage, CHF 1899.00","Standardlieferung, 124 Tage, CHF 1499.00","Standardlieferung, 186 Tage, CHF 999.00","Standardlieferung, 186 Tage, CHF 35’000.00",In Tagen,NA,NA,NA,NA,NA,NA,NA,NA,NA,NA,schwimmen,gar nicht,teils/teils,NA,Nein,gefühl,nein
tDL62EFyrX,IP Address,100,359,TRUE,anonymous,EN,Ja,"Ja, ich stimme zu",NA,NA,NA,NA,NA,NA,NA,Mandarine (53 kcal),Trauben (69 kcal),Lotus Biscoff Pocket Karamell (900 kcal),Zweifel Paprika Chips (643 kcal),Mandarine (53 kcal),Naturjoghurt (62 kcal),Zweifel Paprika Chips (515 kcal),Blau,"Expresslieferung, 62 Tage früher, CHF 969.00","Expresslieferung, 31 Tage früher, CHF 1389.00","Expresslieferung, 31 Tage früher, CHF 1069.00","Standardlieferung, 62 Tage, CHF 499.00","Standardlieferung, 124 Tage, CHF 1199.00","Expresslieferung, 31 Tage früher, CHF 429.00","Expresslieferung, 31 Tage früher, CHF 2019.00","Expresslieferung, 62 Tage früher, CHF 1619.00","Expresslieferung, 62 Tage früher, CHF 1089.00","Expresslieferung, 62 Tage früher, CHF 36'500.00",NA,NA,NA,NA,NA,NA,NA,NA,NA,NA,NA,NA,NA,NA,NA,NA,NA,NA,NA,NA,NA,NA,NA,NA,NA,NA,NA,NA,NA,NA,NA,fliegen,gar nicht,eher wichtig,2,Nein,"Beim essen hab ich das gewählt, was ich im Alltag essen würde. Bei den Lieferungen nach Bauchgefühl",NA
Qq3r7nJgum,IP Address,100,230,TRUE,anonymous,EN,Nein,"Ja, ich stimme zu",Mandarine (222 kJ),Trauben (289 kJ),Lotus Biscoff Pocket Karamell (3780 kJ),Banane (446 kJ),Mandarine (222 kJ),Schokopudding (502 kJ),Al Natura Linsenwaffeln (1525 kJ),NA,NA,NA,NA,NA,NA,NA,Blau,NA,NA,NA,NA,NA,NA,NA,NA,NA,NA,NA,NA,NA,NA,NA,NA,NA,NA,NA,NA,NA,NA,NA,NA,NA,NA,NA,NA,NA,NA,NA,"Standardlieferung, 4 Monate, CHF 899.00","Standardlieferung, 2 Monate, CHF 1299.00","Standardlieferung, 2 Monate, CHF 999.00","Expresslieferung, 1 Monat früher, CHF 534.00","Expresslieferung, 2 Monate früher, CHF 1279.00","Expresslieferung, 1 Monat früher, CHF 429.00","Standardlieferung, 3 Monate, CHF 1899.00","Standardlieferung, 4 Monate, CHF 1499.00","Expresslieferung, 2 Monate früher, CHF 1089.00","Expresslieferung, 2 Monate früher, CHF 36'500.00",fliegen,eher wenig,teils/teils,2,Nein,intuitiv,NA
Q8DSZXRQTc,IP Address,100,280,TRUE,anonymous,EN,Ja,"Ja, ich stimme zu",NA,NA,NA,NA,NA,NA,NA,Mandarine (53 kcal),Trauben (69 kcal),Isey Skyr Heidelbeere (129 kcal),Banane (107 kcal),Mandarine (53 kcal),Schokopudding (120 kcal),Zweifel Paprika Chips (515 kcal),Blau,"Standardlieferung, 124 Tage, CHF 899.00","Standardlieferung, 62 Tage, CHF 1299.00","Standardlieferung, 62 Tage, CHF 999.00","Standardlieferung, 62 Tage, CHF 499.00","Standardlieferung, 124 Tage, CHF 1199.00","Standardlieferung, 62 Tage, CHF 399.00","Standardlieferung, 93 Tage, CHF 1899.00","Standardlieferung, 124 Tage, CHF 1499.00","Standardlieferung, 186 Tage, CHF 999.00","Standardlieferung, 186 Tage, CHF 35'000.00",NA,NA,NA,NA,NA,NA,NA,NA,NA,NA,NA,NA,NA,NA,NA,NA,NA,NA,NA,NA,NA,NA,NA,NA,NA,NA,NA,NA,NA,NA,NA,fliegen,eher wenig,eher wichtig,2,Nein,So rational wie möglich,NA
FgKzXc5CAn,IP Address,100,326,TRUE,anonymous,EN,Nein,"Ja, ich stimme zu",NA,NA,NA,NA,NA,NA,NA,Snickers (488 kcal),Trauben (69 kcal),Isey Skyr Heidelbeere (129 kcal),Zweifel Paprika Chips (643 kcal),Kinder Bueno (560 kcal),Schokopudding (120 kcal),Zweifel Paprika Chips (515 kcal),Blau,NA,NA,NA,NA,NA,NA,NA,NA,NA,NA,"Expresslieferung, 2 Monate früher, CHF 969.00","Expresslieferung, 1 Monat früher, CHF 1389.00","Expresslieferung, 1 Monat früher, CHF 1069.00","Expresslieferung, 1 Monat früher, CHF 534.00","Expresslieferung, 2 Monate früher, CHF 1279.00","Standardlieferung, 2 Monate, CHF 399.00","Standardlieferung, 3 Monate, CHF 1899.00","Standardlieferung, 4 Monate, CHF 1499.00","Expresslieferung, 2 Monate früher, CHF 1089.00","Expresslieferung, 2 Monate früher, CHF 36'500.00",NA,NA,NA,NA,NA,NA,NA,NA,NA,NA,NA,NA,NA,NA,NA,NA,NA,NA,NA,NA,NA,fliegen,eher wenig,eher wichtig,2,Nein,Nicht lange überlegt einfach das genommen welches meine Aufmerksamkeit mehr bekam,NA
B4pOp7MGPC,IP Address,1,16833,FALSE,anonymous,EN,NA,NA,NA,NA,NA,NA,NA,NA,NA,NA,NA,NA,NA,NA,NA,NA,NA,NA,NA,NA,NA,NA,NA,NA,NA,NA,NA,NA,NA,NA,NA,NA,NA,NA,NA,NA,NA,NA,NA,NA,NA,NA,NA,NA,NA,NA,NA,NA,NA,NA,NA,NA,NA,NA,NA,NA,NA,NA,NA,NA,NA,NA,NA,NA,NA
Vle43cRUKD,IP Address,100,192,TRUE,anonymous,EN,Nein,"Ja, ich stimme zu",Snickers (2042 kJ),Trauben (289 kJ),Lotus Biscoff Pocket Karamell (3780 kJ),Banane (446 kJ),Kinder Bueno (2376 kJ),Naturjoghurt (260 kJ),Al Natura Linsenwaffeln (1525 kJ),NA,NA,NA,NA,NA,NA,NA,Gelb,NA,NA,NA,NA,NA,NA,NA,NA,NA,NA,"Standardlieferung, 4 Monate, CHF 899.00","Standardlieferung, 2 Monate, CHF 1299.00","Standardlieferung, 2 Monate, CHF 999.00","Standardlieferung, 2 Monate, CHF 499.00","Standardlieferung, 4 Monate, CHF 1199.00","Standardlieferung, 2 Monate, CHF 399.00","Standardlieferung, 3 Monate, CHF 1899.00","Standardlieferung, 4 Monate, CHF 1499.00","Expresslieferung, 2 Monate früher, CHF 1089.00","Standardlieferung, 6 Monate, CHF 35'000.00",NA,NA,NA,NA,NA,NA,NA,NA,NA,NA,NA,NA,NA,NA,NA,NA,NA,NA,NA,NA,NA,schwimmen,eher wenig,teils/teils,10,Nein,NA,NA
SXDMrAfX1Q,IP Address,100,324,TRUE,anonymous,EN,Ja,"Ja, ich stimme zu",NA,NA,NA,NA,NA,NA,NA,Mandarine (53 kcal),Zweifel Vaya Bean Salt Chips (424 kcal),Isey Skyr Heidelbeere (129 kcal),Banane (107 kcal),Mandarine (53 kcal),Naturjoghurt (62 kcal),Al Natura Linsenwaffeln (360 kcal),Blau,NA,NA,NA,NA,NA,NA,NA,NA,NA,NA,NA,NA,NA,NA,NA,NA,NA,NA,NA,NA,NA,NA,NA,NA,NA,NA,NA,NA,NA,NA,NA,"Expresslieferung, 2 Monate früher, CHF 969.00","Standardlieferung, 2 Monate, CHF 1299.00","Expresslieferung, 1 Monat früher, CHF 1069.00","Standardlieferung, 2 Monate, CHF 499.00","Expresslieferung, 2 Monate früher, CHF 1279.00","Expresslieferung, 1 Monat früher, CHF 429.00","Standardlieferung, 3 Monate, CHF 1899.00","Standardlieferung, 4 Monate, CHF 1499.00","Standardlieferung, 6 Monate, CHF 999.00","Standardlieferung, 6 Monate, CHF 35'000.00",fliegen,eher wenig,eher wichtig,2,Nein,welche Produkte mir wichtig sind- bei Lieferfrist. Bei den Snacks - was ich mag,nein
6Fmac6P64a,IP Address,29,104,FALSE,anonymous,EN,Ja,"Ja, ich stimme zu",NA,NA,NA,NA,NA,NA,NA,Snickers (488 kcal),Trauben (69 kcal),Isey Skyr Heidelbeere (129 kcal),Banane (107 kcal),Kinder Bueno (560 kcal),Schokopudding (120 kcal),Al Natura Linsenwaffeln (360 kcal),NA,NA,NA,NA,NA,NA,NA,NA,NA,NA,NA,NA,NA,NA,NA,NA,NA,NA,NA,NA,NA,NA,NA,NA,NA,NA,NA,NA,NA,NA,NA,NA,NA,NA,NA,NA,NA,NA,NA,NA,NA,NA,NA,NA,NA,NA,NA,NA,NA
mxOdZrIdU0,IP Address,100,2612,TRUE,anonymous,EN,Ja,"Ja, ich stimme zu",Mandarine (222 kJ),Trauben (289 kJ),Lotus Biscoff Pocket Karamell (3780 kJ),Banane (446 kJ),Mandarine (222 kJ),Schokopudding (502 kJ),Zweifel Paprika Chips (2147 kJ),NA,NA,NA,NA,NA,NA,NA,Blau,NA,NA,NA,NA,NA,NA,NA,NA,NA,NA,NA,NA,NA,NA,NA,NA,NA,NA,NA,NA,"Expresslieferung, 62 Tage früher, CHF 969.00","Expresslieferung, 31 Tage früher, CHF 1389.00","Expresslieferung, 31 Tage früher, CHF 1069.00","Expresslieferung, 31 Tage früher, CHF 534.00","Expresslieferung, 62 Tage früher, CHF 1279.00","Standardlieferung, 62 Tage, CHF 399.00","Standardlieferung, 93 Tage, CHF 1899.00","Standardlieferung, 124 Tage, CHF 1499.00","Expresslieferung, 62 Tage früher, CHF 1089.00","Standardlieferung, 186 Tage, CHF 35’000.00",In Tagen,NA,NA,NA,NA,NA,NA,NA,NA,NA,NA,fliegen,eher wenig,eher wichtig,2,Nein,"Bei den Snacks haben ich die Vernunft entscheiden lassen, wenn die vernünftige Variante mir schmeckt.
Bei den Lieferzeiten habe ich die Standardlieferung gewählt, wenn ich die entsprechende Ware entweder nicht dringend bräuchte, weil das Vorgängermodell noch ausreicht oder mir der Aufschlag zu hoch war (Auto).",Nein.
WYvfc6F13M,IP Address,100,279,TRUE,anonymous,EN,Ja,"Ja, ich stimme zu",Mandarine (222 kJ),Trauben (289 kJ),Isey Skyr Heidelbeere (432 kJ),Banane (446 kJ),Mandarine (222 kJ),Naturjoghurt (260 kJ),Al Natura Linsenwaffeln (1525 kJ),NA,NA,NA,NA,NA,NA,NA,Blau,NA,NA,NA,NA,NA,NA,NA,NA,NA,NA,"Expresslieferung, 2 Monate früher, CHF 969.00","Standardlieferung, 2 Monate, CHF 1299.00","Standardlieferung, 2 Monate, CHF 999.00","Standardlieferung, 2 Monate, CHF 499.00","Standardlieferung, 4 Monate, CHF 1199.00","Standardlieferung, 2 Monate, CHF 399.00","Standardlieferung, 3 Monate, CHF 1899.00","Standardlieferung, 4 Monate, CHF 1499.00","Expresslieferung, 2 Monate früher, CHF 1089.00","Standardlieferung, 6 Monate, CHF 35'000.00",NA,NA,NA,NA,NA,NA,NA,NA,NA,NA,NA,NA,NA,NA,NA,NA,NA,NA,NA,NA,NA,fliegen,gar nicht,teils/teils,2,Nein,was hat mich eher angesprochen.,NA
8WYcD7YtED,IP Address,100,299,TRUE,anonymous,EN,Ja,"Ja, ich stimme zu",NA,NA,NA,NA,NA,NA,NA,Snickers (488 kcal),Trauben (69 kcal),Lotus Biscoff Pocket Karamell (900 kcal),Zweifel Paprika Chips (643 kcal),Kinder Bueno (560 kcal),Naturjoghurt (62 kcal),Zweifel Paprika Chips (515 kcal),Blau,"Standardlieferung, 124 Tage, CHF 899.00","Standardlieferung, 62 Tage, CHF 1299.00","Standardlieferung, 62 Tage, CHF 999.00","Standardlieferung, 62 Tage, CHF 499.00","Standardlieferung, 124 Tage, CHF 1199.00","Standardlieferung, 62 Tage, CHF 399.00","Standardlieferung, 93 Tage, CHF 1899.00","Standardlieferung, 124 Tage, CHF 1499.00","Standardlieferung, 186 Tage, CHF 999.00","Standardlieferung, 186 Tage, CHF 35'000.00",NA,NA,NA,NA,NA,NA,NA,NA,NA,NA,NA,NA,NA,NA,NA,NA,NA,NA,NA,NA,NA,NA,NA,NA,NA,NA,NA,NA,NA,NA,NA,fliegen,eher wenig,eher nicht wichtig,2,Nein,NA,NA
Sf3Acikh57,IP Address,99,193,FALSE,anonymous,EN,Ja,"Ja, ich stimme zu",Mandarine (222 kJ),Zweifel Vaya Bean Salt Chips (1779 kJ),Isey Skyr Heidelbeere (432 kJ),Banane (446 kJ),Kinder Bueno (2376 kJ),Naturjoghurt (260 kJ),Zweifel Paprika Chips (2147 kJ),NA,NA,NA,NA,NA,NA,NA,Blau,NA,NA,NA,NA,NA,NA,NA,NA,NA,NA,NA,NA,NA,NA,NA,NA,NA,NA,NA,NA,"Standardlieferung, 124 Tage, CHF 899.00","Expresslieferung, 31 Tage früher, CHF 1389.00","Expresslieferung, 31 Tage früher, CHF 1069.00","Standardlieferung, 62 Tage, CHF 499.00","Expresslieferung, 62 Tage früher, CHF 1279.00","Standardlieferung, 62 Tage, CHF 399.00","Standardlieferung, 93 Tage, CHF 1899.00","Standardlieferung, 124 Tage, CHF 1499.00","Standardlieferung, 186 Tage, CHF 999.00","Standardlieferung, 186 Tage, CHF 35’000.00",In Tagen,NA,NA,NA,NA,NA,NA,NA,NA,NA,NA,fliegen,teils/teils,teils/teils,2,Ja,"Nach meinem Gefühl und Befinden, wie schnell ich möchte das etwas da ist und was ich Lust habe zu essen.",NA
G6MqEkM9Sm,IP Address,100,204,TRUE,anonymous,EN,Ja,"Ja, ich stimme zu",NA,NA,NA,NA,NA,NA,NA,Snickers (488 kcal),Trauben (69 kcal),Lotus Biscoff Pocket Karamell (900 kcal),Zweifel Paprika Chips (643 kcal),Kinder Bueno (560 kcal),Naturjoghurt (62 kcal),Zweifel Paprika Chips (515 kcal),Blau,NA,NA,NA,NA,NA,NA,NA,NA,NA,NA,"Expresslieferung, 2 Monate früher, CHF 969.00","Standardlieferung, 2 Monate, CHF 1299.00","Expresslieferung, 1 Monat früher, CHF 1069.00","Standardlieferung, 2 Monate, CHF 499.00","Expresslieferung, 2 Monate früher, CHF 1279.00","Standardlieferung, 2 Monate, CHF 399.00","Expresslieferung, 1 Monat früher, CHF 2019.00","Expresslieferung, 2 Monate früher, CHF 1619.00","Expresslieferung, 2 Monate früher, CHF 1089.00","Standardlieferung, 6 Monate, CHF 35'000.00",NA,NA,NA,NA,NA,NA,NA,NA,NA,NA,NA,NA,NA,NA,NA,NA,NA,NA,NA,NA,NA,fliegen,gar nicht,unwichtig,2,Nein,Abgewogen zwischen gewinn und preis dafür,NA
