episode_date,show,mix_no,mix,track_no,start_s,end_s,start,hits,artist,title,album,label,released,genre,isrc,shazam_url,bpm,speed_pct,original_bpm,pitch_pct
2025-11-07,Unlimited,1,"DJ Functionist mit B.Visible, Tomasz Guiddo & Flo Førg",1,30,222,0:30,5,Dexter Wansel,I'll Never Forget (My Favorite Disco),,,,R&B/Soul,,https://www.shazam.com/track/10498370/ill-never-forget-my-favorite-disco,122.8,4.4,117.6,4.2
2025-11-07,Unlimited,1,"DJ Functionist mit B.Visible, Tomasz Guiddo & Flo Førg",2,90,192,1:30,2,Byron the Aquarius,PHONE SEX (69),Northern Lights Kush Project Vol.1,TALKNOI$E,2025,Electronic,QZTV32570068,https://www.shazam.com/track/328105860/phone-sex-69,122.5,2.0,120.1,1.9
2025-11-07,Unlimited,1,"DJ Functionist mit B.Visible, Tomasz Guiddo & Flo Førg",3,240,432,4:00,7,Axel Boman,Twinkle Twinkle,Twinkle Twinkle - Single,House of EFUNK Records,2025,House,UKU932581581,https://www.shazam.com/track/828652323/twinkle-twinkle,122.0,2.4,119.1,-0.0
2025-11-07,Unlimited,1,"DJ Functionist mit B.Visible, Tomasz Guiddo & Flo Førg",4,1680,1992,28:00,10,Val Xalino & Acid Pauli,Dançá Dançá T'Manchê (Acid Pauli's Fullmix),Dançá Dançá T'Manchê (Acid Pauli Mixes) - EP,Compost Records,2025,Dance,DEM092500077,https://www.shazam.com/track/826117635/dan%C3%A7%C3%A1-dan%C3%A7%C3%A1-tmanch%C3%AA-acid-paulis-fullmix,124.1,-5.6,131.5,0.0
2025-11-07,Unlimited,1,"DJ Functionist mit B.Visible, Tomasz Guiddo & Flo Førg",5,2550,2742,42:30,7,Max Graef,Itzehoe,Rivers of the Red Planet,Tartelet Records,2014,House,DKQD91400102,https://www.shazam.com/track/108862575/itzehoe,120.1,2.6,117.0,-0.0
2025-11-07,Unlimited,1,"DJ Functionist mit B.Visible, Tomasz Guiddo & Flo Førg",6,2790,2982,46:30,2,Ohmme,Fashion,Fashion - Single,NOEXCUSE Limited,2018,House,GBKQU1866040,https://www.shazam.com/track/429541353/fashion,120.0,-4.0,125.0,-4.1
2025-11-07,Unlimited,2,"DJ Functionist mit FX Farmer Funkanomics, B.Visible, Tomasz Guiddo & Flo Førg",1,2220,2292,37:00,3,Inner City,Good Life (Remastered) [Extended Mix],Good Life (Remastered) - Single,KMS Records,1999,House,NLF711709032,https://www.shazam.com/track/372698913/good-life-remastered-extended-mix,124.8,1.7,122.7,-0.2
2025-11-07,Unlimited,2,"DJ Functionist mit FX Farmer Funkanomics, B.Visible, Tomasz Guiddo & Flo Førg",2,2310,2382,38:30,3,Brassroots,Good Life,Singita Miracle Beach 10th Anniversary Compiled by Jose Padilla & Glass Coffee,Klik Records,2010,Downtempo,DEPL91209797,https://www.shazam.com/track/52841300/good-life,125.1,0.8,124.2,-0.0
2025-11-07,Unlimited,2,"DJ Functionist mit FX Farmer Funkanomics, B.Visible, Tomasz Guiddo & Flo Førg",3,2460,2502,41:00,2,Guedra Guedra,Paradigm,MUTANT,Smugglers Way,2025,Electronic,GBCEL2500156,https://www.shazam.com/track/822523014/paradigm,124.6,-4.1,130.0,-0.0
2025-11-07,Unlimited,2,"DJ Functionist mit FX Farmer Funkanomics, B.Visible, Tomasz Guiddo & Flo Førg",4,2520,2622,42:00,4,Captain Planet & Tony Allen,Tony's House,DIG,Bastard Jazz Recordings,2025,Electronic,USGC62001317,https://www.shazam.com/track/829767623/tonys-house,,0.7,,-0.2
2025-11-07,Unlimited,2,"DJ Functionist mit FX Farmer Funkanomics, B.Visible, Tomasz Guiddo & Flo Førg",5,2700,2772,45:00,3,K-LONE,Cinco,Tasty003 - Drum Tools - EP,Sweet N Tasty,2023,Electronic,GBHLW2302274,https://www.shazam.com/track/681574763/cinco,,4.0,,-0.1
2025-11-07,Unlimited,2,"DJ Functionist mit FX Farmer Funkanomics, B.Visible, Tomasz Guiddo & Flo Førg",6,2820,2892,47:00,3,Edna Martinez & Erick Cosaque,Ajaccio (Edna Martinez Remix),Ajaccio - Single,Strut,2025,World,DEG932401658,https://www.shazam.com/track/819522228/ajaccio-edna-martinez-remix,,-2.4,,-0.1
2025-11-07,Unlimited,2,"DJ Functionist mit FX Farmer Funkanomics, B.Visible, Tomasz Guiddo & Flo Førg",7,3660,3762,1:01:00,4,Raz & Afla,Windowlicker,Windowlicker - Single,Wah Wah 45s,2025,,GBLQT2500019,https://www.shazam.com/track/818345710/windowlicker,124.9,-2.4,128.0,-0.1
2025-11-07,Unlimited,2,"DJ Functionist mit FX Farmer Funkanomics, B.Visible, Tomasz Guiddo & Flo Førg",8,3780,3822,1:03:00,2,"Yttling Jazz, Joshua Idehen & Saturday, Monday",Illegal Hit (Edit),Illegal Hit (Out of Bounds),YEAR0001,2025,Alternative,SE5AJ2202600,https://www.shazam.com/track/830668895/illegal-hit-edit,,3.8,,-0.1
2025-11-07,Unlimited,3,DJ Beware,1,1800,2112,30:00,3,"The Blackout Allstars, Sheila E., Tito Puente, Dave Valentin, Grover Washington, Paquito D'Rivera, Ray Barretto & Tito Nieves",I Like It (Like That) [Radio Mix],Latin Mix USA,Sony Discos/Columbia,1998,Pop in Spanish,USSM19400518,https://www.shazam.com/track/5327809/i-like-it-like-that-radio-mix,124.0,-3.2,128.0,-3.5
2025-11-07,Unlimited,3,DJ Beware,2,1920,2022,32:00,3,OZBEK,Rooftop,Superbia - Single,Fierce Animal Recordings,2016,House,USLZJ1684418,https://www.shazam.com/track/326075647/rooftop,124.0,1.6,122.0,2.5
2025-11-07,Unlimited,3,DJ Beware,3,1950,2172,32:30,3,Pancratio,Deep Beat,Automatic House,Faith Beat,2025,Dance,NLL562503898,https://www.shazam.com/track/842763175/deep-beat,124.1,-3.1,128.1,-3.3
2025-11-07,Unlimited,3,DJ Beware,4,2400,2442,40:00,2,Nick Curly,Underground (Dennis Ferrer Remix) [Mixed],Defected Radio Episode 155 (Hosted by Sam Divine) [DJ Mix],Defected Records,2012,Dance,GBCPZ1915884,https://www.shazam.com/track/361605465/underground-dennis-ferrer-remix-mixed,123.9,-0.1,124.0,-0.5
2025-11-07,Unlimited,3,DJ Beware,5,3060,3222,51:00,4,Charles Manier,Change You,Tangent 2002: Disco Nouveau,Ghostly International,2002,Electronic,US2J70400511,https://www.shazam.com/track/40094731/change-you,124.2,-4.2,129.7,-4.3
2025-11-07,Unlimited,3,DJ Beware,6,3150,3372,52:30,5,Pigna People,Fregna the Age (Mixed),A Bugged Out Mix (DJ Mix),,2005,Electronic,US23A8125129,https://www.shazam.com/track/40933915/fregna-the-age-mixed,124.1,-4.6,130.1,-4.6
2025-11-07,Unlimited,3,DJ Beware,7,3300,3342,55:00,2,Dj Piligrim,Дед на стиле (extended version),Дед на стиле (extended version) - Single,WHY Z MUSIC,2025,Dance,TCAJE2564535,https://www.shazam.com/track/810116807/%D0%B4%D0%B5%D0%B4-%D0%BD%D0%B0-%D1%81%D1%82%D0%B8%D0%BB%D0%B5-extended-version,,0.9,,1.3
2025-11-14,Unlimited,1,DJ Functionist Hour 1,1,30,222,0:30,7,Kraak & Smaak,Travel Light (feat. Ivar),Velvet Seas,Boogie Angst,2025,Electronic,NLQ7C2500009,https://www.shazam.com/track/834395213/travel-light-feat-ivar,109.8,0.0,109.8,-0.0
2025-11-14,Unlimited,1,DJ Functionist Hour 1,2,630,912,10:30,10,DJ Scratch,Electric Stew (We Can Get Down),Electric Stew (We Can Get Down) - Single,T's Box Records,2025,Dance,GB7GV2571010,https://www.shazam.com/track/837712745/electric-stew-we-can-get-down,120.1,0.0,120.1,-0.1
2025-11-14,Unlimited,1,DJ Functionist Hour 1,3,930,1362,15:30,15,Kid Sublime,The Awakening (feat. Han Litz),The Paradigm Shift,Natural Element,2025,House,GXFXC0500011,https://www.shazam.com/track/843538825/the-awakening-feat-han-litz,120.9,0.2,120.7,-0.1
2025-11-14,Unlimited,1,DJ Functionist Hour 1,4,1380,1782,23:00,11,Bicep & Hammer,Dahlia,Dahlia EP,Bicep Music,2015,Electronic,GBVHV1500023,https://www.shazam.com/track/280530720/dahlia,122.6,-0.6,123.4,-0.1
2025-11-14,Unlimited,1,DJ Functionist Hour 1,5,1800,2022,30:00,8,Ten City,Love Music,The Next Generation,Nervous Records,2025,Dance,USNRS2544170,https://www.shazam.com/track/837647313/love-music,124.3,0.8,123.3,-0.1
2025-11-14,Unlimited,1,DJ Functionist Hour 1,6,2040,2202,34:00,6,Cassius,Dance On,Dance On - Single,Love Supreme / Justice,2025,Electronic,FR9W12551221,https://www.shazam.com/track/840151773/dance-on,125.0,-0.0,125.0,-0.0
2025-11-14,Unlimited,1,DJ Functionist Hour 1,7,2280,2502,38:00,5,Tensnake & Gerd Janson,Push,Push,Armada Music,2025,House,NLF712506322,https://www.shazam.com/track/842307984/push,125.1,-0.0,125.1,-0.1
2025-11-14,Unlimited,1,DJ Functionist Hour 1,8,2310,2472,38:30,2,S.A.M.,Spotlight (feat. Sarah Ikumu) [Mousse T. Extended Shizzle Mix],Spotlight (feat. Sarah Ikumu) [Mousse T. Remix] - EP,Defected Records,2022,Dance,GBCPZ2220867,https://www.shazam.com/track/616359078/spotlight-feat-sarah-ikumu-mousse-t-extended-shizzle-mix,125.0,1.6,123.1,1.4
2025-11-14,Unlimited,1,DJ Functionist Hour 1,9,2580,2742,43:00,3,Paperclip People,Throw (Slam's RTM Remix),Throw (Slam's RTM Remix) - Single,Planet E Communications,2011,Dance,USPC81201241,https://www.shazam.com/track/59935063/throw-slams-rtm-remix,125.0,-1.6,127.0,-0.8
2025-11-14,Unlimited,1,DJ Functionist Hour 1,10,2670,2832,44:30,3,Todd Terry,Jumpin Original,The Dubs Part 2,InHouse Records,1993,Dance,US92E0610539,https://www.shazam.com/track/125463365/jumpin-original,125.0,1.8,122.8,1.6
2025-11-14,Unlimited,1,DJ Functionist Hour 1,11,2700,2952,45:00,3,Tiger Stripes,I Heard It Through The Bassline (Extended),I Heard It Through The Bassline - Single,Rekids,2024,Dance,GBLTF2400113,https://www.shazam.com/track/711603660/i-heard-it-through-the-bassline-extended,125.0,-0.0,125.0,0.0
2025-11-14,Unlimited,2,DJ Functionist Hour 2,1,30,222,0:30,7,Tensnake,Capitano,Push,Armada Music,2025,Dance,NLF712503579,https://www.shazam.com/track/827418396/capitano,127.0,0.8,126.0,-0.2
2025-11-14,Unlimited,2,DJ Functionist Hour 2,2,330,372,5:30,2,Martin Ikin & Roxe,Supa Sharp,Supa Sharp - Single,"Ultra Records, LLC",2023,Dance,USUS12201282,https://www.shazam.com/track/645934494/supa-sharp,127.3,0.4,126.7,-0.1
2025-11-14,Unlimited,2,DJ Functionist Hour 2,3,450,762,7:30,11,Anunaku,Temples,Whities 024 - Single,AD 93,2019,Electronic,FR96X1945528,https://www.shazam.com/track/496205965/temples,160.4,0.0,160.4,-0.0
2025-11-14,Unlimited,2,DJ Functionist Hour 2,4,810,1002,13:30,6,Anunaku & DJ Plead,Wheele,032 - Single,AD 93,2020,Electronic,FRX202058414,https://www.shazam.com/track/529156435/wheele,128.7,0.4,128.1,-0.1
2025-11-14,Unlimited,2,DJ Functionist Hour 2,5,1020,1212,17:00,7,The Chemical Brothers & Chris Lake,Galvanize (feat. Q-Tip) [Chris Lake Remix],Galvanize (feat. Q-Tip) [Chris Lake Remix] - Single,Positiva,2025,Electronic,GBUM72505161,https://www.shazam.com/track/835631867/galvanize-feat-q-tip-chris-lake-remix,129.9,1.3,128.2,-0.1
2025-11-14,Unlimited,2,DJ Functionist Hour 2,6,1230,1422,20:30,4,Elio Riso & Lucio Spain,Breaking Minds,Casual Creation Issue 25 (Disco Simphon Mix Music),Voltaire Music,2016,House,DEW871709072,https://www.shazam.com/track/313867991/breaking-minds,129.9,5.6,123.0,4.8
2025-11-14,Unlimited,2,DJ Functionist Hour 2,7,1290,1452,21:30,4,KETTAMA,B o D Y,Bucklyn Bridge - Single,HOMAGE,2018,House,GBKQU1871914,https://www.shazam.com/track/429826894/b-o-d-y,154.3,0.8,153.1,-0.0
2025-11-14,Unlimited,2,DJ Functionist Hour 2,8,2100,2532,35:00,14,Aril Brikha,Groove la Chord (Original Mix),Deeparture In Time - Revisited,Art Of Vengeance,2011,Dance,DECY51108008,https://www.shazam.com/track/2987530/groove-la-chord-original-mix,131.9,-0.6,132.7,-0.1
2025-11-14,Unlimited,2,DJ Functionist Hour 2,9,2550,2742,42:30,7,KING BOOO!,Tunes Since '89,Tunes Since ’89 (The Remixes) - EP,Attention Deficit,2024,Electronic,US38Y2411135,https://www.shazam.com/track/700947053/tunes-since-89,133.2,-0.0,133.2,-0.1
2025-11-14,Unlimited,2,DJ Functionist Hour 2,10,2910,3042,48:30,5,Confidence Man & IN2STELLAR,BREAK IT DOWN (ON THE BASSLINE) [Mixed],fabric presents Confidence Man (Mixed),Fabric Records,2024,House,GBUM72403851,https://www.shazam.com/track/704108117/break-it-down-on-the-bassline-mixed,133.0,-1.5,135.0,-0.2
2025-11-14,Unlimited,2,DJ Functionist Hour 2,11,3090,3192,51:30,3,Joe Hunt,Up To No Good (Extended),Up To No Good (Extended) - Single,Room Two Recordings,2024,Dance,GBARL2400998,https://www.shazam.com/track/707298483/up-to-no-good-extended,133.5,-1.5,135.5,-0.2
2025-11-14,Unlimited,2,DJ Functionist Hour 2,12,3120,3222,52:00,2,Fragma,Toca's Miracle (Radio Edit),Toca (20th Anniversary Edition),Front of House Recordings,2000,Dance,DEP992200001,https://www.shazam.com/track/49803917/tocas-miracle-radio-edit,132.9,-0.3,133.3,-0.3
2025-11-14,Unlimited,2,DJ Functionist Hour 2,13,3540,3672,59:00,4,Bushbaby,Like This Like That,EVERY TIME,Southpoint,2025,Dance,UK9AV2502149,https://www.shazam.com/track/828593143/like-this-like-that,133.2,-2.2,136.2,-0.2
2025-11-14,Unlimited,3,DJ Beware,1,810,1182,13:30,10,La Peña,A1,,,,Latino,,https://www.shazam.com/track/49377578/a1,126.0,0.8,125.0,0.8
2025-11-14,Unlimited,3,DJ Beware,2,2190,2472,36:30,9,Random Factor,Lockdown,On Air EP,20/20 Vision Recordings,1999,Dance,GBEWY0300030,https://www.shazam.com/track/698419371/lockdown,130.1,4.2,124.9,4.1
2025-11-14,Unlimited,3,DJ Beware,3,3390,3432,56:30,2,Faithless,We Come 1 (Rollo & Sister Bliss Remix),Outrospective,Cheeky Records,2001,Dance,GBBXH0100019,https://www.shazam.com/track/215894/we-come-1-rollo-sister-bliss-remix,130.0,-4.4,136.0,-4.0
2025-11-21,Unlimited,1,DJ Functionist & Luv Affair Crew Hour 1,1,30,342,0:30,8,Soul Clap,Moov to tha Beat,"Think Sideways Edits, Vol. 1 - EP",Reptile Dysfunction,2018,Electronic,DEY471810987,https://www.shazam.com/track/407671109/moov-to-tha-beat,121.8,0.0,121.8,-0.0
2025-11-21,Unlimited,1,DJ Functionist & Luv Affair Crew Hour 1,2,210,252,3:30,2,Chaka Khan,I'm Every Woman,Chaka,Rhino/Warner Records,1978,R&B/Soul,USWB17800019,https://www.shazam.com/track/305434/im-every-woman,122.0,6.2,114.8,-0.1
2025-11-21,Unlimited,1,DJ Functionist & Luv Affair Crew Hour 1,3,360,462,6:00,3,Jo Paciello,The Big Sun (Larss Disco Rework),The Big Sun (Larss Disco Rework) - Single,Shocking Sounds Records,2025,Disco,GBKQU2547004,https://www.shazam.com/track/829352438/the-big-sun-larss-disco-rework,121.9,-0.0,121.9,-0.0
2025-11-21,Unlimited,1,DJ Functionist & Luv Affair Crew Hour 1,4,390,582,6:30,5,Heatwave,The Big Guns (Assaf Michael Maccabi Remix),,,,,,https://www.shazam.com/track/852959097/the-big-guns-assaf-michael-maccabi-remix,121.8,-0.8,122.8,0.1
2025-11-21,Unlimited,1,DJ Functionist & Luv Affair Crew Hour 1,5,900,1032,15:00,4,Luis Radio,Looney Tune,Looney Tune - Single,Groovebom Records,2025,Electronic,CA5KR2503352,https://www.shazam.com/track/803517686/looney-tune,122.0,-1.6,124.0,-0.0
2025-11-21,Unlimited,1,DJ Functionist & Luv Affair Crew Hour 1,6,1050,1182,17:30,3,Babert,Dance a Little Bit Closer,Dance a Little Bit Closer - Single,Disco Revenge,2017,Electronic,DEH741716755,https://www.shazam.com/track/153443147/dance-a-little-bit-closer,122.9,4.2,118.0,0.0
2025-11-21,Unlimited,1,DJ Functionist & Luv Affair Crew Hour 1,7,1080,1212,18:00,3,Mark Lower,Bad Boys Cry,Bad Boys Cry - Single,Nurvous Records,2013,Dance,USNRS1331198,https://www.shazam.com/track/89516334/bad-boys-cry,122.7,-0.9,123.7,0.0
2025-11-21,Unlimited,1,DJ Functionist & Luv Affair Crew Hour 1,8,1260,1512,21:00,8,Jodadj & DJ Spen,7 Mile Soul (DJ Spen & Soulfuledge Remix),7 Mile Soul / Livin' This Life,Quantize Recordings,2017,Dance,UKF4C1600640,https://www.shazam.com/track/383657049/7-mile-soul-dj-spen-soulfuledge-remix,122.9,-0.8,123.9,-0.0
2025-11-21,Unlimited,1,DJ Functionist & Luv Affair Crew Hour 1,9,1530,1722,25:30,7,Bellaire,Paris City Jazz,Paris City Jazz - EP,AOC Records,2018,Electronic,FRX201790234,https://www.shazam.com/track/384930665/paris-city-jazz,123.6,-1.0,124.9,-0.0
2025-11-21,Unlimited,1,DJ Functionist & Luv Affair Crew Hour 1,10,2010,2112,33:30,3,Shouse,Love Tonight,Love Tonight - Single,Hell Beach,2017,Electronic,USQY51798086,https://www.shazam.com/track/385133121/love-tonight,124.0,0.7,123.1,0.2
2025-11-21,Unlimited,1,DJ Functionist & Luv Affair Crew Hour 1,11,2190,2412,36:30,8,Phazed Groove,Sunshine,Sunshine - Single,Tropical Disco Records,2020,Dance,GBENT1654615,https://www.shazam.com/track/512590814/sunshine,123.7,-0.8,124.7,-0.0
2025-11-21,Unlimited,1,DJ Functionist & Luv Affair Crew Hour 1,12,2430,2592,40:30,4,Roel,Your Point (Radio Edit),Your Point - Single,Spacedisco Records,2024,House,QM4TW2442960,https://www.shazam.com/track/690154338/your-point-radio-edit,124.0,0.0,124.0,-0.0
2025-11-21,Unlimited,1,DJ Functionist & Luv Affair Crew Hour 1,13,2670,2862,44:30,2,Joeski & Gorge,Jogo,"Selador 5th Birthday EP, Pt. 3",Selador,2018,Electronic,GBSCL1834032,https://www.shazam.com/track/421916604/jogo,124.4,0.8,123.4,0.3
2025-11-21,Unlimited,1,DJ Functionist & Luv Affair Crew Hour 1,14,2700,2832,45:00,3,Hatiras,Back For More (Radio Edit),Back For More - Single,Spacedisco Records,2025,Dance,QM6P42508969,https://www.shazam.com/track/821807671/back-for-more-radio-edit,,-1.6,,-0.0
2025-11-21,Unlimited,1,DJ Functionist & Luv Affair Crew Hour 1,15,2730,2802,45:30,2,First Choice,"The Player (Mousse T. & Boris Dlugosch Classic 12"")",The Player,Defected Records,1974,Dance,GBCPZ0501122,https://www.shazam.com/track/10111652/the-player-mousse-t-boris-dlugosch-classic-12,124.0,1.4,122.2,-0.6
2025-11-21,Unlimited,1,DJ Functionist & Luv Affair Crew Hour 1,16,2880,3102,48:00,8,Funk The Beat,I Heard,Miami 2019,Punta del Este Records,2018,House,QZ5FN1971166,https://www.shazam.com/track/452629566/i-heard,124.0,1.6,122.0,-0.0
2025-11-21,Unlimited,1,DJ Functionist & Luv Affair Crew Hour 1,17,3120,3342,52:00,8,Dave Lee & Maurissa Rose,What About My Love (Michael Gray Remix),What About My Love - EP,Z Records,2025,Dance,GBPKF2500057,https://www.shazam.com/track/826202862/what-about-my-love-michael-gray-remix,124.0,1.6,122.0,-0.0
2025-11-21,Unlimited,2,DJ Functionist & Luv Affair Crew Hour 2,1,0,282,0:00,10,Triana y Hermana Juana,Maldito Aparato,Maldito Aparato - Single,Panzon Records,2024,Latin Jazz,QZSYP2494646,https://www.shazam.com/track/703447617/maldito-aparato,126.4,1.7,124.3,-0.0
2025-11-21,Unlimited,2,DJ Functionist & Luv Affair Crew Hour 2,2,330,582,5:30,2,Mella Dee,Techno Disco Tool,Techno Disco Tool - Single,Warner Records,2017,Dance,GBAHT1700695,https://www.shazam.com/track/372812870/techno-disco-tool,126.5,-2.7,130.0,-2.6
2025-11-21,Unlimited,2,DJ Functionist & Luv Affair Crew Hour 2,3,360,462,6:00,3,Chris Duran,Funky Beat,Funky Beat EP - Single,Psicodelica,2025,Dance,QZG2X2417388,https://www.shazam.com/track/819963822/funky-beat,126.5,-1.2,128.0,-0.0
2025-11-21,Unlimited,2,DJ Functionist & Luv Affair Crew Hour 2,4,420,522,7:00,2,OZBEK,Rooftop,Superbia - Single,Fierce Animal Recordings,2016,House,USLZJ1684418,https://www.shazam.com/track/326075647/rooftop,126.5,3.6,122.1,3.1
2025-11-21,Unlimited,2,DJ Functionist & Luv Affair Crew Hour 2,5,630,852,10:30,8,DJ Deep & Traumer,Sunday Loop (Traumer Stripped Down),Connected - EP,Gettraum,2024,Electronic,DEH742429040,https://www.shazam.com/track/711062100/sunday-loop-traumer-stripped-down,126.5,0.4,126.0,-0.0
2025-11-21,Unlimited,2,DJ Functionist & Luv Affair Crew Hour 2,6,870,1062,14:30,5,lovetempo & Crackazat,But I Do (Crackazat Remix),But I Do - Single,Razor-N-Tape,2025,Dance,QMXZD1100739,https://www.shazam.com/track/816192416/but-i-do-crackazat-remix,126.5,3.7,122.0,-0.0
2025-11-21,Unlimited,2,DJ Functionist & Luv Affair Crew Hour 2,7,960,1152,16:00,2,Ida Corr & Fedde Le Grand,Let Me Think About It (Club Mix),Let Me Think About It (Remixes),Lifted House,2006,Dance,DKUCA0700027,https://www.shazam.com/track/45128847/let-me-think-about-it-club-mix,126.6,-1.2,128.2,-0.6
2025-11-21,Unlimited,2,DJ Functionist & Luv Affair Crew Hour 2,8,1860,1902,31:00,2,Daniel Orpi,Groove Me (Extended Mix),Groove Me - EP,HEATERS,2021,House,GBKQU2161785,https://www.shazam.com/track/571768503/groove-me-extended-mix,126.5,-2.8,130.1,-0.8
2025-11-21,Unlimited,2,DJ Functionist & Luv Affair Crew Hour 2,9,1920,2052,32:00,4,Da Sunlounge,Baby How Long,10 Years of Da Sunlounge Unmixed Album,Myna Music,2011,Dance,GBXWD1110009,https://www.shazam.com/track/57547947/baby-how-long,126.4,1.2,124.8,-0.0
2025-11-21,Unlimited,2,DJ Functionist & Luv Affair Crew Hour 2,10,2070,2472,34:30,14,Max Dean & Luke Dean,Gets Like That,The Finest EP - EP,DX3N,2025,Dance,CBEFB2501384,https://www.shazam.com/track/816230541/gets-like-that,127.0,-2.3,130.0,-0.0
2025-11-21,Unlimited,2,DJ Functionist & Luv Affair Crew Hour 2,11,2760,3012,46:00,5,Dj Steaw,Emerald Coast (Radio Mix),Emerald Coast - EP,Rutilance Recordings,2024,House,GBLV62405287,https://www.shazam.com/track/802618250/emerald-coast-radio-mix,127.2,0.8,126.2,0.0
2025-11-21,Unlimited,2,DJ Functionist & Luv Affair Crew Hour 2,12,2820,2922,47:00,2,Lorenzo Silvano,Undertrack,Summer Comp. Vol. 5,Escapism Musique,2015,Electronic,NLCK41027344,https://www.shazam.com/track/277065807/undertrack,127.0,0.9,125.8,0.4
2025-11-21,Unlimited,2,DJ Functionist & Luv Affair Crew Hour 2,13,3360,3492,56:00,4,Pistaccio,Conga Line,Sunday Songs - EP,Magic Carpet,2024,House,NLCK42420162,https://www.shazam.com/track/803569324/conga-line,127.0,0.8,126.0,0.0
2025-11-21,Unlimited,2,DJ Functionist & Luv Affair Crew Hour 2,14,3510,3552,58:30,2,Luis Radio & Earl W. Green,Idolatry,Idolatry - Single,Groovebom Records,2025,Electronic,CA5KR2506646,https://www.shazam.com/track/806149334/idolatry,126.9,3.2,123.0,0.0
2025-11-21,Unlimited,3,DJ Beware,1,120,252,2:00,3,Sidekick,Deep Fear (Phobia Radio Edit),Deep Fear (Mnks Music & Bomber Remix) - Single,Netswork International,2000,Techno,ITD450800088,https://www.shazam.com/track/53844706/deep-fear-phobia-radio-edit,130.1,4.2,124.9,4.6
2025-11-21,Unlimited,3,DJ Beware,2,180,222,3:00,2,SQL,Warhola,"Progressive Plucks, Vol. 2",Plusquam Division,2009,Dance,DEH741004811,https://www.shazam.com/track/51323705/warhola,130.2,1.8,127.9,-0.3
2025-11-21,Unlimited,3,DJ Beware,3,1260,1542,21:00,10,Rennie Pilgrem,A Place Called Acid (Rennie's Indigestion Mix) [feat. Aka Thursday Club],The Best of Rennie Pilgrem,Thursday club recordings,2000,Dance,GBDUE0100020,https://www.shazam.com/track/10152571/a-place-called-acid-rennies-indigestion-mix-feat-aka,130.0,0.9,128.9,0.9
2025-11-28,Unlimited,1,DJ Functionist,1,240,522,4:00,5,"DJ Pierre, Eddie Amador & Kathy Brown",House Music Always (Old Skool Chicago Mix),House Music Always,Get Physical Music,2025,House,DEBE72500767,https://www.shazam.com/track/844258570/house-music-always-old-skool-chicago-mix,,0.1,,-0.1
2025-11-28,Unlimited,1,DJ Functionist,2,270,342,4:30,2,Todd Terry,Jumpin Original,The Dubs Part 2,InHouse Records,1993,Dance,US92E0610539,https://www.shazam.com/track/125463365/jumpin-original,124.0,1.1,122.7,0.6
2025-11-28,Unlimited,1,DJ Functionist,3,540,822,9:00,10,Session Victim,Broken Coast (feat. Viken Arman),Sidequests Chapter Three - EP,Delusions of Grandeur,2025,Electronic,GBZHR2500451,https://www.shazam.com/track/840332633/broken-coast-feat-viken-arman,124.0,0.8,122.9,-0.1
2025-11-28,Unlimited,1,DJ Functionist,4,840,1182,14:00,11,Fouk,Get It Done,Get It Done - EP,Freerange Records,2025,Electronic,GBDLP2501430,https://www.shazam.com/track/842588519/get-it-done,124.0,1.6,122.0,-0.1
2025-11-28,Unlimited,1,DJ Functionist,5,1200,1422,20:00,8,Christian Löffler,Home,Until We Meet Again,Ki Records,2025,Electronic,QMFMF2525421,https://www.shazam.com/track/845574482/home,123.9,1.6,121.9,-0.1
2025-11-28,Unlimited,2,Mona Lee & GLADD,1,180,432,3:00,2,X-Press 2,Say What! (London Underground Mix),Say What! - EP,Acid Jazz UK,2022,Electronic,GBUQC2201180,https://www.shazam.com/track/45292952/say-what-london-underground-mix,123.9,-0.7,124.8,-1.2
2025-11-28,Unlimited,2,Mona Lee & GLADD,2,210,282,3:30,2,KC Lights,Sol,Sol - Single,Toolroom Records,2019,Dance,GBJAJ1901224,https://www.shazam.com/track/471393061/sol,,-0.0,,-0.9
2025-11-28,Unlimited,2,Mona Lee & GLADD,3,810,1152,13:30,12,Kelly G. & Candi Staton,Power of One (Extended Mix),Power of One - Single,Glitterbox Recordings,2024,Dance,GBCPZ2422967,https://www.shazam.com/track/693554155/power-of-one-extended-mix,124.0,0.8,123.0,-0.0
2025-11-28,Unlimited,2,Mona Lee & GLADD,4,1230,1422,20:30,5,Ada Morghe,Amin Bird (Mousse T. Extended Remix),Amin Bird (Mousse T. Remix) - EP,Lalabeam Records,2025,House,DEOV42500856,https://www.shazam.com/track/829483386/amin-bird-mousse-t-extended-remix,124.0,3.3,120.0,-0.0
2025-11-28,Unlimited,2,Mona Lee & GLADD,5,1440,1722,24:00,6,"Doug Willis, Mike Dunn & Dave Lee",Luv 2 Dance,Luv 2 Dance - Single,Z Records,2025,Dance,GBPKF2500051,https://www.shazam.com/track/823901085/luv-2-dance,124.0,0.0,123.9,-0.0
2025-11-28,Unlimited,2,Mona Lee & GLADD,6,1470,1572,24:30,3,Kleeer,I Love to Dance (Joey Negro Extended Mix),Tonight (Joey Negro Tonight It's Partytime Mix) - Single,Warner Music Group - X5 Music Group,2013,Dance,USAT21303159,https://www.shazam.com/track/103852864/i-love-to-dance-joey-negro-extended-mix,,-0.1,,0.1
2025-11-28,Unlimited,2,Mona Lee & GLADD,7,1740,1902,29:00,2,Gledd,Move Me (Extended Mix),Move Me - Single,Big Love,2025,House,GBJRX2500001,https://www.shazam.com/track/843213310/move-me-extended-mix,,-0.8,,-0.0
2025-11-28,Unlimited,2,Mona Lee & GLADD,8,1800,2052,30:00,3,R.A.W.,Unbe (Erick 'More' Mix),The Lost Tapes: 'Little' Louie Vega at the Underground Network NYC (Unmixed),Strictly Rhythm Records,1991,House,GBDVG9313001,https://www.shazam.com/track/53999685/unbe-erick-more-mix,124.2,1.2,122.7,-0.2
2025-11-28,Unlimited,2,Mona Lee & GLADD,9,1830,1992,30:30,5,Solee,Shanti,Out of Nowhere,Parquet Recordings,2014,Electronic,DEH741409119,https://www.shazam.com/track/155952375/shanti,,0.8,,0.0
2025-11-28,Unlimited,2,Mona Lee & GLADD,10,2070,2292,34:30,2,Blaze & Bicep,Lovelee Dae (Bicep Remix),Lovelee Dae Bicep Remixes - Single,Bicep Music,2016,Electronic,GBVHV1500062,https://www.shazam.com/track/323743308/lovelee-dae-bicep-remix,124.1,-0.0,124.1,-0.2
2025-11-28,Unlimited,2,Mona Lee & GLADD,11,2100,2322,35:00,2,"Michael Bibi, KETTAMA & Wu-Tang Clan",MYSTERY OF RAW,MYSTERY OF RAW - Single,CircoLoco Records,2026,Dance,GBARL2601083,https://www.shazam.com/track/893622809/mystery-of-raw,124.1,-4.7,130.2,0.0
2025-11-28,Unlimited,2,Mona Lee & GLADD,12,2130,2202,35:30,3,Deetron,Runnin',Runnin / Am_909 - Single,Nu Groove Records,2024,Dance,GBCPZ2322593,https://www.shazam.com/track/685893637/runnin,123.7,-2.4,126.7,0.0
2025-11-28,Unlimited,2,Mona Lee & GLADD,13,2250,2352,37:30,2,Strike,U Sure Do,I Saw the Future,Fresh Records UK,1997,Dance,GBCGN9900092,https://www.shazam.com/track/63200309/u-sure-do,124.0,-3.1,127.9,-0.7
2025-11-28,Unlimited,2,Mona Lee & GLADD,14,2430,2652,40:30,4,Christian Smith,Motor,Stranger Than Paradise,Tronic,2014,Electronica,GRKM11400336,https://www.shazam.com/track/155374453/motor,124.0,0.0,124.0,0.5
2025-11-28,Unlimited,2,Mona Lee & GLADD,15,2670,2952,44:30,8,Key To Life,Find Our Way (Breakaway) [feat. Kathleen Murphy] [Marc Cotterell Plastik Factory Extended Dub],Find Our Way (Breakaway) [feat. Kathleen Murphy] [Marc Cotterell Remixes] - EP,Sub-Urban Records,2023,Dance,GBCPZ2322073,https://www.shazam.com/track/672776792/find-our-way-breakaway-feat-kathleen-murphy-marc-cotterell,124.0,0.9,122.9,-0.0
2025-11-28,Unlimited,2,Mona Lee & GLADD,16,3060,3312,51:00,8,Rocoe & Body Heat Gang Band,Valdez in the Club (Edit),"Body Heat Disco, Vol. 2a - EP",Body Heat,2023,Disco,FRX202306752,https://www.shazam.com/track/659434765/valdez-in-the-club-edit,124.0,-0.7,124.9,0.0
2025-11-28,Unlimited,2,Mona Lee & GLADD,17,3360,3552,56:00,3,Puffie,Foli Tribe,"Club Teal, Vol. 2 - Single",Club Teal,2026,Dance,QT6F62663556,https://www.shazam.com/track/889516513/foli-tribe,124.1,-0.1,124.2,0.0
2025-11-28,Unlimited,2,Mona Lee & GLADD,18,3630,3912,1:00:30,10,Lasso Doumbouya,Tremesse,Den Den Den,Syllart Records,1993,African,GBNRN1790406,https://www.shazam.com/track/68119171/tremesse,124.2,1.7,122.2,-0.0
2025-11-28,Unlimited,2,Mona Lee & GLADD,19,3930,4302,1:05:30,13,Gyedu-Blay Ambolley,Walk 4 Ground,Ketan,Agogo Records,2017,African,DEEQ71708704,https://www.shazam.com/track/343605259/walk-4-ground,124.1,3.4,120.0,-0.0
2025-11-28,Unlimited,2,Mona Lee & GLADD,20,4500,4872,1:15:00,12,Dee Dee Sharp Gamble,Nobody Could Take Your Place,What Color Is Love,Legacy Recordings,1977,R&B/Soul,USSM11407027,https://www.shazam.com/track/5083970/nobody-could-take-your-place,124.0,2.0,121.6,-0.0
2025-11-28,Unlimited,2,Mona Lee & GLADD,21,4920,5232,1:22:00,8,Charles Mann,Sho Nuff No Funny Stuff,Horse Meat Disco: Meat Me Down the Disco,Z Records,2006,Disco,GBPKF1000177,https://www.shazam.com/track/79887194/sho-nuff-no-funny-stuff,123.8,2.1,121.3,-0.0
2025-11-28,Unlimited,3,DJ Beware,1,810,942,13:30,3,Kevin McKay & Start The Party,I Feel Love (Club Mix),I Feel Love - Single,Glasgow Underground,2018,House,GBPQS1800175,https://www.shazam.com/track/452384915/i-feel-love-club-mix,122.0,-2.4,125.0,-0.7
2025-11-28,Unlimited,3,DJ Beware,2,1800,1932,30:00,3,Marc Molina,More Than Physical (Manuel Palmitesta Remix),Frequenza Summer 2015,Frequenza,2015,Dance,ITZ832015012,https://www.shazam.com/track/257984782/more-than-physical-manuel-palmitesta-remix,121.8,-0.8,122.8,0.6
2025-11-28,Unlimited,3,DJ Beware,3,1950,1992,32:30,2,Shouse,Love Tonight,Love Tonight - Single,Hell Beach,2017,Electronic,USQY51798086,https://www.shazam.com/track/385133121/love-tonight,121.9,-0.7,122.8,0.3
2025-11-28,Unlimited,3,DJ Beware,4,2100,2292,35:00,2,BLR & Rave & Crave,Taj,"EP, Pt. 1 - EP",Spinnin' Deep,2017,Dance,NLZ541701197,https://www.shazam.com/track/378527324/taj,122.1,-1.4,123.8,-2.1
2025-11-28,Unlimited,3,DJ Beware,5,2160,2202,36:00,2,Ricardo Villalobos,Easy Lee,,,,Electronic,,https://www.shazam.com/track/20131209/easy-lee,,-3.1,,-3.1
2025-11-28,Unlimited,3,DJ Beware,6,2790,3162,46:30,10,Raxon,Robotalia,Robotalia - Single,Cocoon Recordings,2023,Techno,DEQ202300013,https://www.shazam.com/track/667961645/robotalia,122.0,-4.7,127.9,-4.8
2025-11-28,Unlimited,3,DJ Beware,7,3600,3852,1:00:00,9,"Fred again.., Sammy Virji & Winny",Winny,USB,Atlantic Records UK,2025,Electronic,GBAHS2501369,https://www.shazam.com/track/840613942/winny,140.0,0.0,140.0,0.0
2025-12-05,Unlimited ADVENTures In Sound,1,DJ Functionist (1),1,30,192,0:30,6,Happy Clappers,I Believe,I Believe,Cherry Red Records,1994,Dance,GBCEN1700198,https://www.shazam.com/track/11144392/i-believe,125.0,0.0,125.0,-0.0
2025-12-05,Unlimited ADVENTures In Sound,1,DJ Functionist (1),2,210,372,3:30,6,Donna Summer,I Feel Love,I Remember Yesterday,Island Mercury,1977,Pop,USPR39402393,https://www.shazam.com/track/94229622/i-feel-love,125.0,-1.3,126.6,-0.2
2025-12-05,Unlimited ADVENTures In Sound,1,DJ Functionist (1),3,390,492,6:30,4,Ewan McVicar,Tell Me Something Good (Extended),Tell Me Something Good - Single,Ministry of Sound Recordings,2021,Dance,GBJX32163034,https://www.shazam.com/track/572731771/tell-me-something-good-extended,125.0,-0.8,126.0,-0.1
2025-12-05,Unlimited ADVENTures In Sound,1,DJ Functionist (1),4,510,762,8:30,9,Kylie Minogue,Can't Get You out of My Head (Peggy Gou’s Midnight Remix),Can't Get You out of My Head (Peggy Gou’s Midnight Remix) - Single,Parlophone UK,2001,Pop,GBAYE2200334,https://www.shazam.com/track/615738100/cant-get-you-out-of-my-head-peggy-gous-midnight-remix,125.0,-0.8,126.0,-0.0
2025-12-05,Unlimited ADVENTures In Sound,1,DJ Functionist (1),5,870,942,14:30,3,Cloonee,Be Good To Me,Be Good To Me - Single,Big Beat Records,2019,Dance,USAT21901815,https://www.shazam.com/track/461812510/be-good-to-me,125.0,0.8,124.0,-0.2
2025-12-05,Unlimited ADVENTures In Sound,1,DJ Functionist (1),6,960,1152,16:00,7,Barry Can't Swim,Sunsleeper,Sunsleeper - Single,Ninja Tune,2023,Electronic,GBCFB2200981,https://www.shazam.com/track/650573459/sunsleeper,125.0,0.8,124.0,-0.2
2025-12-05,Unlimited ADVENTures In Sound,1,DJ Functionist (1),7,1170,1272,19:30,3,DJ Deep,What's Going On,[QR]D.081.TSM.24 - Single,COD3 QR,2024,Dance,NLZ9U2400012,https://www.shazam.com/track/694230804/whats-going-on,,0.8,,-0.1
2025-12-05,Unlimited ADVENTures In Sound,1,DJ Functionist (1),8,1290,1602,21:30,11,Kapote,Berlin Boogie Town (Extended Version),,,,Electronic,,https://www.shazam.com/track/800152756/berlin-boogie-town-extended-version,125.0,0.8,124.0,-0.2
2025-12-05,Unlimited ADVENTures In Sound,1,DJ Functionist (1),9,1620,1872,27:00,8,Stardust,Music Sounds Better with You,Music Sounds Better with You - Single,Because Music,1998,Electronic,FR11Q9800000,https://www.shazam.com/track/5907610/music-sounds-better-with-you,125.0,0.6,124.2,-0.5
2025-12-05,Unlimited ADVENTures In Sound,1,DJ Functionist (1),10,1920,1992,32:00,3,Manu Dibango,Soul Makossa,Soul Makossa,GDP,1972,World,GBHCD1361335,https://www.shazam.com/track/55316624/soul-makossa,,7.2,,-0.3
2025-12-05,Unlimited ADVENTures In Sound,1,DJ Functionist (1),11,2400,2622,40:00,8,DJ T.,Funk On You (T.'s 2025 Re-Shape),Funk On You (Remixes) - EP,Get Physical Music,2025,Electronic,DEBE72500018,https://www.shazam.com/track/807493651/funk-on-you-t-s-2025-re-shape,125.0,-0.1,125.1,-0.1
2025-12-05,Unlimited ADVENTures In Sound,1,DJ Functionist (1),12,2670,2832,44:30,4,Robin S.,Show Me Love,Show Me Love,Atlantic Records,1990,Pop,USAT29300075,https://www.shazam.com/track/5918573/show-me-love,125.1,1.7,123.0,0.8
2025-12-05,Unlimited ADVENTures In Sound,1,DJ Functionist (1),13,2850,3072,47:30,6,Mood II Swing,Closer (feat. Carole Sylvan) [The Deepshakerz Extended Rework],Closer (feat. Carole Sylvan) [Remixes],King Street Sounds,1994,House,USA671700077,https://www.shazam.com/track/342908851/closer-feat-carole-sylvan-the-deepshakerz-extended-rework,125.0,1.6,123.0,0.5
2025-12-05,Unlimited ADVENTures In Sound,1,DJ Functionist (1),14,3180,3402,53:00,2,Phil Weeks & Mikey V,Spinnin',Spinnin' - EP,Robsoul,2023,Dance,FR48Z2300031,https://www.shazam.com/track/658443711/spinnin,125.0,-0.0,125.0,-0.0
2025-12-05,Unlimited ADVENTures In Sound,1,DJ Functionist (1),15,3210,3282,53:30,3,Solee,Shanti,Out of Nowhere,Parquet Recordings,2014,Electronic,DEH741409119,https://www.shazam.com/track/155952375/shanti,125.0,1.6,123.0,-0.3
2025-12-05,Unlimited ADVENTures In Sound,2,DJ Functionist (2),1,60,252,1:00,7,Sophie Ellis-Bextor,Murder On The Dancefloor,Murder On The Dancefloor (Edits),UMC (Universal Music Catalogue),2001,Pop,GBAKW0100229,https://www.shazam.com/track/20029574/murder-on-the-dancefloor,124.9,6.6,117.2,-0.1
2025-12-05,Unlimited ADVENTures In Sound,2,DJ Functionist (2),2,330,582,5:30,9,Dino Lenny,Lose Control (Tea with Quincy Mix),Lose Control - Single,R&S Records,2024,House,BEZ352400057,https://www.shazam.com/track/695353176/lose-control-tea-with-quincy-mix,125.1,-0.8,126.1,-0.1
2025-12-05,Unlimited ADVENTures In Sound,2,DJ Functionist (2),3,720,852,12:00,3,Chris Fortier & Neil Kolo,All I Got (Chris Fortier 20yr Dub),All I Got (Chris Fortier Remixes) - EP,Fade Records,2015,Techno,QMPNN1200220,https://www.shazam.com/track/297000567/all-i-got-chris-fortier-20yr-dub,125.2,1.7,123.1,1.2
2025-12-05,Unlimited ADVENTures In Sound,2,DJ Functionist (2),4,870,1092,14:30,8,Jungle,Keep Moving (The Blessed Madonna Remix),Keep Moving (The Blessed Madonna remix) - Single,Caiola Records,2021,Electronic,GBKPL2148972,https://www.shazam.com/track/564501338/keep-moving-the-blessed-madonna-remix,125.0,-0.8,126.0,-0.1
2025-12-05,Unlimited ADVENTures In Sound,2,DJ Functionist (2),5,1110,1332,18:30,7,Massivedrum,The Bomb 2K17,,,,House,,https://www.shazam.com/track/363808524/the-bomb-2k17,126.0,-0.0,126.0,-0.0
2025-12-05,Unlimited ADVENTures In Sound,2,DJ Functionist (2),6,1350,1482,22:30,4,Mainline Magic Orchestra,Xumba Xumba (Eden Burns Remix),Xumba Xumba (Eden Burns Remix) - Single,Public Possession,2021,House,DEVH21800397,https://www.shazam.com/track/583274989/xumba-xumba-eden-burns-remix,125.3,-0.8,126.3,-0.1
2025-12-05,Unlimited ADVENTures In Sound,2,DJ Functionist (2),7,1500,1722,25:00,6,NEIL FRANCES,Energy (feat. DRAMA) [Ewan Mcvicar '05 Remix],It's All a Bit Fuzzy (Remixes) - EP,Nettwerk Music Group,2024,Dance,CAN112400677,https://www.shazam.com/track/693326088/energy-feat-drama-ewan-mcvicar-05-remix,125.0,-0.8,126.0,-0.2
2025-12-05,Unlimited ADVENTures In Sound,2,DJ Functionist (2),8,1770,1932,29:30,6,Idris Muhammad,Could Heaven Ever Be Like This,Turn This Mutha Out,CTI,1977,Jazz,USSM11405937,https://www.shazam.com/track/10454200/could-heaven-ever-be-like-this,125.2,-0.8,126.3,-0.1
2025-12-05,Unlimited ADVENTures In Sound,2,DJ Functionist (2),9,1950,2262,32:30,8,Mac-Kee,Control (Luna City Express Remix),Control - Single,Groovers Traxx,2025,House,DEPQ62501617,https://www.shazam.com/track/830099483/control-luna-city-express-remix,126.0,0.0,126.0,-0.0
2025-12-05,Unlimited ADVENTures In Sound,2,DJ Functionist (2),10,2280,2532,38:00,5,Mike Dunn & Mr. 69,Phreaky Mf (Mike Dunn's Phreak Mixx) [Mixed],4 to the Floor Radio Episode 005 (Presented by Seamus Haji) [DJ Mix],4 To The Floor Records,2008,Dance,GBCPZ2018425,https://www.shazam.com/track/526638629/phreaky-mf-mike-dunns-phreak-mixx-mixed,125.0,-0.0,125.1,-0.2
2025-12-05,Unlimited ADVENTures In Sound,2,DJ Functionist (2),11,2580,2772,43:00,7,Cut Copy,Still See Love,Moments,Cutters Records,2025,Dance,AUQJ32504303,https://www.shazam.com/track/829035896/still-see-love,125.4,0.8,124.4,-0.2
2025-12-05,Unlimited ADVENTures In Sound,2,DJ Functionist (2),12,3090,3282,51:30,7,Bontan,Forever,Forever - Single,North Drum,2025,House,US38Y2542748,https://www.shazam.com/track/824525833/forever,125.0,0.1,124.9,-0.1
2025-12-05,Unlimited ADVENTures In Sound,2,DJ Functionist (2),13,3300,3432,55:00,5,Cassius,Dance On,Dance On - Single,Love Supreme / Justice,2025,Electronic,FR9W12551221,https://www.shazam.com/track/840151773/dance-on,125.0,0.0,125.0,0.0
2025-12-05,Unlimited ADVENTures In Sound,3,DJ Beware,1,0,372,0:00,12,Mr. Ho,OOO Baby (Om Unit Remix),000 Baby (Om Unit Remix) - Single,Klasse Wrecks,2024,Dance,NLL561908794,https://www.shazam.com/track/694332923/ooo-baby-om-unit-remix,134.0,-0.7,135.0,-0.8
2025-12-05,Unlimited ADVENTures In Sound,3,DJ Beware,2,2040,2112,34:00,3,Rank 1,Airwave (Radio Vocal Edit),Airwave,Be Yourself Music,2000,Trance,NLE800510001,https://www.shazam.com/track/45063022/airwave-radio-vocal-edit,134.0,-1.3,135.8,0.2
2025-12-05,Unlimited ADVENTures In Sound,3,DJ Beware,3,2160,2262,36:00,4,Alice Deejay,Better Off Alone,Better Off Alone,Universal Music B.V.,1998,Dance,NLC529811129,https://www.shazam.com/track/229252/better-off-alone,134.0,-2.2,137.0,-0.3
2025-12-05,Unlimited ADVENTures In Sound,3,DJ Beware,4,2340,2472,39:00,3,Workout Trance & Workout Electronica,Mountain Top Hide out (129 BPM Techno Workout Remix),,,,Fitness & Workout,,https://www.shazam.com/track/452087503/mountain-top-hide-out-129-bpm-techno-workout-remix,100.5,3.9,96.7,4.1
2025-12-05,Unlimited ADVENTures In Sound,3,DJ Beware,5,2400,2562,40:00,2,Brooklyn Bounce,Get Ready to Bounce (Short Mix),,,,Dance,,https://www.shazam.com/track/67477415/get-ready-to-bounce-short-mix,117.3,-1.3,118.8,-0.9
2025-12-05,Unlimited ADVENTures In Sound,3,DJ Beware,6,2610,2922,43:30,3,Ron Carroll,Get with Him (Ron Carroll's Spirit Filled Mix),"Get with Him (feat. Amadeus, Church Is One Foundation & Testament) - EP",Strictly Hype Records,2001,Dance,QMV8X1200334,https://www.shazam.com/track/442176264/get-with-him-ron-carrolls-spirit-filled-mix,134.0,5.5,127.0,4.8
2025-12-05,Unlimited ADVENTures In Sound,3,DJ Beware,7,2640,2952,44:00,6,Pancratio,Deep Beat,Automatic House,Faith Beat,2025,Dance,NLL562503898,https://www.shazam.com/track/842763175/deep-beat,134.0,4.7,128.0,4.6
2025-12-12,Unlimited,1,Unlimited (1),1,330,432,5:30,2,D Double E,Bad 2 tha Bone,Pumpin' It Out - EP,Dirtee Stank Recordings Ltd,2010,Hip-Hop/Rap,GBPVV1200791,https://www.shazam.com/track/52922986/bad-2-tha-bone,,-0.1,,-0.0
2025-12-12,Unlimited,1,Unlimited (1),2,570,762,9:30,6,Space Echo,Party Together,Together EP,Luv Shack Records,2017,Electronic,ATMJ91102602,https://www.shazam.com/track/371970555/party-together,122.0,0.4,121.5,-0.1
2025-12-12,Unlimited,1,Unlimited (1),3,1050,1122,17:30,2,Andre Salmon,Verkro,Endless Pleasure - Single,Not So Secret,2017,Electronic,DEH741712991,https://www.shazam.com/track/373202973/verkro,122.0,-2.4,125.0,-0.7
2025-12-12,Unlimited,1,Unlimited (1),4,1140,1392,19:00,8,Still Going,Still Going Theme,Still Going Theme - Single,DFA Records,2007,Electronic,US4GE0700094,https://www.shazam.com/track/45217600/still-going-theme,122.0,-0.8,123.0,-0.1
2025-12-12,Unlimited,1,Unlimited (1),5,1410,1872,23:30,14,Ray Mang,Look Into My Eyes,Bullet Proof - Single,DFA Records,2010,Electronic,US4GE0900137,https://www.shazam.com/track/51739340/look-into-my-eyes,110.0,0.0,110.0,-0.0
2025-12-12,Unlimited,1,Unlimited (1),6,1890,2022,31:30,4,Alphonse Mouzon,I'm Glad That You're Here,"Italo Disco Babies 1978-1985: Rare Disco & Funk Dance Hits, Vol. 3",HEROES Music Fund,2025,Disco,USA2P2557885,https://www.shazam.com/track/82980263/im-glad-that-youre-here,114.2,-2.8,117.4,-0.2
2025-12-12,Unlimited,1,Unlimited (1),7,2040,2142,34:00,3,Superprince,You Are Here,,,,,,https://www.shazam.com/track/438389470/you-are-here,114.0,-5.0,120.0,-0.2
2025-12-12,Unlimited,1,Unlimited (1),8,2190,2502,36:30,11,Yuksek & Bertrand Burgalat,Icare (Yuksek Remix),Icare - Single,Partyfine,2018,Electronic,FR10S1857215,https://www.shazam.com/track/408223516/icare-yuksek-remix,120.2,1.7,118.2,-0.1
2025-12-12,Unlimited,1,Unlimited (1),9,2520,2802,42:00,6,Fatback Band,Street Dance,Let's Do It Again,Silver Side Productions,1972,Funk,GB03A2200080,https://www.shazam.com/track/3045809/street-dance,120.1,1.5,118.3,-0.2
2025-12-12,Unlimited,1,Unlimited (1),10,2940,3132,49:00,2,PBR Streetgang,V.V.P.V.,V.V.P.V. - Single,Kurtz Records,2025,House,UKU932582790,https://www.shazam.com/track/847172570/v-v-p-v,120.1,-4.0,125.1,-0.1
2025-12-12,Unlimited,1,Unlimited (1),11,3270,3402,54:30,5,Raw Silk,Do It to the Music (Michael Gray Dub Mix),Do It to the Music (Michael Gray Remix) - Single,Fool's Paradise,2005,House,QMRSZ2400074,https://www.shazam.com/track/688677800/do-it-to-the-music-michael-gray-dub-mix,120.0,-0.8,121.0,-0.1
2025-12-12,Unlimited,2,Unlimited (2),1,60,342,1:00,6,Claude VonStroke,Bam Bam (feat. Honeycomb),Noche Clara (feat. Honeycomb) - Single,Crosstown Rebels,2025,Dance,GB7NR2534203,https://www.shazam.com/track/847618041/bam-bam-feat-honeycomb,125.0,-0.0,125.0,-0.0
2025-12-12,Unlimited,2,Unlimited (2),2,180,222,3:00,2,Angy Kore,My Case,NAKED LUNCH 400 - Part IV of IV,Naked Lunch Records,2017,Techno,PT9BS1700155,https://www.shazam.com/track/364607109/my-case,124.9,-0.6,125.7,-0.2
2025-12-12,Unlimited,2,Unlimited (2),3,360,672,6:00,11,Dino Lenny,Not About The Volume (Extended),Not About The Volume - EP,Rekids,2025,Dance,GBLTF2500169,https://www.shazam.com/track/847592181/not-about-the-volume-extended,125.0,-0.1,125.1,-0.1
2025-12-12,Unlimited,2,Unlimited (2),4,690,1062,11:30,13,PBR Streetgang,V.V.P.V.,V.V.P.V. - Single,Kurtz Records,2025,House,UKU932582790,https://www.shazam.com/track/847172570/v-v-p-v,125.0,0.0,125.0,-0.0
2025-12-12,Unlimited,2,Unlimited (2),5,1140,1452,19:00,10,Session Victim,Broken Coast (feat. Viken Arman),Sidequests Chapter Three - EP,Delusions of Grandeur,2025,Electronic,GBZHR2500451,https://www.shazam.com/track/840332633/broken-coast-feat-viken-arman,125.0,1.6,123.0,-0.1
2025-12-12,Unlimited,2,Unlimited (2),6,1740,1962,29:00,4,Tensnake & Gerd Janson,Push,Push,Armada Music,2025,House,NLF712506322,https://www.shazam.com/track/842307984/push,125.0,-0.0,125.0,-0.1
2025-12-12,Unlimited,2,Unlimited (2),7,1800,2412,30:00,5,Paperclip People,Throw (Slam's RTM Remix),Throw (Slam's RTM Remix) - Single,Planet E Communications,2011,Dance,USPC81201241,https://www.shazam.com/track/59935063/throw-slams-rtm-remix,125.0,-1.5,126.9,-0.8
2025-12-12,Unlimited,2,Unlimited (2),8,1920,2022,32:00,3,Jericho Ismael,Vibe (Nikola Dejic Remix),Vibe - The Remixes - Single,Pleasure Records,2015,House,UAPL11400070,https://www.shazam.com/track/228069923/vibe-nikola-dejic-remix,125.0,-0.0,125.0,0.1
2025-12-12,Unlimited,2,Unlimited (2),9,2220,2472,37:00,5,Tiger Stripes,I Heard It Through The Bassline (Extended),I Heard It Through The Bassline - Single,Rekids,2024,Dance,GBLTF2400113,https://www.shazam.com/track/711603660/i-heard-it-through-the-bassline-extended,125.0,-0.0,125.0,-0.0
2025-12-12,Unlimited,2,Unlimited (2),10,2340,2442,39:00,2,Todd Terry,Jumpin Original,The Dubs Part 2,InHouse Records,1993,Dance,US92E0610539,https://www.shazam.com/track/125463365/jumpin-original,125.2,1.8,123.0,1.7
2025-12-12,Unlimited,2,Unlimited (2),11,2490,2742,41:30,9,Joy Orbison & Léa Sen,better,still slipping vol. 1,XL Recordings,2021,Electronic,GBBKS2100089,https://www.shazam.com/track/575902127/better,125.0,0.8,124.0,-0.1
2025-12-12,Unlimited,2,Unlimited (2),12,2880,3132,48:00,8,Adam Beyer & Bart Skils,Your Mind,Your Mind - Single,Drumcode,2018,Dance,GBUR61700227,https://www.shazam.com/track/426890177/your-mind,125.0,-0.8,126.0,-0.1
2025-12-12,Unlimited,2,Unlimited (2),13,3180,3402,53:00,3,Gigi D'Agostino,Elisir,L'amour Toujours,ZYX Music,1998,Dance,DEA319908470,https://www.shazam.com/track/20082538/elisir,125.0,-3.8,130.0,-4.3
2025-12-12,Unlimited,2,Unlimited (2),14,3240,3432,54:00,3,ATB,9 P.M. (Till I Come),Movin' Melodies,Kontor Records,1999,Dance,DEN060301020,https://www.shazam.com/track/20066191/9-p-m-till-i-come,125.0,-4.0,130.2,-4.7
2025-12-12,Unlimited,2,Unlimited (2),15,3360,3462,56:00,2,Andrea Frisina & Irregular Synth,Dub City,The Sound of Darkness Vol. 2,Gate Null Recordings,2014,Hardcore,FR6V82105384,https://www.shazam.com/track/103544543/dub-city,125.0,-3.8,129.9,-2.5
2025-12-12,Unlimited,3,Unlimited (3),1,60,312,1:00,6,Robag Wruhme,Ratibor Numida - Single,Ratibor Numida - Single,Cocoon Recordings,2025,Techno,DEQ202500020,https://www.shazam.com/track/844295679/ratibor-numida-single,126.0,0.0,126.0,-0.1
2025-12-12,Unlimited,3,Unlimited (3),2,210,252,3:30,2,Chris Drifter,Flashback (Matt Time Remix),Flashback EP,Patent Skillz,2014,Dance,US83Z1505886,https://www.shazam.com/track/160972753/flashback-matt-time-remix,126.0,2.5,122.9,-0.2
2025-12-12,Unlimited,3,Unlimited (3),3,330,702,5:30,12,Butch,Straight Tripping - Single,Straight Tripping - Single,Cocoon Recordings,2025,Electronic,DEQ202500022,https://www.shazam.com/track/843812399/straight-tripping-single,125.2,0.0,125.2,-0.0
2025-12-12,Unlimited,3,Unlimited (3),4,720,1062,12:00,12,JA:CK,Neverland - Single,Neverland - Single,Cocoon Recordings,2025,Techno,DEQ202500021,https://www.shazam.com/track/843581342/neverland-single,132.4,1.8,130.0,-0.1
2025-12-12,Unlimited,3,Unlimited (3),5,1800,2202,30:00,14,PBR Streetgang,V.V.P.V. (Das Komplex Remix),V.V.P.V. - Single,Kurtz Records,2025,House,UKU932582792,https://www.shazam.com/track/847004552/v-v-p-v-das-komplex-remix,123.2,0.8,122.1,-0.2
2025-12-12,Unlimited,3,Unlimited (3),6,2250,2472,37:30,7,Stogov & Alexey Zhurba,The Dream of Life,The Dream of Life - EP,Lisztomania Records,2025,House,GBKQU2511953,https://www.shazam.com/track/812802522/the-dream-of-life,123.2,0.8,122.2,-0.2
2025-12-12,Unlimited,3,Unlimited (3),7,2490,2772,41:30,6,Addison Groove,F1nk,F1nk - Single,Groove,2018,Disco,FR96X1805813,https://www.shazam.com/track/439131037/f1nk,123.0,-0.8,124.0,-0.1
2025-12-12,Unlimited,3,Unlimited (3),8,2550,2742,42:30,4,Antonio Carlos e Jocafi,Simbarerê,Cada Segundo,Sony Music Entertainment,1972,MPB,BRBMG7200045,https://www.shazam.com/track/5380543/simbarer%C3%AA,123.1,2.8,119.8,-0.8
2025-12-12,Unlimited,3,Unlimited (3),9,2790,3072,46:30,10,Basement Jaxx & Slarta John,Jump 'N Shout (Sébastien Léger Extended Remix),Jump 'N Shout (Sébastien Léger Remix) - Single,Lost Miracle,2025,Dance,GBBKS2500722,https://www.shazam.com/track/849751917/jump-n-shout-se-bastien-le-ger-extended-remix,123.2,-0.8,124.2,-0.0
2025-12-19,Unlimited,1,Unlimited Best of Classix 1,1,30,372,0:30,11,Discotron,Disco Ballin',Disco Ballin' - Single,Tasty Recordings,2015,Electronic,GBRBN1500026,https://www.shazam.com/track/238540965/disco-ballin,112.0,0.0,112.0,0.0
2025-12-19,Unlimited,1,Unlimited Best of Classix 1,2,570,972,9:30,14,Grace Jones,Pull Up To The Bumper (Joey Negro Bumper To Bumper Mix) [Mixed],NYE 2022 (DJ Mix),Apple Music,2021,R&B/Soul,US23A1918703,https://www.shazam.com/track/312259522/pull-up-to-the-bumper-joey-negro-bumper-to-bumper-mix-mixed,112.0,0.0,112.0,-0.0
2025-12-19,Unlimited,1,Unlimited Best of Classix 1,3,990,1302,16:30,11,Kariya,Let Me Love You for Tonight (House Club Version),Let Me Love You for Tonight - EP,Sleeping Bag Records,1987,Dance,QMV7Z1500170,https://www.shazam.com/track/10357067/let-me-love-you-for-tonight-house-club-version,112.0,-0.0,112.1,-0.1
2025-12-19,Unlimited,1,Unlimited Best of Classix 1,4,1320,1452,22:00,4,Kelis,MILKSHAKE (Kelis' Version),MILKSHAKE (Kelis' Version) - Single,Knight & Shepherd Inc.,2025,R&B/Soul,QM24S2506275,https://www.shazam.com/track/842915427/milkshake-kelis-version,112.0,-3.1,115.6,-0.2
2025-12-19,Unlimited,1,Unlimited Best of Classix 1,5,1470,1722,24:30,9,Khruangbin & Quantic,Pelota (Cut a Rug Mix),Mordechai Remixes,Dead Oceans,2021,Alternative,USJ5G2023006,https://www.shazam.com/track/571967850/pelota-cut-a-rug-mix,112.1,-0.0,112.1,-0.0
2025-12-19,Unlimited,1,Unlimited Best of Classix 1,6,1740,1962,29:00,8,Jungle,Keep Moving,Loving in Stereo,Caiola Records,2021,Electronic,GBKPL2144811,https://www.shazam.com/track/559511392/keep-moving,112.0,0.4,111.5,-0.1
2025-12-19,Unlimited,1,Unlimited Best of Classix 1,7,2010,2652,33:30,22,Alex Kassian & Manuel Göttsching,E2-E4 (A reference to E2-E4 by Manuel Gottsching),E2-E4 (A reference to E2-E4 by Manuel Gottsching) - EP,MG.ART,2024,House,DECY52400930,https://www.shazam.com/track/698587250/e2-e4-a-reference-to-e2-e4-by-manuel-gottsching,111.9,-0.0,111.9,-0.1
2025-12-19,Unlimited,2,Unlimited Best of Classix 2,1,30,222,0:30,7,The Streets,Turn the Page,Original Pirate Material,679 Recordings UK. Ltd.,2002,Pop,GBFFS0200001,https://www.shazam.com/track/10091134/turn-the-page,129.9,2.4,126.9,0.0
2025-12-19,Unlimited,2,Unlimited Best of Classix 2,2,630,1062,10:30,15,Inkswel,Space Love (feat. Robert Owens & Leonard Charles) [Yoruba Soul Remix],Space Love,Cosmocities,2024,House,UKU932481064,https://www.shazam.com/track/696472018/space-love-feat-robert-owens-leonard-charles-yoruba,120.0,0.0,120.0,-0.0
2025-12-19,Unlimited,2,Unlimited Best of Classix 2,3,1200,1542,20:00,12,Quantic & Rationale,Unconditional (feat. Rationale),Dancing While Falling,Play It Again Sam,2023,R&B/Soul,GBENL2303596,https://www.shazam.com/track/673334636/unconditional-feat-rationale,126.2,-0.0,126.2,-0.0
2025-12-19,Unlimited,2,Unlimited Best of Classix 2,4,1590,1812,26:30,2,Gigi D'Agostino,Star,Tanzen E.P.,Media Records,2009,Dance,DEA310906851,https://www.shazam.com/track/48650648/star,,-4.6,,-5.0
2025-12-19,Unlimited,2,Unlimited Best of Classix 2,5,1620,1902,27:00,6,Moodymanc,Joy,Joy - Single,Exploited,2013,House,DEGL61300075,https://www.shazam.com/track/95257934/joy,124.0,-0.8,125.0,-0.0
2025-12-19,Unlimited,2,Unlimited Best of Classix 2,6,1650,1842,27:30,2,Andrea Frisina & Irregular Synth,Dub City,The Sound of Darkness Vol. 2,Gate Null Recordings,2014,Hardcore,FR6V82105384,https://www.shazam.com/track/103544543/dub-city,,-4.6,,-4.7
2025-12-19,Unlimited,2,Unlimited Best of Classix 2,7,2010,2262,33:30,2,Delerium,Silence (Niels Van Gogh Vs Thomas Gold Remix),The Essential Silence (feat. Sarah McLachlan),Nettwerk Music Group,1999,World,CAN110800339,https://www.shazam.com/track/46690833/silence-niels-van-gogh-vs-thomas-gold-remix,125.0,-2.3,128.0,0.5
2025-12-19,Unlimited,2,Unlimited Best of Classix 2,8,2070,2142,34:30,2,BLOND:ISH & ForgiveMeTommy!,We Like To Party (Rework),We Like To Party (Rework) - Single,ABRACADABRA Music,2024,Dance,QM4TX2425061,https://www.shazam.com/track/693858820/we-like-to-party-rework,125.1,0.0,125.1,-0.0
2025-12-19,Unlimited,2,Unlimited Best of Classix 2,9,2100,2232,35:00,3,Paul Keeley,A Sort of Homecoming (Michael Cassette Remix),A Sort of Homecoming,Anjunabeats,2006,Dance,GBEWA0800118,https://www.shazam.com/track/46128363/a-sort-of-homecoming-michael-cassette-remix,125.0,-0.6,125.8,0.1
2025-12-19,Unlimited,2,Unlimited Best of Classix 2,10,2280,2322,38:00,2,Eli Brown,Come Together (Extended Mix) [Mixed],Come Together Mix (DJ Mix),Insomniac Music Group,2020,Dance,US23A1502345,https://www.shazam.com/track/488010256/come-together-extended-mix-mixed,124.9,-1.6,127.0,-1.4
2025-12-19,Unlimited,2,Unlimited Best of Classix 2,11,2670,2892,44:30,5,Hawke & God Within,Acid Funk (Rabbit In The Moon Remix),Acid Funk (Remixes) - EP,DIRTYBIRD,2024,Electronic,USUYG1535761,https://www.shazam.com/track/692293387/acid-funk-rabbit-in-the-moon-remix,125.5,-2.1,128.2,-2.1
2025-12-19,Unlimited,2,Unlimited Best of Classix 2,12,2700,3012,45:00,7,Robin S.,Luv 4 Luv (Stone's Radio Edit),Luv 4 Luv,Champion Records,1993,Pop,GBBXG0920101,https://www.shazam.com/track/20066439/love-for-love,125.3,1.9,122.9,1.0
2025-12-19,Unlimited,3,Unlimited Best of Classix 3,1,60,372,1:00,10,Robyn,Between The Lines (Louie Vega Remix) [Mixed],"Big Fish Little Fish: Mark Force at New Cross, Mar 18, 2023 (DJ Mix)",,2023,Breakbeat,US23A2010751,https://www.shazam.com/track/462235795/between-the-lines-louie-vega-remix-mixed,129.0,4.0,124.0,-0.1
2025-12-19,Unlimited,3,Unlimited Best of Classix 3,2,420,612,7:00,2,Mood II Swing,Closer (feat. Carole Sylvan) [The Deepshakerz Extended Rework],Closer (feat. Carole Sylvan) [Remixes],King Street Sounds,1994,House,USA671700077,https://www.shazam.com/track/342908851/closer-feat-carole-sylvan-the-deepshakerz-extended-rework,128.8,4.9,122.8,4.3
2025-12-19,Unlimited,3,Unlimited Best of Classix 3,3,450,642,7:30,2,DEADWALKMAN,Rhythm 11,Early Years,Black Traxx Series,2018,Dance,FRX282545867,https://www.shazam.com/track/472062280/rhythm-11,129.1,-0.9,130.2,-1.2
2025-12-19,Unlimited,3,Unlimited Best of Classix 3,4,870,1002,14:30,5,Mobb Deep & Nick Morgan,"Shook Ones, Pt. III","Shook Ones, Pt. III - Single","Ultra Records, LLC",2024,Dance,USRC12401954,https://www.shazam.com/track/675856363/shook-ones-pt-iii,129.0,2.4,126.0,-0.0
2025-12-19,Unlimited,4,DJ Beware,1,1320,1572,22:00,9,Rakim Under,Vice (feat. M.C. Jack),,,,Breakbeat,,https://www.shazam.com/track/684100639/vice-feat-m-c-jack,128.0,4.1,122.9,4.1
2025-12-19,Unlimited,4,DJ Beware,2,2280,2652,38:00,3,Taylor Swift & Chris Lake,Opalite (Chris Lake Remix),Opalite (Chris Lake Remix) - Single,Taylor Swift,2026,Pop,USUG12600949,https://www.shazam.com/track/863407577/opalite-chris-lake-remix,128.0,-1.5,130.0,-2.3
2025-12-19,Unlimited,4,DJ Beware,3,2310,2712,38:30,6,Jho Roscioli,Supermodel Thick,Supermodel Thick - Single,CUFF,2023,House,GBKQU2352546,https://www.shazam.com/track/668565858/supermodel-thick,128.1,-1.5,130.1,-2.3
2025-12-19,Unlimited,4,DJ Beware,4,3420,3582,57:00,6,DJ Absolutely Shit,Close Your Eyes (Acid Whisper Mix),Gross Misconduct In The Workplace - Single,Klasse Wrecks,2025,Electronic,NLL561908813,https://www.shazam.com/track/812712911/close-your-eyes-acid-whisper-mix,128.1,-0.0,128.1,-0.0
2025-12-26,Unlimited,1,DJ Functionist Last Unlimited 2025,1,60,312,1:00,9,"MOTSA, Jody Wisternoff & James Grant",Feel This Way,Feel This Way - Single,Anjunadeep,2025,Dance,GBEWA2500780,https://www.shazam.com/track/702457269/feel-this-way,124.0,0.0,124.0,-0.0
2025-12-26,Unlimited,1,DJ Functionist Last Unlimited 2025,2,360,552,6:00,7,High Contrast,If We Ever (Unglued Remix),If We Ever (Unglued Remix) - Single,Highly Contrasting,2007,Dance,GBCJY1800069,https://www.shazam.com/track/434034480/if-we-ever-unglued-remix,,-0.1,,0.0
2025-12-26,Unlimited,1,DJ Functionist Last Unlimited 2025,3,570,762,9:30,7,Jorja Smith,The Way I Love You,The Way I Love You - Single,FAMM,2025,House,QM6N22554054,https://www.shazam.com/track/820077415/the-way-i-love-you,136.1,0.0,136.1,-0.0
2025-12-26,Unlimited,1,DJ Functionist Last Unlimited 2025,4,780,1032,13:00,9,Bicep,CHROMA 001 HELIUM,CHROMA 000,CHROMA,2024,Electronic,GBCFB2300704,https://www.shazam.com/track/682456601/chroma-001-helium,137.0,0.0,137.0,-0.0
2025-12-26,Unlimited,1,DJ Functionist Last Unlimited 2025,5,1050,1242,17:30,7,Barry Can't Swim,Different,Loner,Ninja Tune,2025,Electronic,GBCFB2501489,https://www.shazam.com/track/813277558/different,135.0,0.0,135.0,-0.0
2025-12-26,Unlimited,1,DJ Functionist Last Unlimited 2025,6,1260,1422,21:00,6,"Fred again.., Skepta & PlaqueBoyMax",Victory Lap,USB,Atlantic Records UK,2025,Electronic,GBAHS2500558,https://www.shazam.com/track/828147766/victory-lap,140.1,-0.0,140.1,-0.0
2025-12-26,Unlimited,1,DJ Functionist Last Unlimited 2025,7,1440,1602,24:00,6,L.P. Rhythm,Versatile,Versatile - Single,Disorder,2025,House,USA2P2532235,https://www.shazam.com/track/830098903/versatile,131.1,0.0,131.1,-0.0
2025-12-26,Unlimited,1,DJ Functionist Last Unlimited 2025,8,1680,1812,28:00,5,Peggy Gou,D.A.N.C.E (From F1® The Movie),D.A.N.C.E (From F1® The Movie) - Single,Atlantic Records,2025,Dance,USAT22504043,https://www.shazam.com/track/822526562/d-a-n-c-e-from-f1-the-movie,132.9,0.0,132.9,-0.0
2025-12-26,Unlimited,1,DJ Functionist Last Unlimited 2025,9,1830,2232,30:30,9,Radio Slave,All Rize (feat. Kameelah Waheed) [Harry Romero Remix Dub],All Rize (Remixes) [feat. Kameelah Waheed] - Single,Rekids,2025,Dance,GBLTF2500142,https://www.shazam.com/track/841623829/all-rize-feat-kameelah-waheed-harry-romero-remix-dub,128.1,-0.0,128.1,-0.0
2025-12-26,Unlimited,1,DJ Functionist Last Unlimited 2025,10,2250,2592,37:30,12,Basement Jaxx & Slarta John,Jump 'N Shout (Sébastien Léger Extended Remix),Jump 'N Shout (Sébastien Léger Remix) - Single,Lost Miracle,2025,Dance,GBBKS2500722,https://www.shazam.com/track/849751917/jump-n-shout-se-bastien-le-ger-extended-remix,124.0,0.0,124.0,-0.0
2025-12-26,Unlimited,2,DJ Functionist Zwischenzeit Mix,1,270,312,4:30,2,House Guests,Autostate,,,,Electronic,,https://www.shazam.com/track/226039490/autostate,,-3.8,,-3.3
2025-12-26,Unlimited,2,DJ Functionist Zwischenzeit Mix,2,420,702,7:00,2,Victor Vera,Pressure (Daniel Sbert Remix),Pressure - Single,Unity Records,2015,House,CAH4R1300235,https://www.shazam.com/track/243386494/pressure-daniel-sbert-remix,131.0,3.9,126.0,4.0
2025-12-26,Unlimited,2,DJ Functionist Zwischenzeit Mix,3,780,1032,13:00,8,Paperkraft,Play Somethin' Nasty,Somethin' Nasty - EP,Big Saldo's Chunkers,2025,House,GBLV62500252,https://www.shazam.com/track/841658313/play-somethin-nasty,131.0,-1.5,133.0,-0.2
2025-12-26,Unlimited,2,DJ Functionist Zwischenzeit Mix,4,1530,1692,25:30,2,Radio Slave,Another Club,Another Club / Feel the Same - Single,Rekids,2017,Techno,GBLTF1700003,https://www.shazam.com/track/339669209/another-club,131.0,3.2,127.0,2.3
2025-12-26,Unlimited,2,DJ Functionist Zwischenzeit Mix,5,1650,2232,27:30,5,Gigi D'Agostino,Bla Bla Bla (Dark Mix),Bla Bla Bla,ZYX Music,1999,Dance,DEA310006040,https://www.shazam.com/track/48852195/bla-bla-bla-dark-mix,131.0,-3.6,135.8,0.6
2025-12-26,Unlimited,2,DJ Functionist Zwischenzeit Mix,6,1830,1992,30:30,4,"PARTYOF2, Jadagrace & SWIM",JUST DANCE 2,AMERIKA’S NEXT TOP PARTY!,Def Jam Recordings,2025,Hip-Hop/Rap,USUM72507766,https://www.shazam.com/track/834040374/just-dance-2,131.0,2.4,128.0,3.1
2025-12-26,Unlimited,2,DJ Functionist Zwischenzeit Mix,7,2040,2262,34:00,2,Sash!,Mysterious Times (feat. Tina Cousins),Life Goes On,High Fashion Music,1998,Dance,DEF069805650,https://www.shazam.com/track/11222299/mysterious-times-feat-tina-cousins,131.0,-2.3,134.1,-1.8
2025-12-26,Unlimited,2,DJ Functionist Zwischenzeit Mix,8,2520,2712,42:00,6,Jex Opolis,Lizard,Apocalypse - EP,Good Timin’,2024,Electronic,CAOJ22400008,https://www.shazam.com/track/703075201/lizard,131.2,1.5,129.2,0.0
2025-12-26,Unlimited,2,DJ Functionist Zwischenzeit Mix,9,2760,2982,46:00,4,Mousse T. & Hot 'n' Juicy,Horny '98 (Extended Mix) [Mixed] [Mixed],Glitterbox - Catch the Beat (DJ Mix),Glitterbox Recordings,2019,Dance,GBCPZ1916404,https://www.shazam.com/track/10502624/horny-98-extended-mix-mixed-mixed,131.0,2.4,128.0,1.5
2025-12-26,Unlimited,2,DJ Functionist Zwischenzeit Mix,10,2790,3042,46:30,5,Fragma,Toca's Miracle (Radio Edit),Toca (20th Anniversary Edition),Front of House Recordings,2000,Dance,DEP992200001,https://www.shazam.com/track/49803917/tocas-miracle-radio-edit,131.2,-0.8,132.3,0.7
2025-12-26,Unlimited,2,DJ Functionist Zwischenzeit Mix,11,3120,3282,52:00,2,Nic Fanciulli,Set Me Free (feat. Robert Courtois) [Franky Rizardo Extended Remix],Set Me Free (feat. Robert Courtois) [Franky Rizardo Remix] - Single,Saved Records,2025,Dance,GBCPZ2525036,https://www.shazam.com/track/852868154/set-me-free-feat-robert-courtois-franky-rizardo-extended,,2.4,,1.3
2025-12-26,Unlimited,2,DJ Functionist Zwischenzeit Mix,12,3330,3432,55:30,4,Egypt,In the Morning (Let Your Love Come In) [Radio Edit],In the Morning (Let Your Love Come In) - EP,Relentless/Virgin,2009,Dance,GBAAA0900779,https://www.shazam.com/track/49590631/in-the-morning-let-your-love-come-in-radio-edit,131.0,0.7,130.1,-0.2
2025-12-26,Unlimited,2,DJ Functionist Zwischenzeit Mix,13,4410,4482,1:13:30,3,M.I.A.,Bad Girls (Dem Slackers Remix),,,,,,https://www.shazam.com/track/63390380/bad-girls-dem-slackers-remix,,2.3,,-0.3
2025-12-26,Unlimited,3,DJ Beware,1,30,252,0:30,6,Grim Phunk,HELI OVER ME,Straight from Hell,Klasse Wrecks,2026,Dance,NLL561908847,https://www.shazam.com/track/862733749/heli-over-me,130.2,-1.5,132.2,-1.5
2025-12-26,Unlimited,3,DJ Beware,2,1140,1212,19:00,2,Airwolf Paradise,Only Man (feat. Paul Johnson),Only Man - EP,Diynamic Music,2023,House,DEDH72300047,https://www.shazam.com/track/660625648/only-man-feat-paul-johnson,129.9,1.4,128.1,-0.1
2025-12-26,Unlimited,3,DJ Beware,3,2850,3132,47:30,3,Elio Riso & Lucio Spain,Breaking Minds,Casual Creation Issue 25 (Disco Simphon Mix Music),Voltaire Music,2016,House,DEW871709072,https://www.shazam.com/track/313867991/breaking-minds,129.9,5.6,123.0,4.8
2026-01-02,Unlimited,1,DJ Functionist (1),1,120,162,2:00,2,OKPLUS & Emél,Get On Up (Art Of Tones Extended Remix),Get On Up (Art Of Tones Remix) - Single,Oysterdale Records,2025,House,NOB5V2500018,https://www.shazam.com/track/847172034/get-on-up-art-of-tones-extended-remix,123.7,1.7,121.7,0.1
2026-01-02,Unlimited,1,DJ Functionist (1),2,1020,1092,17:00,2,Robosonic & Klangkuenstler,Nuts,Mother Knows Best 4,Mother Recordings,2017,House,FRX201643179,https://www.shazam.com/track/337605660/nuts,126.0,2.4,123.0,1.7
2026-01-02,Unlimited,1,DJ Functionist (1),3,1050,1182,17:30,2,Joey Harmless,So Shady,City Vol. 2,Bear Fresh Records,2014,House,GBKQU1453199,https://www.shazam.com/track/133440582/so-shady,126.2,2.6,123.0,1.8
2026-01-02,Unlimited,1,DJ Functionist (1),4,1110,1152,18:30,2,Pianoman,Blurred (Pianoman Original Club Mix) [Mixed],Job Jobse at Dekmantel Festival 2022 (DJ Mix),,2022,Dance,US23A8838687,https://www.shazam.com/track/302358296/blurred-pianoman-original-club-mix-mixed,126.2,-2.8,129.9,-3.7
2026-01-02,Unlimited,1,DJ Functionist (1),5,1350,1512,22:30,2,Satoshi Tomiie,Resonant,Resonant EP,No.19 Music,2018,Techno,CA3V21800004,https://www.shazam.com/track/415535749/resonant,127.4,2.6,124.1,2.7
2026-01-02,Unlimited,1,DJ Functionist (1),6,1590,1632,26:30,2,Cappo & Mondragon,Comedown,Once Again - Single,Datagroove Music,2018,Dance,CA5KR1817058,https://www.shazam.com/track/426807065/comedown,128.3,4.1,123.2,4.5
2026-01-02,Unlimited,2,DJ Functionist (2),1,210,432,3:30,8,Daphni,Waiting So Long,Butterfly,Jiaolong,2025,Electronic,FRIDO2514020,https://www.shazam.com/track/844237324/waiting-so-long,133.6,0.2,133.3,-0.2
2026-01-02,Unlimited,2,DJ Functionist (2),2,480,672,8:00,3,Armin van Buuren & Perpetuous Dreamer,The Sound of Goodbye (Armin's Tribal Feel Mix),"The Sound of Goodbye, Pt. 1",Adrian & Raz,2001,Trance,NLC731100002,https://www.shazam.com/track/40211684/the-sound-of-goodbye-armins-tribal-feel-mix,133.6,-1.0,135.0,-0.2
2026-01-02,Unlimited,2,DJ Functionist (2),3,510,582,8:30,2,Rank 1,Airwave (Radio Vocal Edit),Airwave,Be Yourself Music,2000,Trance,NLE800510001,https://www.shazam.com/track/45063022/airwave-radio-vocal-edit,133.6,-1.6,135.8,0.7
2026-01-02,Unlimited,2,DJ Functionist (2),4,540,702,9:00,3,Daphni,Sad Piano House,Butterfly,Jiaolong,2025,Electronic,FRIDO2511354,https://www.shazam.com/track/823132165/sad-piano-house,133.6,-0.9,134.9,-0.1
2026-01-02,Unlimited,3,DJ Beware,1,30,282,0:30,2,Hil Oliver,Excuse,Late Afternoon - Single,Clinique Recordings,2020,Dance,US83Z2034553,https://www.shazam.com/track/538794956/excuse,124.9,1.7,122.8,1.6
2026-01-02,Unlimited,3,DJ Beware,2,1170,1482,19:30,3,The Shapeshifters,Lola's Theme,Sound Advice,Glitterbox Recordings,2006,Dance,GBGYY0500059,https://www.shazam.com/track/40047979/lolas-theme,125.0,-0.0,125.0,0.9
2026-01-02,Unlimited,3,DJ Beware,3,1200,1452,20:00,4,Tiësto,The Business,DRIVE,Atlantic Records,2020,Dance,CYA112000624,https://www.shazam.com/track/537668825/the-business,125.0,0.8,124.0,1.2
2026-01-02,Unlimited,3,DJ Beware,4,1260,1332,21:00,2,Aaron-Carl,My House (Dub o' Funk),,,,Electronic,,https://www.shazam.com/track/93761350/my-house-dub-o-funk,125.0,-0.5,125.6,-0.5
2026-01-02,Unlimited,3,DJ Beware,5,1500,1542,25:00,2,Spirit Catcher,Voo Doo Knight,Voo Doo Knight,Moodmusic,2004,Dance,DEY470904031,https://www.shazam.com/track/40819673/voo-doo-knight,125.0,-3.8,129.9,-3.9
2026-01-02,Unlimited,3,DJ Beware,6,1560,1692,26:00,3,Charles Manier,Change You,Tangent 2002: Disco Nouveau,Ghostly International,2002,Electronic,US2J70400511,https://www.shazam.com/track/40094731/change-you,124.8,-3.5,129.4,-3.6
2026-01-02,Unlimited,3,DJ Beware,7,1620,1812,27:00,5,Pigna People,Fregna the Age (Mixed),A Bugged Out Mix (DJ Mix),,2005,Electronic,US23A8125129,https://www.shazam.com/track/40933915/fregna-the-age-mixed,124.9,-3.9,130.0,-3.9
2026-01-02,Unlimited,3,DJ Beware,8,1890,2232,31:30,12,Raxon,Robotalia,Robotalia - Single,Cocoon Recordings,2023,Techno,DEQ202300013,https://www.shazam.com/track/667961645/robotalia,125.0,-2.3,128.0,-2.4
2026-01-02,Unlimited,3,DJ Beware,9,2250,2442,37:30,5,Anfisa Letyago,Rhythm Tension,Speicher 118 - Single,Kompakt Extra,2021,Electronic,DEU672100874,https://www.shazam.com/track/579824120/rhythm-tension,124.9,-3.9,129.9,-3.9
2026-01-02,Unlimited,3,DJ Beware,10,2310,2532,38:30,5,Maceo Plex,Solar Detroit,Solar Sampler - Single,Ellum,2015,Dance,GB7M21529002,https://www.shazam.com/track/276386320/solar-detroit,125.1,-2.2,128.0,-2.7
2026-01-02,Unlimited,3,DJ Beware,11,3030,3312,50:30,10,Zoo Brazil,Big Sister,,,,,,https://www.shazam.com/track/40626427/big-sister,125.0,0.8,124.0,0.7
2026-01-02,Unlimited,3,DJ Beware,12,3330,3612,55:30,10,Random Factor,Old News,Ricochet - EP,20/20 Vision Recordings,2024,Dance,GBEWY0300059,https://www.shazam.com/track/712958233/old-news,124.7,-1.8,127.0,-1.9
2026-01-09,Unlimited,1,DJ Functionist (1),1,30,192,0:30,6,Gorgon City & Interplanetary Criminal,Contact,Contact - Single,Warehouse Project Records,2026,Garage,USA2P2567678,https://www.shazam.com/track/852198019/contact,136.2,0.0,136.2,-0.0
2026-01-09,Unlimited,1,DJ Functionist (1),2,210,492,3:30,10,Hotmood,Hot Beat,Hot Beat - Single,Discoweey,2026,Electronic,GBLV62516299,https://www.shazam.com/track/850658617/hot-beat,120.3,0.0,120.3,0.0
2026-01-09,Unlimited,1,DJ Functionist (1),3,540,762,9:00,8,Theo Kottis,Turning Around,Turning Around - Single,Skint Records,2019,House,GB5KW1902105,https://www.shazam.com/track/469914080/turning-around,120.3,1.9,118.0,1.9
2026-01-09,Unlimited,1,DJ Functionist (1),4,840,1152,14:00,9,Rosie from the Block,Let Him Go,"Collective Sounds, Vol. 3 - 10 Years of Boogie Cafe",Boogie Cafe Records,2024,House,GBKQU2456315,https://www.shazam.com/track/704256259/let-him-go,119.2,1.9,117.0,1.9
2026-01-09,Unlimited,1,DJ Functionist (1),5,1200,1392,20:00,2,Spiller & Sophie Ellis-Bextor,Groovejet (If This Ain't Love) [Purple Disco Machine & Lorenz Rhode Extended Remix],Groovejet (If This Ain’t Love),Defected Records,2000,Dance,GBCPZ2119981,https://www.shazam.com/track/584223275/groovejet-if-this-aint-love-purple-disco-machine-lorenz,119.9,-3.3,124.0,-0.5
2026-01-09,Unlimited,1,DJ Functionist (1),6,1440,1692,24:00,9,Dam Swindle,That's Right (Edit),That's Right (Edit) - Single,Heist Recordings,2023,Electronic,NLYV52300046,https://www.shazam.com/track/677976767/thats-right-edit,119.8,-0.2,120.0,-0.2
2026-01-09,Unlimited,1,DJ Functionist (1),7,2010,2502,33:30,15,Prince,17 Days (Piano & a Microphone 1983 Version),Piano & a Microphone 1983,Warner Records,2018,Pop,USRH11801733,https://www.shazam.com/track/436882185/17-days-piano-a-microphone-1983-version,122.1,1.3,120.5,-0.0
2026-01-09,Unlimited,1,DJ Functionist (1),8,2550,2742,42:30,6,Wilson Simonal,Nem Vem Que Não Tem,"Alegria Alegria, Vol. 2",EMI Brazil,1967,MPB,BREMI6700074,https://www.shazam.com/track/3006766/nem-vem-que-n%C3%A3o-tem,125.0,2.9,121.6,-0.1
2026-01-09,Unlimited,1,DJ Functionist (1),9,2610,2772,43:30,2,Luca Lozano & Mr. Ho,Different Circles (Nicson Remix),Dobb Meep / Different Circles - EP,Disc Over Music,2014,Dance,DEKB71408970,https://www.shazam.com/track/105924064/different-circles-nicson-remix,125.4,2.5,122.4,-0.0
2026-01-09,Unlimited,1,DJ Functionist (1),10,3120,3342,52:00,3,Robosonic,Thankful,Worst Love - EP,OFF Spin,2012,House,DEDL81200766,https://www.shazam.com/track/68008669/thankful,120.0,1.6,118.1,-0.1
2026-01-09,Unlimited,2,DJ Functionist (2),1,240,552,4:00,10,Yuksek & Bertrand Burgalat,Icare (Yuksek Remix),Icare - Single,Partyfine,2018,Electronic,FR10S1857215,https://www.shazam.com/track/408223516/icare-yuksek-remix,118.0,0.0,118.0,-0.0
2026-01-09,Unlimited,2,DJ Functionist (2),2,630,762,10:30,3,Paperclip People,Throw (Slam's RTM Remix),Throw (Slam's RTM Remix) - Single,Planet E Communications,2011,Dance,USPC81201241,https://www.shazam.com/track/59935063/throw-slams-rtm-remix,125.0,-1.5,127.0,-0.7
2026-01-09,Unlimited,2,DJ Functionist (2),3,660,882,11:00,4,Tiger Stripes,I Heard It Through The Bassline (Extended),I Heard It Through The Bassline - Single,Rekids,2024,Dance,GBLTF2400113,https://www.shazam.com/track/711603660/i-heard-it-through-the-bassline-extended,125.2,0.0,125.2,0.0
2026-01-09,Unlimited,2,DJ Functionist (2),4,780,912,13:00,3,Zo,We Are On the Move (Joey Negro Revival Mix) [feat. Erro & Phonte],We Are On the Move (Joey Negro Revival Mix) [feat. Erro & Phonte] - Single,Z Records,2014,House,GBPKF1400044,https://www.shazam.com/track/122321713/we-are-on-the-move-joey-negro-revival-mix-feat-erro-phonte,125.0,1.7,122.9,-0.2
2026-01-09,Unlimited,2,DJ Functionist (2),5,990,1032,16:30,2,Bushbaby,Like This Like That,EVERY TIME,Southpoint,2025,Dance,UK9AV2502149,https://www.shazam.com/track/828593143/like-this-like-that,,-0.0,,-0.0
2026-01-09,Unlimited,2,DJ Functionist (2),6,1080,1302,18:00,4,Rank 1,Airwave (Radio Vocal Edit),Airwave,Be Yourself Music,2000,Trance,NLE800510001,https://www.shazam.com/track/45063022/airwave-radio-vocal-edit,,6.8,,0.7
2026-01-09,Unlimited,2,DJ Functionist (2),7,1320,1662,22:00,12,Black Loops,Electribe Sesh 11,Electribe Sesh 11 - Single,Aterral,2026,Electronic,DEH742537851,https://www.shazam.com/track/853020808/electribe-sesh-11,133.0,-0.0,133.0,-0.0
2026-01-09,Unlimited,3,DJ Functionist (3),1,30,192,0:30,5,Idris Muhammad,Could Heaven Ever Be Like This,Turn This Mutha Out,CTI,1977,Jazz,USSM11405937,https://www.shazam.com/track/10454200/could-heaven-ever-be-like-this,125.1,1.1,123.8,-0.1
2026-01-09,Unlimited,3,DJ Functionist (3),2,210,432,3:30,7,Mac-Kee,Control (Luna City Express Remix),Control - Single,Groovers Traxx,2025,House,DEPQ62501617,https://www.shazam.com/track/830099483/control-luna-city-express-remix,,0.0,,-0.0
2026-01-09,Unlimited,3,DJ Functionist (3),3,540,822,9:00,7,Mike Dunn & Mr. 69,Phreaky Mf (Mike Dunn's Phreak Mixx) [Mixed],4 to the Floor Radio Episode 005 (Presented by Seamus Haji) [DJ Mix],4 To The Floor Records,2008,Dance,GBCPZ2018425,https://www.shazam.com/track/526638629/phreaky-mf-mike-dunns-phreak-mixx-mixed,125.1,0.0,125.1,-0.2
2026-01-09,Unlimited,3,DJ Functionist (3),4,840,1002,14:00,6,Cut Copy,Still See Love,Moments,Cutters Records,2025,Dance,AUQJ32504303,https://www.shazam.com/track/829035896/still-see-love,124.9,0.8,123.9,-0.2
2026-01-09,Unlimited,3,DJ Functionist (3),5,1320,1542,22:00,8,Bontan,Forever,Forever - Single,North Drum,2025,House,US38Y2542748,https://www.shazam.com/track/824525833/forever,125.1,0.0,125.1,-0.1
2026-01-09,Unlimited,3,DJ Functionist (3),6,1560,1692,26:00,5,Cassius,Dance On,Dance On - Single,Love Supreme / Justice,2025,Electronic,FR9W12551221,https://www.shazam.com/track/840151773/dance-on,124.8,-0.0,124.8,0.0
2026-01-09,Unlimited,4,DJ Beware,1,30,432,0:30,14,Lime,On The Grid (Remix),12 Inch Classics,Unidisc Music Inc.,1993,Dance,CAU118313572,https://www.shazam.com/track/265459011/on-the-grid-remix,126.1,-0.1,126.3,-0.1
2026-01-09,Unlimited,4,DJ Beware,2,450,642,7:30,5,Fun Fun,Give up Your Fight (The Boxer Mix),"The 12"" Singles",X-Energy,1996,Dance,IT00D8700808,https://www.shazam.com/track/364130504/give-up-your-fight-the-boxer-mix,126.3,-0.1,126.5,-0.3
2026-01-09,Unlimited,4,DJ Beware,3,690,1032,11:30,11,Queen,The Invisible Man,The Miracle,Columbia,1989,Rock,GBUM71029633,https://www.shazam.com/track/220468/the-invisible-man,126.3,5.0,120.3,0.8
2026-01-09,Unlimited,4,DJ Beware,4,1080,1422,18:00,6,Pulse 8,Radio Morocco (Youth),,,,,,https://www.shazam.com/track/10276968/radio-morocco-youth,126.2,4.4,121.0,4.3
2026-01-09,Unlimited,4,DJ Beware,5,1860,1902,31:00,2,RÜFÜS DU SOL,Innerbloom,Bloom,Sweat It Out,2015,Dance,AUDCB1500639,https://www.shazam.com/track/296079919/innerbloom,126.1,1.3,124.5,-0.8
2026-01-09,Unlimited,4,DJ Beware,6,2490,2802,41:30,8,La Peña,A1,,,,Latino,,https://www.shazam.com/track/49377578/a1,126.0,0.8,125.0,0.8
2026-01-16,Unlimited,1,DJ Functionist Hour 1,1,150,552,2:30,13,Dam Swindle,Backyard Galaxy,Backyard Galaxy - EP,Heist Recordings,2025,Electronic,NLYV52500060,https://www.shazam.com/track/840096579/backyard-galaxy,130.3,2.4,127.3,-0.0
2026-01-16,Unlimited,1,DJ Functionist Hour 1,2,570,762,9:30,7,Daphni,Waiting So Long,Butterfly,Jiaolong,2025,Electronic,FRIDO2514020,https://www.shazam.com/track/844237324/waiting-so-long,130.0,-2.5,133.3,-0.2
2026-01-16,Unlimited,1,DJ Functionist Hour 1,3,780,972,13:00,4,DJ Vibe,The Underground,Global Grooves,Kaos Records Portugal,2000,Dance,QM4TX1726899,https://www.shazam.com/track/10525851/the-underground,130.0,1.7,127.9,1.8
2026-01-16,Unlimited,1,DJ Functionist Hour 1,4,900,1062,15:00,3,Sidney Charles & Archie Hamilton,The Future is Now,Reset - Single,Heavy House Society,2025,House,GXG4Y2500016,https://www.shazam.com/track/837824917/the-future-is-now,130.1,0.0,130.0,-0.0
2026-01-16,Unlimited,1,DJ Functionist Hour 1,5,1080,1242,18:00,2,Tiger Stripes,All Night Long (Extended),All Night Long - EP,Rekids,2025,Dance,GBLTF2500019,https://www.shazam.com/track/810385567/all-night-long-extended,125.3,0.5,124.7,-0.1
2026-01-16,Unlimited,1,DJ Functionist Hour 1,6,1140,1332,19:00,3,S.A.M.,Spotlight (feat. Sarah Ikumu) [Mousse T. Extended Shizzle Mix],Spotlight (feat. Sarah Ikumu) [Mousse T. Remix] - EP,Defected Records,2022,Dance,GBCPZ2220867,https://www.shazam.com/track/616359078/spotlight-feat-sarah-ikumu-mousse-t-extended-shizzle-mix,125.5,2.1,123.0,1.8
2026-01-16,Unlimited,1,DJ Functionist Hour 1,7,1410,1692,23:30,5,Tuccillo,Street Jungle,The Place - Single,House of Tucci,2025,House,GBKQU2594517,https://www.shazam.com/track/839806187/street-jungle,125.0,-1.5,126.9,-0.2
2026-01-16,Unlimited,1,DJ Functionist Hour 1,8,1470,1512,24:30,2,HUGEL & LOVRA,Madonna,Madonna - Single,Toolroom,2022,Dance,DEA622200253,https://www.shazam.com/track/606089868/madonna,,-2.0,,-1.4
2026-01-16,Unlimited,1,DJ Functionist Hour 1,9,2460,2772,41:00,11,Alex Kassian & Spooky,Orange Coloured Liquid (Part I),Orange Coloured Liquid - EP,Test Pressing Recordings,2025,House,UKU932581348,https://www.shazam.com/track/824901381/orange-coloured-liquid-part-i,122.0,0.8,121.0,-0.2
2026-01-16,Unlimited,1,DJ Functionist Hour 1,10,2820,3042,47:00,8,Christian Löffler,Home,Until We Meet Again,Ki Records,2025,Electronic,QMFMF2525421,https://www.shazam.com/track/845574482/home,122.0,-0.0,122.0,-0.0
2026-01-16,Unlimited,1,DJ Functionist Hour 1,11,3060,3282,51:00,8,Ten City,Love Music,The Next Generation,Nervous Records,2025,Dance,USNRS2544170,https://www.shazam.com/track/837647313/love-music,122.3,-0.8,123.3,-0.0
2026-01-16,Unlimited,1,DJ Functionist Hour 1,12,3300,3402,55:00,4,DJ Scratch,Electric Stew (We Can Get Down),Electric Stew (We Can Get Down) - Single,T's Box Records,2025,Dance,GB7GV2571010,https://www.shazam.com/track/837712745/electric-stew-we-can-get-down,122.1,1.7,120.1,-0.1
2026-01-16,Unlimited,2,DJ Functionist Hour 2,1,30,372,0:30,10,Easttown,Phunky,Timeless,Cecille Records,2024,House,GBKQU2486704,https://www.shazam.com/track/713374625/phunky,129.9,0.0,129.9,-0.0
2026-01-16,Unlimited,2,DJ Functionist Hour 2,2,420,702,7:00,4,Toman,De Bongo Man,Dolce Far Niente - EP,Cecille Records,2024,House,GBKQU2469933,https://www.shazam.com/track/707980721/de-bongo-man,130.2,1.6,128.1,-0.0
2026-01-16,Unlimited,2,DJ Functionist Hour 2,3,510,552,8:30,2,Easttown,Balancing,Timeless,Cecille Records,2024,House,GBKQU2486707,https://www.shazam.com/track/713372961/balancing,,0.8,,0.6
2026-01-16,Unlimited,2,DJ Functionist Hour 2,4,780,1152,13:00,11,Radio Slave,All Rize (feat. Kameelah Waheed) [Harry Romero Remix Dub],All Rize (Remixes) [feat. Kameelah Waheed] - Single,Rekids,2025,Dance,GBLTF2500142,https://www.shazam.com/track/841623829/all-rize-feat-kameelah-waheed-harry-romero-remix-dub,130.4,1.6,128.4,-0.0
2026-01-16,Unlimited,2,DJ Functionist Hour 2,5,1170,1572,19:30,14,Tino,Tinto!,Set You Free - EP,Move Like Me,2025,House,GBKQU2587971,https://www.shazam.com/track/836901334/tinto,130.0,4.0,125.0,-0.1
2026-01-16,Unlimited,2,DJ Functionist Hour 2,6,2250,2622,37:30,11,Floating Points,Grammar,Grammar - Single,Ninja Tune,2022,Electronic,GBCFB2200167,https://www.shazam.com/track/608046545/grammar,130.0,0.0,130.0,-0.1
2026-01-16,Unlimited,2,DJ Functionist Hour 2,7,2670,3072,44:30,13,Mandy & Booka Shade,Body Language (Remaster) [M.A.N.D.Y. vs. Booka Shade],Body Language (M.A.N.D.Y. vs. Booka Shade) - Single,Get Physical Music,2005,House,DEBE72300194,https://www.shazam.com/track/43115130/body-language-remaster-m-a-n-d-y-vs-booka-shade,130.0,0.0,130.0,0.0
2026-01-16,Unlimited,2,DJ Functionist Hour 2,8,3090,3192,51:30,2,Disclosure,"She’s Gone, Dance On","She’s Gone, Dance On - Single",Disorder,2024,Dance,USA2P2420371,https://www.shazam.com/track/700708981/shes-gone-dance-on,130.0,-3.0,134.0,-0.1
2026-01-16,Unlimited,2,DJ Functionist Hour 2,9,3390,3522,56:30,5,Larry Heard & Mr. White,The Sun Can't Compare (Mixed),"Mix Piknic: Liv K in Montréal, Oct 12, 2025 (DJ Mix)",,2025,Dance,US23A8861005,https://www.shazam.com/track/45137271/the-sun-cant-compare-mixed,130.0,2.4,127.0,0.8
2026-01-16,Unlimited,3,DJ Beware,1,360,762,6:00,14,Spacejunk,Mundo Futuro,Down With You - EP,Magnitude Recordings,2006,House,NLHR22000337,https://www.shazam.com/track/81524813/mundo-futuro,122.0,-1.6,124.0,-1.6
2026-01-16,Unlimited,3,DJ Beware,2,840,882,14:00,2,Robin S.,Show Me Love,Show Me Love,Atlantic Records,1990,Pop,USAT29300075,https://www.shazam.com/track/5918573/show-me-love,122.2,1.4,120.5,0.0
2026-01-16,Unlimited,3,DJ Beware,3,990,1032,16:30,2,Amine Edge & DANCE & Blaze (Kevin Hedge),Lovelee Dae,Lovelee Dae - Single,Defected Records,2017,Dance,GBCPZ1712198,https://www.shazam.com/track/376457598/lovelee-dae,122.1,-1.6,124.1,-1.3
2026-01-16,Unlimited,3,DJ Beware,4,1200,1392,20:00,2,6Souther & BunnyBoy,"Deep' N Silk (Jose Maria Ramon, William Medagli, Thallulah House Classic Remix)",Deep' N Silk - Single,Blue Dye,2015,Dance,DEMQ71500022,https://www.shazam.com/track/279438800/deep-n-silk-jose-maria-ramon-william-medagli-thallulah,121.8,0.1,121.7,0.9
2026-01-16,Unlimited,3,DJ Beware,5,1530,1962,25:30,15,Simon Baker,Mamaia Highway (Original Mix),,,,Dance,,https://www.shazam.com/track/81781331/mamaia-highway-original-mix,122.1,-2.4,125.1,-2.5
2026-01-16,Unlimited,3,DJ Beware,6,1980,2172,33:00,3,Paquito Salazar,Malfunction,Fidelidad Artificial - EP,paquito salazar,2019,Techno,SE6A91921301,https://www.shazam.com/track/469890000/malfunction,122.1,-3.6,126.6,-3.2
2026-01-16,Unlimited,3,DJ Beware,7,2490,2802,41:30,5,Luca Lozano,Number One Difficult Man,Number One Difficult Man - EP,Klasse Wrecks,2024,Dance,NLL561908796,https://www.shazam.com/track/700464576/number-one-difficult-man,122.0,-2.4,125.0,-2.4
2026-01-16,Unlimited,3,DJ Beware,8,2550,2712,42:30,4,Eelke Kleijn,Transmission (Joris Voorn Remix),Transmission (Remixes) - EP,DAYS like NIGHTS,2022,Dance,NLF712208018,https://www.shazam.com/track/627762876/transmission-joris-voorn-remix,121.1,-3.1,124.9,-3.3
2026-01-23,Unlimited,1,DJ Functionist Hour 1,1,30,132,0:30,4,SKALA & Killa P,Different Style,Different Style - Single,WUGD,2026,Electronic,QZH5E2574104,https://www.shazam.com/track/852588207/different-style,140.1,-0.0,140.1,-0.0
2026-01-23,Unlimited,1,DJ Functionist Hour 1,2,180,312,3:00,5,Girls Don't Sync,Keep Dancing,Keep Dancing - Single,Fourmation,2026,Dance,GBUM72507967,https://www.shazam.com/track/852290158/keep-dancing,139.9,0.0,139.9,-0.0
2026-01-23,Unlimited,1,DJ Functionist Hour 1,3,330,492,5:30,6,Gorgon City & Interplanetary Criminal,Contact,Contact - Single,Warehouse Project Records,2026,Garage,USA2P2567678,https://www.shazam.com/track/852198019/contact,137.1,0.0,137.0,-0.0
2026-01-23,Unlimited,1,DJ Functionist Hour 1,4,960,1212,16:00,6,Joyce Muniz & Andre VII,Freeze,Freeze - Single,Kompakt,2026,Electronic,DEU672600090,https://www.shazam.com/track/852337770/freeze,129.1,0.8,128.1,-0.0
2026-01-23,Unlimited,1,DJ Functionist Hour 1,5,1320,1422,22:00,3,Daphni,Talk To Me,Butterfly,Jiaolong,2026,Electronic,FRIDO2514027,https://www.shazam.com/track/846156815/talk-to-me,129.0,0.8,128.0,-0.1
2026-01-23,Unlimited,1,DJ Functionist Hour 1,6,1440,1482,24:00,2,DEADWALKMAN,Rhythm 11,Early Years,Black Traxx Series,2018,Dance,FRX282545867,https://www.shazam.com/track/472062280/rhythm-11,129.2,-0.8,130.2,0.8
2026-01-23,Unlimited,1,DJ Functionist Hour 1,7,1530,1842,25:30,11,Red Axes,Salty Dog,Salted Malted EP - Single,Outer Heaven Records,2026,House,QZAKB2544506,https://www.shazam.com/track/858907153/salty-dog,126.1,-0.0,126.1,0.0
2026-01-23,Unlimited,1,DJ Functionist Hour 1,8,1860,2022,31:00,6,Honey Dijon,Slight Werk (feat. Bree Runway) [Club Mix],The Nightlife,SOS,2026,Dance,US6R22549016,https://www.shazam.com/track/852606846/slight-werk-feat-bree-runway-club-mix,126.0,0.0,126.0,-0.0
2026-01-23,Unlimited,1,DJ Functionist Hour 1,9,2070,2202,34:30,4,Todd Terry Project,Just Wanna Dance (Original Mix),,,,,,https://www.shazam.com/track/81859776/just-wanna-dance-original-mix,126.0,2.9,122.5,-0.3
2026-01-23,Unlimited,1,DJ Functionist Hour 1,10,2220,2532,37:00,10,Session Victim,Broken Coast (feat. Viken Arman),Sidequests Chapter Three - EP,Delusions of Grandeur,2025,Electronic,GBZHR2500451,https://www.shazam.com/track/840332633/broken-coast-feat-viken-arman,126.0,2.4,123.0,-0.1
2026-01-23,Unlimited,1,DJ Functionist Hour 1,11,2550,2922,42:30,13,Mike Dunn,Natural High (Mike Dunn Black Glitter Extended Mixx),Natural High - Single,Glitterbox Recordings,2019,Dance,GBCPZ1916794,https://www.shazam.com/track/499536022/natural-high-mike-dunn-black-glitter-extended-mixx,126.0,1.6,124.0,-0.2
2026-01-23,Unlimited,2,DJ Functionist Hour 2,1,390,672,6:30,7,Darude,Sandstorm,Before the Storm,16 Inch Records,1999,Dance,FISGC9900001,https://www.shazam.com/track/87213338/sandstorm,93.6,0.6,93.0,-0.8
2026-01-23,Unlimited,2,DJ Functionist Hour 2,2,1200,1362,20:00,6,Chris Lake & Disclosure,in2minds,in2minds - Single,Black Book Records/Astralwerks,2024,Dance,USUG12406149,https://www.shazam.com/track/713690806/in2minds,137.1,0.8,136.0,0.0
2026-01-23,Unlimited,2,DJ Functionist Hour 2,3,1380,1602,23:00,8,Deetron presents Soulmate,Filter (Body Mix),Drone - EP,Ilian Tape,2024,Electronic,DEOB62400848,https://www.shazam.com/track/701963803/filter-body-mix,136.8,1.8,134.4,0.0
2026-01-23,Unlimited,2,DJ Functionist Hour 2,4,1950,2322,32:30,13,DJ Markuz,Someone Call a Dj,Someone Call a Dj - Single,3931578 Records DK,2025,House,QT3F92544304,https://www.shazam.com/track/843556927/someone-call-a-dj,134.9,1.3,133.2,0.0
2026-01-23,Unlimited,2,DJ Functionist Hour 2,5,2460,2862,41:00,3,Rank 1,Airwave (Radio Vocal Edit),Airwave,Be Yourself Music,2000,Trance,NLE800510001,https://www.shazam.com/track/45063022/airwave-radio-vocal-edit,133.6,-1.6,135.8,-2.1
2026-01-23,Unlimited,2,DJ Functionist Hour 2,6,2610,2742,43:30,3,Pangaea,Like This (Full Mix),Like This - Single,Hessle Audio,2020,House,GBUMC2000001,https://www.shazam.com/track/528288474/like-this-full-mix,66.8,0.8,66.3,-0.0
2026-01-23,Unlimited,2,DJ Functionist Hour 2,7,2670,2892,44:30,5,The Quest,C Sharp,C Sharp - EP,Black Hole Recordings,1999,Electronic,NLE719931001,https://www.shazam.com/track/10343739/c-sharp,99.8,-2.2,102.1,-2.3
2026-01-23,Unlimited,2,DJ Functionist Hour 2,8,2970,3102,49:30,5,Basement Jaxx,Where’s Your Head At,Rooty,XL Recordings,2001,Electronic,GBBKS0100014,https://www.shazam.com/track/5170191/wheres-your-head-at,66.5,3.8,64.1,0.1
2026-01-23,Unlimited,3,DJ Beware,1,1020,1122,17:00,2,brando,Look into My Eyes (Hugel & Hugo Cantarra Extended Remix),Look into My Eyes (Hugel & Hugo Cantarra Remix) - Single,Armada Music,2020,Dance,NLF712009116,https://www.shazam.com/track/532963186/look-into-my-eyes-hugel-hugo-cantarra-extended-remix,125.1,1.6,123.1,1.8
2026-01-23,Unlimited,3,DJ Beware,2,1230,1392,20:30,5,Elio Riso & Lucio Spain,Breaking Minds,Casual Creation Issue 25 (Disco Simphon Mix Music),Voltaire Music,2016,House,DEW871709072,https://www.shazam.com/track/313867991/breaking-minds,124.9,1.6,122.9,1.8
2026-01-23,Unlimited,3,DJ Beware,3,1650,1962,27:30,2,Crystal Waters & Richey Profond,Gypsy Woman (Richey Profond Remix),Gypsy Woman - Single,Up-Tempo Records,2017,House,GBKQU1734989,https://www.shazam.com/track/347342945/gypsy-woman-richey-profond-remix,125.0,3.0,121.4,2.2
2026-01-23,Unlimited,3,DJ Beware,4,2940,3192,49:00,9,atone,Loop,Brutalism,shebeen,2003,Electronica,QZTBD2341177,https://www.shazam.com/track/682464315/loop,125.0,0.4,124.5,0.3
2026-01-30,Unlimited,1,DJ Functionist Hour 1,1,60,372,1:00,10,Disco Incorporated,Makusa (Groove Mix),Halloween - EP,South American Grooves,2024,House,USA2P2465980,https://www.shazam.com/track/458256328/makusa-groove-mix,125.0,0.8,124.0,-0.1
2026-01-30,Unlimited,1,DJ Functionist Hour 1,2,450,702,7:30,7,Dam Swindle,Rhythm Baby,Backyard Galaxy - EP,Heist Recordings,2025,Electronic,NLYV52500061,https://www.shazam.com/track/840122811/rhythm-baby,109.4,-0.0,109.4,-0.0
2026-01-30,Unlimited,1,DJ Functionist Hour 1,3,720,882,12:00,6,DJ T.,Funk On You (Emanuel Satie Remix),Funk On You (Remixes) - EP,Get Physical Music,2025,Electronic,DEBE72500016,https://www.shazam.com/track/807374966/funk-on-you-emanuel-satie-remix,125.0,0.0,125.0,0.0
2026-01-30,Unlimited,1,DJ Functionist Hour 1,4,900,1062,15:00,2,Didier Sinclair,Lovely Flight,"Workout Grooves Tribal Session: Running Music, Vol. 1",Workout Music TV,2000,Fitness & Workout,ITJ040100929,https://www.shazam.com/track/5755016/lovely-flight,124.8,-0.8,125.8,-0.6
2026-01-30,Unlimited,1,DJ Functionist Hour 1,5,1080,1182,18:00,2,Boom!,Messed Up,Messed Up - EP,Rough Cut Records,1996,Dance,NLK590500046,https://www.shazam.com/track/68027369/messed-up,125.1,-3.0,129.0,-2.8
2026-01-30,Unlimited,1,DJ Functionist Hour 1,6,1110,1152,18:30,2,Marc Molina,More Than Physical (Manuel Palmitesta Remix),Frequenza Summer 2015,Frequenza,2015,Dance,ITZ832015012,https://www.shazam.com/track/257984782/more-than-physical-manuel-palmitesta-remix,125.0,1.6,123.1,-0.7
2026-01-30,Unlimited,1,DJ Functionist Hour 1,7,1230,1482,20:30,8,Timo Maas,Help Me (feat. Kelis),Loud (Eastwest Release),A & E Records/WMI,2002,Electronic,GBBUF0190081,https://www.shazam.com/track/10011605/help-me-feat-kelis,125.3,-0.0,125.3,-0.1
2026-01-30,Unlimited,1,DJ Functionist Hour 1,8,1500,1722,25:00,2,Greg Beato,Pma,Pma - Single,L.I.E.S.,2014,Electronic,DEMM41401155,https://www.shazam.com/track/133757962/pma,127.6,3.5,123.3,3.6
2026-01-30,Unlimited,1,DJ Functionist Hour 1,9,1800,1842,30:00,2,"Marcos Barrios, Len Mora & Joaquin Postigo",Tribaile (Len Mora & Joaquin Postigo),Tribaile,BeatFlow Records,2013,Dance,BGA471303051,https://www.shazam.com/track/92606705/tribaile-len-mora-joaquin-postigo,128.4,3.4,124.2,3.3
2026-01-30,Unlimited,1,DJ Functionist Hour 1,10,1860,2052,31:00,6,Soul Clap,Efunk Anthem (The Funk Mix (Radio Edit)),Drowning in Your Love,Freerange Records,2026,House,GBDLP2601445,https://www.shazam.com/track/853644956/efunk-anthem-the-funk-mix-radio-edit,128.7,0.5,128.1,-0.1
2026-01-30,Unlimited,1,DJ Functionist Hour 1,11,2070,2622,34:30,19,Jaydee,Plastic Dreams,Plastic Dreams - EP,Spinnin' Records,1993,Dance,NLC281011779,https://www.shazam.com/track/11259978/plastic-dreams,129.0,0.1,128.8,-0.1
2026-01-30,Unlimited,1,DJ Functionist Hour 1,12,2640,3072,44:00,15,Sneaker Pimps,Spin Spin Sugar (Armand's Dark Garage Mix),Spin Spin Sugar (Cd1),One Little Independent Records,1998,Pop,GBCDN9700001,https://www.shazam.com/track/40474273/spin-spin-sugar-armands-dark-garage-mix,129.0,-0.0,129.0,-0.1
2026-01-30,Unlimited,2,DJ Functionist Hour 2,1,30,432,0:30,14,Tiga & Zyntherius,Sunglasses at Night,Sunglasses at Night - Single,Armada Music,2001,Techno,DEG932001576,https://www.shazam.com/track/6015066/sunglasses-at-night,129.0,-0.8,130.0,-0.1
2026-01-30,Unlimited,2,DJ Functionist Hour 2,2,480,762,8:00,9,Azzido Da Bass,Dooms Night (Timo Maas Remix),Dooms Night (2.0),Club Tools,1999,Dance,DEH849900539,https://www.shazam.com/track/5761002/dooms-night-timo-maas-remix,129.2,-2.2,132.2,-0.1
2026-01-30,Unlimited,2,DJ Functionist Hour 2,3,900,942,15:00,2,Rank 1,Airwave (Radio Vocal Edit),Airwave,Be Yourself Music,2000,Trance,NLE800510001,https://www.shazam.com/track/45063022/airwave-radio-vocal-edit,,3.0,,3.9
2026-01-30,Unlimited,2,DJ Functionist Hour 2,4,1200,1482,20:00,10,Plus One,Bonk,Ar Ais Arís Compilation 001 - EP,Ar Ais Arís,2024,Dance,IELXJ2400006,https://www.shazam.com/track/695624592/bonk,140.0,-0.0,140.0,-0.0
2026-01-30,Unlimited,2,DJ Functionist Hour 2,5,1920,2412,32:00,9,Chris Nazuka,Somewhere Between Distance and the Impossible,Experience - EP,Classic Music Company,1997,Dance,GBCPZ1004670,https://www.shazam.com/track/61040594/somewhere-between-distance-and-the-impossible,120.0,-0.0,120.0,-0.1
2026-01-30,Unlimited,2,DJ Functionist Hour 2,6,2490,2742,41:30,3,Throbbing Gristle,Hot On the Heels of Love,The Taste of TG (A Beginner's Guide to the Music of Throbbing Gristle),Mute,2004,Alternative,GBAJH0400253,https://www.shazam.com/track/5094758/hot-on-the-heels-of-love,119.9,-0.9,121.0,-0.9
2026-01-30,Unlimited,2,DJ Functionist Hour 2,7,3420,3582,57:00,2,Betoko,Jupiterness,Jupiterness EP,Smiley Fingers,2017,Dance,GB7B71600140,https://www.shazam.com/track/378823981/jupiterness,120.0,-1.7,122.1,-2.2
2026-01-30,Unlimited,3,DJ Functionist Classic Classic Mix,1,90,492,1:30,11,Chris Nazuka,Somewhere Between Distance and the Impossible,Experience - EP,Classic Music Company,1997,Dance,GBCPZ1004670,https://www.shazam.com/track/61040594/somewhere-between-distance-and-the-impossible,121.0,0.8,120.0,-0.1
2026-01-30,Unlimited,3,DJ Functionist Classic Classic Mix,2,510,852,8:30,12,Crazy P,One True Light,Truelight - EP,Classic Music Company,2017,Dance,GBCPZ1711415,https://www.shazam.com/track/360022842/one-true-light,121.0,0.8,120.0,-0.1
2026-01-30,Unlimited,3,DJ Functionist Classic Classic Mix,3,900,1362,15:00,10,Folamour,Devoted to U,Devoted to U - Single,Classic Music Company,2018,Dance,GBCPZ1813607,https://www.shazam.com/track/373211746/devoted-to-u,121.0,-0.8,122.0,0.0
2026-01-30,Unlimited,3,DJ Functionist Classic Classic Mix,4,1050,1182,17:30,2,Mousse T. & Hot 'n' Juicy,Horny '98 (Mousse T's Extended Mix [Hed Kandi Back to Love US Edit]),,,,Pop,,https://www.shazam.com/track/340162334/horny-98-mousse-ts-extended-mix-hed-kandi-back-to-love-us-edit,121.0,-1.9,123.3,-1.8
2026-01-30,Unlimited,3,DJ Functionist Classic Classic Mix,5,1380,1662,23:00,9,Grand Corporation,Wonder & Amazement (feat. Jeremy Glenn) [Deetron Vocal],Wonder & Amazement (feat. Jeremy Glenn) - EP,Classic Music Company,2006,Dance,GBCPZ1206433,https://www.shazam.com/track/70588884/wonder-amazement-feat-jeremy-glenn-deetron-vocal,121.0,0.8,120.0,-0.2
2026-01-30,Unlimited,3,DJ Functionist Classic Classic Mix,6,1710,1992,28:30,6,Oliver Dollar,John's Church (feat. Nils Ohrmann) [Mousse T.'s Disco Shizzle Remix],John's Church (feat. Nils Ohrmann) [Remixes] - Single,Classic Music Company,2019,Dance,GBCPZ1916026,https://www.shazam.com/track/470041844/johns-church-feat-nils-ohrmann-mousse-t-s-disco-shizzle,121.0,0.9,120.0,-0.1
2026-01-30,Unlimited,3,DJ Functionist Classic Classic Mix,7,1740,1872,29:00,4,Shirley Caesar,Hold My Mule,The Lord Will Make a Way,Word Entertainment,1997,Christian & Gospel,TCADJ1742131,https://www.shazam.com/track/53069750/hold-my-mule,120.8,0.7,120.0,-0.1
2026-01-30,Unlimited,3,DJ Functionist Classic Classic Mix,8,2010,2262,33:30,6,Soft Rocks & Kings of Tomorrow,Talking Jungle (Justin Vandervolgen Remix / So Alive (Accapella) [Mixed],Defected in the House Radio Show Episode 024 (Hosted by Simon Dunmore) [Mixed],Defected Records,2016,Dance,GBCPZ1610194,https://www.shazam.com/track/333941534/talking-jungle-justin-vandervolgen-remix-so-alive-accapella,121.0,-1.6,123.0,0.0
2026-01-30,Unlimited,3,DJ Functionist Classic Classic Mix,9,2070,2232,34:30,3,Eli Escobar,Happiness Pt 2,Happiness (Deluxe Edition),Classic Music Company,2014,Dance,GBCPZ1609560,https://www.shazam.com/track/327930958/happiness-pt-2,,-0.9,,-0.2
2026-01-30,Unlimited,3,DJ Functionist Classic Classic Mix,10,2310,2592,38:30,9,Girls of the Internet,When U Go,When U Go - EP,Classic Music Company,2014,Dance,GBCPZ1711211,https://www.shazam.com/track/361922058/when-u-go,121.0,-0.8,122.0,0.1
2026-01-30,Unlimited,3,DJ Functionist Classic Classic Mix,11,3000,3252,50:00,9,Metro Area,Piña (Swag's 'más Jugo' Dub),Piña (Swag Remix) - Single,Classic Music Company,2001,Dance,GBCPZ1004623,https://www.shazam.com/track/49513411/pi%C3%B1a-swags-m%C3%A1s-jugo-dub,120.8,-0.8,121.8,-0.1
2026-01-30,Unlimited,3,DJ Functionist Classic Classic Mix,12,3270,3642,54:30,13,Soul Reductions,Got 2 Be Loved (Extended Mix),Got 2 Be Loved (Extended Mix) - Single,Classic Music Company,2017,Dance,GBCPZ1915190,https://www.shazam.com/track/462322644/got-2-be-loved-extended-mix,121.0,-0.8,122.0,-0.0
2026-02-06,Unlimited,1,DJ Beware Hour 1,1,120,192,2:00,2,Spiller & Sophie Ellis-Bextor,Groovejet (If This Ain't Love) [Purple Disco Machine & Lorenz Rhode Extended Remix],Groovejet (If This Ain’t Love),Defected Records,2000,Dance,GBCPZ2119981,https://www.shazam.com/track/584223275/groovejet-if-this-aint-love-purple-disco-machine-lorenz,130.9,4.8,124.9,4.4
2026-02-06,Unlimited,1,DJ Beware Hour 1,2,150,312,2:30,2,SQL,Warhola,"Progressive Plucks, Vol. 2",Plusquam Division,2009,Dance,DEH741004811,https://www.shazam.com/track/51323705/warhola,131.0,2.5,127.8,0.3
2026-02-06,Unlimited,1,DJ Beware Hour 1,3,450,492,7:30,2,Armin van Buuren & Perpetuous Dreamer,The Sound of Goodbye (Armin's Tribal Feel Mix),"The Sound of Goodbye, Pt. 1",Adrian & Raz,2001,Trance,NLC731100002,https://www.shazam.com/track/40211684/the-sound-of-goodbye-armins-tribal-feel-mix,130.9,-3.1,135.0,0.8
2026-02-06,Unlimited,1,DJ Beware Hour 1,4,1260,1512,21:00,2,Sash!,Mysterious Times (feat. Tina Cousins),Life Goes On,High Fashion Music,1998,Dance,DEF069805650,https://www.shazam.com/track/11222299/mysterious-times-feat-tina-cousins,131.0,-2.5,134.3,-0.7
2026-02-06,Unlimited,1,DJ Beware Hour 1,5,1320,1452,22:00,3,Pancratio,Deep Beat,Automatic House,Faith Beat,2025,Dance,NLL562503898,https://www.shazam.com/track/842763175/deep-beat,,2.4,,2.2
2026-02-06,Unlimited,1,DJ Beware Hour 1,6,2070,2682,34:30,18,SWAG,A Game of Two Halves,Point Blank - EP,Version Music,1996,House,UKWN99800015,https://www.shazam.com/track/10192902/a-game-of-two-halves,130.9,4.8,124.9,4.6
2026-02-06,Unlimited,1,DJ Beware Hour 1,7,2820,2952,47:00,2,Shouse,Call My Name (Extended Mix),Call My Name - Single,Hell Beach,2025,Dance,USA2P2504426,https://www.shazam.com/track/812414337/call-my-name-extended-mix,,2.4,,1.4
2026-02-06,Unlimited,1,DJ Beware Hour 1,8,3030,3072,50:30,2,Ebende,For Love,Skimmer,all my thoughts,2021,Electronica,FR10S2134958,https://www.shazam.com/track/554155536/for-love,131.0,4.8,125.0,0.7
2026-02-06,Unlimited,2,DJ Beware Hour 2,1,210,402,3:30,7,James Shinra,Cowbell,Shinra Electro Company Vol 1 - EP,Shinra Electro Company,2024,Electronic,GX53U2390227,https://www.shazam.com/track/717383132/cowbell,140.1,-2.8,144.2,-2.9
2026-02-06,Unlimited,3,DJ Beware Hour 3,1,570,1062,9:30,5,N-Gynn,Low Frequency Overload,Low Frequency Overload - Single,Pleasure Club,2020,IDM/Experimental,USA2P2021111,https://www.shazam.com/track/523361739/low-frequency-overload,121.5,-0.4,122.0,-0.4
2026-02-06,Unlimited,3,DJ Beware Hour 3,2,630,852,10:30,3,Blaze & Bicep,Lovelee Dae (Bicep Remix),Lovelee Dae Bicep Remixes - Single,Bicep Music,2016,Electronic,GBVHV1500062,https://www.shazam.com/track/323743308/lovelee-dae-bicep-remix,121.5,-2.0,124.0,-2.4
2026-02-06,Unlimited,3,DJ Beware Hour 3,3,780,1002,13:00,3,LEON (Italy) & Shaf Huse,Can't Truss,Can't Truss - EP,Sola,2018,House,GBJAJ1800690,https://www.shazam.com/track/422719677/cant-truss,121.7,-3.6,126.2,-4.1
2026-02-06,Unlimited,3,DJ Beware Hour 3,4,1590,2142,26:30,15,Posthuman,We Are The City,,,,,,https://www.shazam.com/track/261344939/we-are-the-city,121.5,-0.2,121.8,-0.3
2026-02-13,Unlimited,1,DJ Functionist Hour 1,1,30,312,0:30,10,Another Taste,Into The Night,Another Taste II,Space Grapes,2026,Pop,NL4BJ2500021,https://www.shazam.com/track/856331275/into-the-night,111.0,0.9,110.0,-0.1
2026-02-13,Unlimited,1,DJ Functionist Hour 1,2,330,582,5:30,9,Santino Surfers,Underwater Disco (feat. Morten Woods),Moon Dancing,Music For Dreams,2025,Dance,DKAZ72534105,https://www.shazam.com/track/835898357/underwater-disco-feat-morten-woods,111.0,2.8,108.0,-0.0
2026-02-13,Unlimited,1,DJ Functionist Hour 1,3,600,702,10:00,4,Daphni,Miles Smiles,Butterfly,Jiaolong,2026,Electronic,FRIDO2514029,https://www.shazam.com/track/846046439/miles-smiles,111.0,1.9,109.0,-0.1
2026-02-13,Unlimited,1,DJ Functionist Hour 1,4,990,1272,16:30,9,Ccino Deep,Spring Fiesta,"Addicted2House, Pt. 1 - Single",Moiss Music Black,2024,House,GBLV62405837,https://www.shazam.com/track/802831937/spring-fiesta,121.1,0.9,120.1,-0.1
2026-02-13,Unlimited,1,DJ Functionist Hour 1,5,1620,1812,27:00,6,DJ Pippi & Willie Graff,Universal Language (feat. Anders Ponsaing & Mathias Heise) [Dominic Dawson Remix],Universal Language (Dominic Dawson Remix) [feat. Anders Ponsaing & Mathias Heise] - Single,Music For Dreams,2025,Dance,DKAZ72537003,https://www.shazam.com/track/833277486/universal-language-feat-anders-ponsaing-mathias-heise,151.3,0.8,150.1,-0.1
2026-02-13,Unlimited,1,DJ Functionist Hour 1,6,2190,2502,36:30,11,Laurie Miller,Love Is a Natural Magical Thing,Love Is a Natural Magical Thing - EP,Presagi,2022,Dance,NLZ8C2200299,https://www.shazam.com/track/636977183/love-is-a-natural-magical-thing,121.0,0.5,120.5,-0.1
2026-02-13,Unlimited,1,DJ Functionist Hour 1,7,2910,3132,48:30,2,"Marcos Barrios, Len Mora & Joaquin Postigo",Tribaile (Len Mora & Joaquin Postigo),Tribaile,BeatFlow Records,2013,Dance,BGA471303051,https://www.shazam.com/track/92606705/tribaile-len-mora-joaquin-postigo,90.9,-2.5,93.2,-3.1
2026-02-13,Unlimited,1,DJ Functionist Hour 1,8,3000,3342,50:00,11,Motorbass,Ezio,Pansoul,"Motorbass, under exclusive license to Pixadelic",1996,Electronic,FR28Y9600002,https://www.shazam.com/track/10555189/ezio,121.1,0.1,121.0,-0.1
2026-02-13,Unlimited,2,DJ Functionist Hour 2,1,60,372,1:00,5,Dj Afonso de Vic,Shake It,,,,House,,https://www.shazam.com/track/659860295/shake-it,91.5,-0.8,92.1,-0.6
2026-02-13,Unlimited,2,DJ Functionist Hour 2,2,510,642,8:30,2,Be.Lanuit,"Ewayo (feat. Akinsola, Andrea Kamenar, Tupac Peralta & OliO) [Musumeci Remix]","Ewayo (Musumeci Remix) [feat. Akinsola, Andrea Kamenar, Tupac Peralta & OliO] - Single",Music For Dreams,2026,House,DKAZ72637204,https://www.shazam.com/track/704835601/ewayo-feat-akinsola-andrea-kamenar-tupac-peralta-olio,125.1,4.2,120.1,-0.2
2026-02-13,Unlimited,2,DJ Functionist Hour 2,3,540,702,9:00,2,Gigi D'Agostino,Star,Tanzen E.P.,Media Records,2009,Dance,DEA310906851,https://www.shazam.com/track/48650648/star,125.0,-3.8,130.0,-3.0
2026-02-13,Unlimited,2,DJ Functionist Hour 2,4,900,1062,15:00,4,Redg Franklin & UC Beatz,For the Music,Dobro 009,DOBRO,2024,House,GBKQU2411397,https://www.shazam.com/track/690588236/for-the-music,125.0,1.6,122.9,-0.0
2026-02-13,Unlimited,2,DJ Functionist Hour 2,5,1080,1182,18:00,2,Paul Keeley,A Sort of Homecoming (Michael Cassette Remix),A Sort of Homecoming,Anjunabeats,2006,Dance,GBEWA0800118,https://www.shazam.com/track/46128363/a-sort-of-homecoming-michael-cassette-remix,,-0.8,,-0.2
2026-02-13,Unlimited,2,DJ Functionist Hour 2,6,1260,1542,21:00,9,Red Axes,Pastery Cheff (feat. Uriah),Salted Malted EP - Single,Outer Heaven Records,2026,House,QZAKB2544508,https://www.shazam.com/track/858436701/pastery-cheff-feat-uriah,125.0,0.8,124.0,-0.1
2026-02-13,Unlimited,2,DJ Functionist Hour 2,7,1620,1962,27:00,10,Alex Niggemann,Cloudy Chords,[QR]D.037.TNCM.26,COD3 QR,2026,Dance,NLZ9U2600005,https://www.shazam.com/track/857555075/cloudy-chords,125.0,0.0,125.0,-0.1
2026-02-13,Unlimited,2,DJ Functionist Hour 2,8,1980,2382,33:00,8,Tom Esselle,Livewire,WOLFEP083 - Single,Wolf Music Recordings,2026,House,GB2SA2500014,https://www.shazam.com/track/858596512/livewire,125.1,0.0,125.1,-0.0
2026-02-13,Unlimited,2,DJ Functionist Hour 2,9,2130,2322,35:30,5,Alex Dolby & Santos,Raw Road (Carlo Lio Remix),Believe In the Music II,Nervous Records,2011,Dance,USNRS1128663,https://www.shazam.com/track/149023124/raw-road-carlo-lio-remix,124.9,-0.8,125.9,-1.5
2026-02-13,Unlimited,3,DJ Beware,1,330,492,5:30,6,FBC & VHOOR,Vem pro Baile (Instrumental),Baile (Instrumental),UFFÉ,2022,Hip-Hop/Rap,BCVHO2100070,https://www.shazam.com/track/591106919/vem-pro-baile-instrumental,130.1,4.0,125.1,4.0
2026-02-13,Unlimited,3,DJ Beware,2,1170,1422,19:30,9,Luca Lozano,Calling All Dancers (Hell is Other Djs Mix),'Calling All Dancers Remixes' - EP,Klasse Wrecks,2026,Electronic,NLL561908856,https://www.shazam.com/track/862765952/calling-all-dancers-hell-is-other-djs-mix,130.0,-1.5,132.0,-1.5
2026-02-13,Unlimited,3,DJ Beware,3,1830,2082,30:30,9,Red Axes,The Electric,The Electric Bee - EP,Shall Not Fade,2022,House,UKN6K2200758,https://www.shazam.com/track/617327924/the-electric,129.0,3.2,125.0,3.2
2026-02-13,Unlimited,3,DJ Beware,4,3540,3672,59:00,5,RJD2,1976,Since We Last Spoke: Deluxe,RJ's Electrical Connections,2004,Hip-Hop/Rap,USA4T0408403,https://www.shazam.com/track/40324425/1976,,-0.0,,0.0
2026-02-20,Unlimited,1,DJ Functionist Hour 1,1,120,222,2:00,4,Easttown,Phunky,Timeless,Cecille Records,2024,House,GBKQU2486704,https://www.shazam.com/track/713374625/phunky,,-4.4,,-0.0
2026-02-20,Unlimited,1,DJ Functionist Hour 1,2,240,522,4:00,8,Session Victim,Never Forget,See You When You Get There,Delusions of Grandeur,2014,Dance,GBZHR1400160,https://www.shazam.com/track/153870352/never-forget,122.6,4.6,117.2,-0.0
2026-02-20,Unlimited,1,DJ Functionist Hour 1,3,570,732,9:30,6,Session Victim,Good Intentions (Lp Mix),The Haunted House of House,Delusions of Grandeur,2012,Dance,GBZHR0900091,https://www.shazam.com/track/53575087/good-intentions-lp-mix,122.6,3.0,119.0,-0.0
2026-02-20,Unlimited,1,DJ Functionist Hour 1,4,780,882,13:00,4,DJ BORING,For Tahn,For Tahn - EP,Shall Not Fade,2018,House,UKLAM1800124,https://www.shazam.com/track/427985987/for-tahn,125.9,4.6,120.3,-0.0
2026-02-20,Unlimited,1,DJ Functionist Hour 1,5,960,1032,16:00,3,Alexandro Korzh,Night Life (Radio Edit),Night Life - Single,GO RECORDS,2019,Dance,CA5KR1928952,https://www.shazam.com/track/457882266/night-life-radio-edit,125.5,3.7,121.0,0.6
2026-02-20,Unlimited,1,DJ Functionist Hour 1,6,1050,1212,17:30,6,HUGEL & SOLTO (FR),Jamaican (Bam Bam),Jamaican (Bam Bam) - Single,MoBlack Records,2025,,ITFGO2500099,https://www.shazam.com/track/845931663/jamaican-bam-bam,125.5,2.9,121.9,0.0
2026-02-20,Unlimited,1,DJ Functionist Hour 1,7,1230,1422,20:30,5,Röyksopp,Remind Me (Live),Röyksopp's Night Out (Live),Wall of Sound,2006,Dance,FRS940100141,https://www.shazam.com/track/5168894/remind-me,125.2,2.4,122.3,-0.0
2026-02-20,Unlimited,1,DJ Functionist Hour 1,8,1440,1602,24:00,6,"BNYX®, Kid Cudi & Röyksopp",EVERYWHERE I GO (REMIND ME),GENESIS FM,Lyfestyle Corporation/Field Trip Recordings/Capitol Records,2026,Electronic,USUG12508483,https://www.shazam.com/track/859258247/everywhere-i-go-remind-me,118.5,3.4,114.6,-0.0
2026-02-20,Unlimited,1,DJ Functionist Hour 1,9,1890,2082,31:30,6,Diogo Strausz,Caramba (Extended Mix),,,,World,,https://www.shazam.com/track/815993513/caramba-extended-mix,118.1,1.0,116.9,-0.0
2026-02-20,Unlimited,1,DJ Functionist Hour 1,10,2100,2232,35:00,5,Modeselektor,This Track Kills Fascism,Classics Vol. 1 (We tried hard and failed again... enjoy!),Monkeytown Records,2026,Electronic,DEOE82600006,https://www.shazam.com/track/853809109/this-track-kills-fascism,,3.8,,-0.0
2026-02-20,Unlimited,1,DJ Functionist Hour 1,11,2280,2442,38:00,6,Skatebård & Lauer,Volpi Polari,Volpe - Single,Live at Robert Johnson,2020,Electronic,DEU671902052,https://www.shazam.com/track/504619680/volpi-polari,116.2,0.2,116.0,-0.0
2026-02-20,Unlimited,1,DJ Functionist Hour 1,12,2970,3162,49:30,7,Professor Rhythm,Professor 3,Professor 3 - EP,Awesome Tapes From Africa,1991,World,QMUGB1803205,https://www.shazam.com/track/415531772/professor-3,114.8,-1.2,116.3,-0.0
2026-02-20,Unlimited,1,DJ Functionist Hour 1,13,3180,3402,53:00,8,Inkswel & Colonel Red,Hold On 2 It (Moodymann Remix),"Holders of the Sun Remix EP (incl. Moodymann, Potatohead People, Moodorama Remixes)",Compost Records,2023,House,DEM092200110,https://www.shazam.com/track/646717351/hold-on-2-it-moodymann-remix,114.7,-0.2,114.9,0.0
2026-02-20,Unlimited,2,DJ Functionist Hour 2,1,30,312,0:30,10,Massive Attack,Unfinished Sympathy (feat. Shara Nelson),Unfinished Sympathy (feat. Shara Nelson),UMC (Universal Music Catalogue),1991,Hip-Hop/Rap,GBAAA9100034,https://www.shazam.com/track/54408410/unfinished-sympathy-feat-shara-nelson,117.2,2.5,114.4,-0.0
2026-02-20,Unlimited,2,DJ Functionist Hour 2,2,330,372,5:30,2,Bosq,Found Your Love (feat. Kuyen),Celestial Strut,Ubiquity Recordings,2015,Disco,USUR41535206,https://www.shazam.com/track/281642653/found-your-love-feat-kuyen,112.2,-1.6,114.1,-0.0
2026-02-20,Unlimited,2,DJ Functionist Hour 2,3,390,642,6:30,9,Colourbox,"Pump Up the Volume (USA 12"" Mix)",Best of Colourbox 82/87,4AD,2001,Rock,GBAFL8700053,https://www.shazam.com/track/10029875/pump-up-the-volume-usa-12-mix,111.8,-1.1,113.1,0.0
2026-02-20,Unlimited,2,DJ Functionist Hour 2,4,660,882,11:00,8,Jungle Brothers,Doin' Our Own Dang,Done By the Forces of Nature,Warner Records,1989,Hip-Hop/Rap,USWB10003288,https://www.shazam.com/track/512955/doin-our-own-dang,112.8,-0.7,113.5,-0.0
2026-02-20,Unlimited,2,DJ Functionist Hour 2,5,1230,1572,20:30,10,Harry Romero,Don't You Want Some More (Mixed) [Mixed],Defected Radio Episode 062 (Hosted by Sam Divine) [Mixed] [DJ Mix],Defected Records,2017,Dance,GBCPZ1711862,https://www.shazam.com/track/53933109/dont-you-want-some-more-mixed-mixed,121.0,-2.0,123.4,-0.0
2026-02-20,Unlimited,2,DJ Functionist Hour 2,6,1320,1422,22:00,2,Shosho,Fishing People,Patent Skillz ADE Sampler 2013,Patent Skillz,2013,Dance,US83Z1507616,https://www.shazam.com/track/98262498/fishing-people,120.9,-1.6,122.9,-0.2
2026-02-20,Unlimited,2,DJ Functionist Hour 2,7,1590,1842,26:30,6,Monty Luke,The Shootout (Who's the Bad Man?),The Shootout - Single,Black Catalogue,2026,House,QMSVH1700239,https://www.shazam.com/track/856657235/the-shootout-whos-the-bad-man,122.2,-1.5,124.1,-0.0
2026-02-20,Unlimited,2,DJ Functionist Hour 2,8,1650,1962,27:30,7,Phil Weeks,Live At Palladium,Live At Palladium - Single,Robsoul,2014,Ambient,FR48Z1400001,https://www.shazam.com/track/103452473/live-at-palladium,122.2,1.8,120.0,0.1
2026-02-20,Unlimited,2,DJ Functionist Hour 2,9,2610,2652,43:30,2,Rob Roar,Wild Life (Rob's Terrace Attack Mix),Wild Life - Single,Phonetic Recordings,2022,Dance,GBFKM2200029,https://www.shazam.com/track/627208287/wild-life-robs-terrace-attack-mix,121.8,-1.5,123.7,1.0
2026-02-20,Unlimited,2,DJ Functionist Hour 2,10,2790,2982,46:30,7,Taylor Swift & Ely Oaks,Opalite (Ely Oaks Remix),Opalite (Ely Oaks Remix) - Single,Taylor Swift,2026,Pop,USUG12600950,https://www.shazam.com/track/863293922/opalite-ely-oaks-remix,143.8,-0.5,144.6,-0.0
2026-02-20,Unlimited,2,DJ Functionist Hour 2,11,3000,3072,50:00,3,Skream,Midnight Request Line,Skream! (Expanded Edition),Tempa,2006,Dubstep,GBQGW0501000,https://www.shazam.com/track/44577400/midnight-request-line,143.0,2.2,140.0,-0.0
2026-02-20,Unlimited,3,DJ Beware,1,90,372,1:30,2,Agents Of Time & Victor Garde,SexyBack,SexyBack,Time Machine Recordings,2025,Dance,US23A8924137,https://www.shazam.com/track/831586618/sexyback,125.1,0.1,125.0,0.8
2026-02-20,Unlimited,3,DJ Beware,2,390,702,6:30,11,Alexander Robotnick,Addio Addio,My La(te)st Album,Hot Elephant Music,2007,Electronic,ITG920700008,https://www.shazam.com/track/67852113/addio-addio,125.2,-2.2,128.1,-2.3
2026-02-20,Unlimited,3,DJ Beware,3,3210,3612,53:30,14,Unit 4,Bodydub (Tiefschwarz Remix),Bodydub Remixes - EP,Clone,2004,Electronic,NLL560500283,https://www.shazam.com/track/40809674/bodydub-tiefschwarz-remix,125.0,-0.8,126.0,-1.0
2026-02-20,Unlimited,3,DJ Beware,4,3630,3792,1:00:30,6,Joyce Muniz,Arrivederci Bella,Zeitkapsel,Joyce Muniz Music,2023,Dance,DEGL62200303,https://www.shazam.com/track/635688725/arrivederci-bella,123.0,0.0,123.0,0.0
2026-02-27,Unlimited,1,DJ Functionist (It's Friday We Don't Care Mix),1,90,162,1:30,2,Arvo Party,Hyrule Nights,Nordstrom EP,Arvo Party,2017,Electronica,TCACW1727495,https://www.shazam.com/track/340526780/hyrule-nights,116.3,0.9,115.3,-0.0
2026-02-27,Unlimited,1,DJ Functionist (It's Friday We Don't Care Mix),2,390,582,6:30,7,Louie Vega,Last Night A DJ Saved My Life (feat. Anané & Tony Touch) [LV Remix],Last Night A DJ Saved My Life (feat. Anané & Tony Touch) [Remixes] - Single,Nervous Records,2025,Dance,USNRS2544420,https://www.shazam.com/track/427907246/last-night-a-dj-saved-my-life-feat-anan%C3%A9-tony-touch-lv-remix,115.9,0.7,115.1,0.3
2026-02-27,Unlimited,1,DJ Functionist (It's Friday We Don't Care Mix),3,600,642,10:00,2,DeerPark Reflections,Music For Moogs (Cosmos),Lost Dream,eMERGENCY heARTS,2021,Ambient,GBRKQ2163612,https://www.shazam.com/track/580823103/music-for-moogs-cosmos,,-3.8,,-4.6
2026-02-27,Unlimited,1,DJ Functionist (It's Friday We Don't Care Mix),4,660,792,11:00,5,Modeselektor,This Track Kills Fascism,Classics Vol. 1 (We tried hard and failed again... enjoy!),Monkeytown Records,2026,Electronic,DEOE82600006,https://www.shazam.com/track/853809109/this-track-kills-fascism,116.7,0.5,116.1,0.1
2026-02-27,Unlimited,1,DJ Functionist (It's Friday We Don't Care Mix),5,810,1032,13:30,8,O'Flynn,Sunspear,Sunspear - Single,Silver Bear,2019,Dance,GBGNS1701717,https://www.shazam.com/track/464295630/sunspear,,0.5,,0.1
2026-02-27,Unlimited,1,DJ Functionist (It's Friday We Don't Care Mix),6,1050,1332,17:30,7,James Brown & The J.B.'s,Bodyheat (Pt.1 / Single Version),Star Time,Universal Records,1991,R&B/Soul,USUR10200172,https://www.shazam.com/track/3069018/bodyheat-pt-1-single-version,114.9,1.6,113.1,0.3
2026-02-27,Unlimited,1,DJ Functionist (It's Friday We Don't Care Mix),7,1080,1242,18:00,3,PBR Streetgang,J2Thab,J2Thab - Single,Kurtz Records,2011,Disco,GB3UD0900077,https://www.shazam.com/track/50861053/j2thab,115.1,-0.1,115.2,0.3
2026-02-27,Unlimited,1,DJ Functionist (It's Friday We Don't Care Mix),8,1350,1842,22:30,17,Rockers Revenge,Walking On Sunshine '82 (feat. Donnie Calvin),The Streetwise Sessions,Streetwise Records,1982,Disco,USWR39100019,https://www.shazam.com/track/323486/walking-on-sunshine-82-feat-donnie-calvin,115.0,-0.1,115.1,0.3
2026-02-27,Unlimited,1,DJ Functionist (It's Friday We Don't Care Mix),9,1860,2022,31:00,6,Shannon,Let the Music Play,Let the Music Play,Unidisc Music Inc.,1983,Dance,CAU118401853,https://www.shazam.com/track/323445/let-the-music-play,115.0,0.0,115.0,0.0
2026-02-27,Unlimited,1,DJ Functionist (It's Friday We Don't Care Mix),10,2040,2322,34:00,10,Cervo,Ebibi Bigende (feat. Spyda MC),Ebibi Bigende - Single,Banana Hill,2026,World,UKJJC2600001,https://www.shazam.com/track/855327076/ebibi-bigende-feat-spyda-mc,115.1,0.3,114.7,0.2
2026-02-27,Unlimited,1,DJ Functionist (It's Friday We Don't Care Mix),11,2520,2772,42:00,9,Madonna,Vogue,Celebration (Deluxe Video Edition),Warner Records,1990,Pop,USWB10903600,https://www.shazam.com/track/223551/vogue,116.6,0.0,116.6,-0.0
2026-02-27,Unlimited,1,DJ Functionist (It's Friday We Don't Care Mix),12,2940,3072,49:00,5,Genius Of Time,Houston We Have a Problem,Drifting Back - Single,Clone Royal Oak,2011,Dance,NLL561102917,https://www.shazam.com/track/53900663/houston-we-have-a-problem,116.3,-0.6,117.0,0.2
2026-02-27,Unlimited,2,DJ Functionist (Sunset Mix),1,30,252,0:30,7,Ossie,Are U Still Smiling? (Dam Swindle Remix),Are U Still Smiling? (Dam Swindle Remix) - Single,Heist Recordings,2026,Electronic,NLYV52600001,https://www.shazam.com/track/853448769/are-u-still-smiling-dam-swindle-remix,130.1,0.2,129.9,0.1
2026-02-27,Unlimited,2,DJ Functionist (Sunset Mix),2,330,582,5:30,8,Cinthie,Deep Inside Love (D Stone Remix),Deep Inside Love (D Stone Remix) - Single,Heist Recordings,2026,Electronic,NLYV52600002,https://www.shazam.com/track/853737561/deep-inside-love-d-stone-remix,127.0,-3.0,130.9,0.2
2026-02-27,Unlimited,2,DJ Functionist (Sunset Mix),3,630,942,10:30,10,KiRiK,Hug,Hug,Cecille Records,2025,House,GBKQU2545330,https://www.shazam.com/track/824767164/hug,128.1,-0.8,129.1,0.1
2026-02-27,Unlimited,2,DJ Functionist (Sunset Mix),4,960,1092,16:00,4,Dam Swindle,Open (feat. Samson) [Tesfa Williams Remix],Open (Tesfa Williams Remix) [feat. Samson] - Single,Heist Recordings,2026,Electronic,NLYV52600004,https://www.shazam.com/track/853770849/open-feat-samson-tesfa-williams-remix,128.0,-0.0,128.0,0.1
2026-02-27,Unlimited,2,DJ Functionist (Sunset Mix),5,990,1122,16:30,2,Steve Rachmad & Ignacio,Virton Upgraded,Virton Upgraded (Ben Klock Remixes) - EP,Music Man,2010,Techno,BEN581000248,https://www.shazam.com/track/55686279/virton-upgraded,128.5,0.0,128.5,0.2
2026-02-27,Unlimited,2,DJ Functionist (Sunset Mix),6,1410,1602,23:30,7,Disclosure,You & Me (feat. Eliza Doolittle) [Rivo Remix],You & Me (Special Edition) [feat. Eliza Doolittle] - EP,UMC (Universal Music Catalogue),2023,Electronic,GBUM72310662,https://www.shazam.com/track/686241685/you-me-feat-eliza-doolittle-rivo-remix,,4.5,,0.2
2026-02-27,Unlimited,2,DJ Functionist (Sunset Mix),7,1620,1842,27:00,8,Qess,Spaces In Between (feat. Ursula Rucker) [Rodriguez Jr. Remix],Spaces In Between (feat. Ursula Rucker) [Rodriguez Jr. Remix] - Single,Mobilee Records,2025,House,DGA062504372,https://www.shazam.com/track/842940843/spaces-in-between-feat-ursula-rucker-rodriguez-jr-remix,,4.1,,0.2
2026-02-27,Unlimited,2,DJ Functionist (Sunset Mix),8,1860,2202,31:00,10,Fahlberg,Stockholm Revival,Ain't No Life EP - Single,Diynamic Music,2025,Dance,DEDH72300425,https://www.shazam.com/track/822964242/stockholm-revival,127.6,2.9,124.0,0.2
2026-02-27,Unlimited,2,DJ Functionist (Sunset Mix),9,2250,2442,37:30,6,Stereo Underground & D'nox,Shooting Stars (Extended Version),Global Underground: Unique #3,Global Underground,2025,Dance,GBHFW2500087,https://www.shazam.com/track/811064551/shooting-stars-extended-version,127.9,2.2,125.2,0.2
2026-02-27,Unlimited,2,DJ Functionist (Sunset Mix),10,2460,2802,41:00,12,Tornado Wallace,Left At Sunset,Left At Sunset - Single,Running Back,2026,House,DEVY92600006,https://www.shazam.com/track/857925500/left-at-sunset,126.9,1.5,125.0,0.3
2026-02-27,Unlimited,2,DJ Functionist (Sunset Mix),11,2820,3162,47:00,3,Los Hermanos,Lifted Soul,Keep Hold Tight EP - EP,Rawax,2026,House,DEKB72608230,https://www.shazam.com/track/865001891/lifted-soul,126.6,-0.3,127.0,0.1
2026-02-27,Unlimited,2,DJ Functionist (Sunset Mix),12,2940,3042,49:00,2,Robin S.,Show Me Love,Show Me Love,Atlantic Records,1990,Pop,USAT29300075,https://www.shazam.com/track/5918573/show-me-love,126.6,1.5,124.8,1.0
2026-02-27,Unlimited,3,DJ Beware,1,630,972,10:30,9,Curses & Tutto Vetro,Wild Things (Fabrizio Mammarella Remix - Edit),Trust the Beat - EP,Wrong Era,2025,Electronic,DEG932505499,https://www.shazam.com/track/839130273/wild-things-fabrizio-mammarella-remix-edit,124.0,-2.4,127.0,-2.4
2026-02-27,Unlimited,3,DJ Beware,2,660,942,11:00,2,Robin S.,Show Me Love,Show Me Love,Atlantic Records,1990,Pop,USAT29300075,https://www.shazam.com/track/5918573/show-me-love,124.0,1.9,121.7,1.8
2026-02-27,Unlimited,3,DJ Beware,3,990,1302,16:30,11,Alexander Robotnick,Addio Addio,My La(te)st Album,Hot Elephant Music,2007,Electronic,ITG920700008,https://www.shazam.com/track/67852113/addio-addio,123.9,-3.2,127.9,-3.2
2026-02-27,Unlimited,3,DJ Beware,4,1680,1992,28:00,9,Comply,20 Seconds,Comply - EP,Klasse Wrecks,2026,Electronic,NLL561908878,https://www.shazam.com/track/887855534/20-seconds,124.0,-4.6,130.0,-4.6
2026-02-27,Unlimited,3,DJ Beware,5,2910,3012,48:30,2,Robin S.,Show Me Love,Show Me Love,Atlantic Records,1990,Pop,USAT29300075,https://www.shazam.com/track/5918573/show-me-love,124.0,-2.1,126.6,-2.5
2026-02-27,Unlimited,3,DJ Beware,6,3090,3432,51:30,12,Ivan & Johnny,"Balance No Bass (Red Axes Remix, Mixed)",fabric presents Red Axes (Mixed),fabric Records,2026,House,GBEXH2600057,https://www.shazam.com/track/864735677/balance-no-bass-red-axes-remix-mixed,124.0,-1.6,126.0,-0.6
2026-03-06,Unlimited,1,DJ Functionist (It's Friday We Don't Care!),1,1170,1542,19:30,13,RÜFÜS DU SOL,On My Knees (Adriatique Remix),Surrender (Remixes),Rose Avenue/Reprise,2022,Electronic,USRE12200396,https://www.shazam.com/track/622944428/on-my-knees-adriatique-remix,123.1,2.5,120.2,0.1
2026-03-06,Unlimited,1,DJ Functionist (It's Friday We Don't Care!),2,1560,1782,26:00,8,"&ME, Rampa, Adam Port, Sevdaliza & Keinemusik",See You Again,See You Again - Single,Keinemusik,2025,Electronic,DEEC33502099,https://www.shazam.com/track/833118672/see-you-again,123.0,2.5,120.1,0.1
2026-03-06,Unlimited,1,DJ Functionist (It's Friday We Don't Care!),3,1800,1932,30:00,5,Channel Tres,Medicine,Enigma POV,Alta Music Group,2026,Dance,QM4TX2609734,https://www.shazam.com/track/861037031/medicine,123.1,3.3,119.2,0.2
2026-03-06,Unlimited,1,DJ Functionist (It's Friday We Don't Care!),4,1950,2112,32:30,6,Balming Tiger & Yaeji,wo ai ni,wo ai ni / break it even - Single,Balming Tiger,2025,Pop,QMFME2589010,https://www.shazam.com/track/841162015/wo-ai-ni,123.2,4.2,118.3,0.3
2026-03-06,Unlimited,1,DJ Functionist (It's Friday We Don't Care!),5,2130,2352,35:30,8,"Klangkarussell, GIVVEN & SENES","Sun Went Down, Sky Went Dark",Petrichor,Bias Beach Records,2025,,ATFH82500501,https://www.shazam.com/track/828128560/sun-went-down-sky-went-dark,122.6,1.9,120.3,0.3
2026-03-06,Unlimited,1,DJ Functionist (It's Friday We Don't Care!),6,2550,2592,42:30,2,Argento,Red Light,Hang Tuff - Single,Tiger Records,2018,Dance,DEW871805329,https://www.shazam.com/track/429464278/red-light,,-1.3,,0.8
2026-03-06,Unlimited,1,DJ Functionist (It's Friday We Don't Care!),7,2760,3132,46:00,4,DJ Pierre,I Feel Love (Monkey Safari Remix) [feat. Chic Loren],I Feel Love (Monkey Safari Remix) [feat. Chic Loren] - Single,Get Physical Music,2022,Techno,DEBE72200251,https://www.shazam.com/track/616501797/i-feel-love-monkey-safari-remix-feat-chic-loren,128.5,2.7,125.1,0.4
2026-03-06,Unlimited,1,DJ Functionist (It's Friday We Don't Care!),8,2820,3102,47:00,2,Donna Summer,I Feel Love,I Remember Yesterday,Island Mercury,1977,Pop,USPR39402393,https://www.shazam.com/track/94229622/i-feel-love,128.6,1.6,126.6,0.6
2026-03-06,Unlimited,1,DJ Functionist (It's Friday We Don't Care!),9,2850,3042,47:30,5,Andre Volodin & Karina Smirnova,Cage (Ad Brown Dub Mix),Cage,Green House,2013,Dance,US83Z1327405,https://www.shazam.com/track/149917751/cage-ad-brown-dub-mix,128.4,0.4,127.9,0.4
2026-03-06,Unlimited,1,DJ Functionist (It's Friday We Don't Care!),10,3150,3372,52:30,8,Hotmood,We Gonna Get High,We Gonna Get High - Single,Hive Label,2026,Electronic,GBKQU2602738,https://www.shazam.com/track/857639739/we-gonna-get-high,128.3,3.5,123.9,0.0
2026-03-06,Unlimited,2,DJ Functionist (It's Friday We Don't Carex),1,210,372,3:30,6,Parov Stelar,Rebel Love,Artifact,etage noir recordings,2025,Electronic,ATE612500004,https://www.shazam.com/track/835303053/rebel-love,130.3,0.3,129.9,0.3
2026-03-06,Unlimited,2,DJ Functionist (It's Friday We Don't Carex),2,990,1152,16:30,6,"VTSS, Hudson Mohawke & LSDXOXO",The Lobby,The Lobby - Single,VTSS,2026,Electronic,SGB502680153,https://www.shazam.com/track/863666419/the-lobby,144.2,-1.9,147.0,0.0
2026-03-06,Unlimited,2,DJ Functionist (It's Friday We Don't Carex),3,1170,1272,19:30,2,Robbie Rivera,It's Midnight,The Way You Are - EP,Filtered / EMG,2008,Dance,USGZ20817981,https://www.shazam.com/track/57829493/its-midnight,131.3,2.7,127.9,2.9
2026-03-06,Unlimited,2,DJ Functionist (It's Friday We Don't Carex),4,1200,1362,20:00,5,Chloé Caillet & Andre Zimmer,Come Back 2 Me (Extended),Come Back 2 Me (Extended) - Single,Disorder Artist & Label Services,2026,Dance,USA2P2568799,https://www.shazam.com/track/852407371/come-back-2-me-extended,131.9,-0.2,132.2,0.2
2026-03-06,Unlimited,2,DJ Functionist (It's Friday We Don't Carex),5,1410,1512,23:30,2,MPH,Nova,Nova - EP,Night Bass Records,2021,Dance,USYBL2002201,https://www.shazam.com/track/551146838/nova,,-0.7,,-0.0
2026-03-06,Unlimited,2,DJ Functionist (It's Friday We Don't Carex),6,1560,1722,26:00,6,Wh0 & Low Steppa,Raise Them (Extended Mix),Raise Them - Single,Edible,2026,Dance,UKJSW2500048,https://www.shazam.com/track/856389360/raise-them-extended-mix,131.2,2.3,128.2,0.4
2026-03-06,Unlimited,2,DJ Functionist (It's Friday We Don't Carex),7,1740,1932,29:00,3,DJ Tennis,Hello Hello,Hello Hello - Single,fabric Records,2026,House,GBEXH2500211,https://www.shazam.com/track/852788297/hello-hello,130.9,0.8,129.9,0.3
2026-03-06,Unlimited,2,DJ Functionist (It's Friday We Don't Carex),8,1800,1902,30:00,2,Taylor Swift & Loud Luxury,The Fate of Ophelia (Loud Luxury Remix),The Fate of Ophelia (Loud Luxury Remix) - Single,Taylor Swift,2025,Pop,USUG12510012,https://www.shazam.com/track/847020127/the-fate-of-ophelia-loud-luxury-remix,130.9,0.7,129.9,1.4
2026-03-06,Unlimited,2,DJ Functionist (It's Friday We Don't Carex),9,1980,2202,33:00,6,Worakls & Carl Cox,No Boundaries (Carl Cox Remix),No Boundaries (Carl Cox Remix) - Single,Universal Music Division Polydor France,2025,Electronic,FR6NC2590700,https://www.shazam.com/track/829887849/no-boundaries-carl-cox-remix,131.0,0.7,130.0,0.3
2026-03-06,Unlimited,2,DJ Functionist (It's Friday We Don't Carex),10,2220,2382,37:00,5,Jayda G,Uncomfortable,Uncomfortable - Single,JMG Records,2026,Dance,QM4TX2644071,https://www.shazam.com/track/863524756/uncomfortable,131.0,-0.8,132.0,0.4
2026-03-06,Unlimited,2,DJ Functionist (It's Friday We Don't Carex),11,2400,2652,40:00,2,Victor Vera,Pressure (Daniel Sbert Remix),Pressure - Single,Unity Records,2015,House,CAH4R1300235,https://www.shazam.com/track/243386494/pressure-daniel-sbert-remix,131.0,3.7,126.3,2.8
2026-03-06,Unlimited,2,DJ Functionist (It's Friday We Don't Carex),12,2430,2592,40:30,6,"Ahadadream, Skrillex & Raf-Saperra",Bass Dhol,Bass Dhol - Single,Universal-Island Records Ltd.,2026,Dance,GBUM72507437,https://www.shazam.com/track/857411755/bass-dhol,130.9,0.7,130.0,0.3
2026-03-06,Unlimited,2,DJ Functionist (It's Friday We Don't Carex),13,2610,2922,43:30,10,Harry Styles,Aperture,"Kiss All The Time. Disco, Occasionally.",Columbia,2026,Pop,USSM12600096,https://www.shazam.com/track/859357017/aperture,130.9,2.3,128.0,0.3
2026-03-06,Unlimited,2,DJ Functionist (It's Friday We Don't Carex),14,2940,3402,49:00,16,C.J. Bolland,Sugar Is Sweeter (Armand Van Helden's Drum 'n' Bass Mix),The Analogue Theatre,London Music Stream/Because Music,1996,Electronic,GBAMY9700121,https://www.shazam.com/track/20022051/sugar-is-sweeter-armand-van-heldens-drum-n-bass-mix,132.0,3.2,128.0,0.0
2026-03-06,Unlimited,3,DJ Functionist,1,180,492,3:00,11,Luca Lozano,Save Me From the Rave,Number One Difficult Man - EP,Klasse Wrecks,2024,Dance,NLL561908798,https://www.shazam.com/track/700464575/save-me-from-the-rave,145.2,0.8,144.1,-0.1
2026-03-06,Unlimited,3,DJ Functionist,2,510,822,8:30,11,Breaka,The Startup,The Startup - Single,Off Beat,2020,Breakbeat,UKYW92000001,https://www.shazam.com/track/537395394/the-startup,129.0,-0.8,130.0,-0.3
2026-03-06,Unlimited,3,DJ Functionist,3,900,1092,15:00,3,Gigi D'Agostino,Bla Bla Bla,L'amour Toujours,ZYX Music,1999,Dance,DEA319908479,https://www.shazam.com/track/10498654/bla-bla-bla,129.1,-3.0,133.1,-2.4
2026-03-06,Unlimited,3,DJ Functionist,4,960,1062,16:00,2,Hotswing,Sensation (Extended Mix),Sensation - Single,Toolroom,2024,Dance,GBJAJ2400211,https://www.shazam.com/track/690856974/sensation-extended-mix,,-2.3,,-0.2
2026-03-06,Unlimited,3,DJ Functionist,5,1110,1482,18:30,7,Floorfilla,Anthem #2 (D.J. Cerla Floorfiller Mix),Anthem #2 - EP,Expanded Music Srl,1999,Dance,IT00G9913501,https://www.shazam.com/track/10308183/anthem-2-d-j-cerla-floorfiller-mix,99.0,0.2,98.8,-0.1
2026-03-06,Unlimited,3,DJ Functionist,6,1650,1992,27:30,9,Ja Loopman,C.R.E.A.M,,,,Electronic,,https://www.shazam.com/track/669083547/c-r-e-a-m,129.1,-0.8,130.1,-0.1
2026-03-06,Unlimited,3,DJ Functionist,7,1770,1962,29:30,3,Claptone,Cream (Treasure FIngers),,,,,,https://www.shazam.com/track/57431962/cream-treasure-fingers,,3.6,,-0.2
2026-03-06,Unlimited,3,DJ Functionist,8,2010,2172,33:30,4,Digitalism & David Bay,your love,your love - Single,CURATORS,2025,House,QZAKB2472281,https://www.shazam.com/track/819915661/your-love,127.0,0.8,126.0,-0.2
2026-03-06,Unlimited,3,DJ Functionist,9,2370,2472,39:30,2,DEADWALKMAN,Rhythm 11,Early Years,Black Traxx Series,2018,Dance,FRX282545867,https://www.shazam.com/track/472062280/rhythm-11,,-2.3,,-1.4
2026-03-06,Unlimited,3,DJ Functionist,10,2400,2592,40:00,3,Diva DJs Vs Nicki French,Total Eclipse of the Heart Spit & Polish Club Mix,Total Eclipse of the Heart,Energise Records Ltd,1995,Pop,GBKRX0500040,https://www.shazam.com/track/90974313/total-eclipse-of-the-heart-spit-polish-club-mix,127.1,-4.5,133.0,-4.6
2026-03-06,Unlimited,3,DJ Functionist,11,2760,2892,46:00,4,DJ Sneak,Love Can Make It Happen (Edit),Back to Love - EP,Heist Recordings,1999,Electronic,NLYV52300053,https://www.shazam.com/track/681352921/love-can-make-it-happen-edit,127.0,0.8,126.0,-0.1
2026-03-06,Unlimited,3,DJ Functionist,12,2970,3252,49:30,4,Argento,Red Light,Hang Tuff - Single,Tiger Records,2018,Dance,DEW871805329,https://www.shazam.com/track/429464278/red-light,127.0,2.4,124.0,3.1
2026-03-06,Unlimited,3,DJ Functionist,13,3030,3102,50:30,2,Andre Salmon,Verkro,Endless Pleasure - Single,Not So Secret,2017,Electronic,DEH741712991,https://www.shazam.com/track/373202973/verkro,126.9,1.5,125.0,-0.6
2026-03-06,Unlimited,3,DJ Functionist,14,3270,3522,54:30,6,COEO,Back in the Days,Back in the Days - EP,Toy Tonics,2016,House,DEBY41200177,https://www.shazam.com/track/305100172/back-in-the-days,127.0,1.7,124.9,-0.1
2026-03-13,Unlimited,1,DJ Functionist,1,30,282,0:30,7,EDE & Re.You,Casa,Casa - Single,Magnifik Music,2026,House,GBKQU2623619,https://www.shazam.com/track/865749513/casa,123.6,1.3,122.0,0.1
2026-03-13,Unlimited,1,DJ Functionist,2,90,252,1:30,2,Ali Bakgor,In a Dream (Extended),In a Dream - Single,FRCST RCRDS,2021,Dance,ZZOPM2104263,https://www.shazam.com/track/554376429/in-a-dream-extended,123.4,-0.4,123.9,0.1
2026-03-13,Unlimited,1,DJ Functionist,3,420,582,7:00,6,Groove Armada,Love’s Theme,Love’s Theme - Single,Glitterbox Recordings,2026,Dance,GBCPZ2625083,https://www.shazam.com/track/859698787/loves-theme,123.7,-0.2,123.9,0.2
2026-03-13,Unlimited,1,DJ Functionist,4,690,762,11:30,3,SSSoundGawd & Mavo,Aura Salad,Breaking - Single,Inner Circle Entertainment Ltd.,2026,Afro-Beat,QM4TX2651536,https://www.shazam.com/track/862327080/aura-salad,118.3,4.7,113.0,0.2
2026-03-13,Unlimited,1,DJ Functionist,5,780,822,13:00,2,The Second Voice,LET ME BE,LET ME BE - Single,Spinnin' Records,2026,Dance,QZNWW2678435,https://www.shazam.com/track/858639217/let-me-be,118.0,4.5,112.9,0.2
2026-03-13,Unlimited,1,DJ Functionist,6,840,912,14:00,3,"CowBoii, Fada Figa & Papiki",Mdantso Nyana (feat. Leemckrazy & Macdeedozer),THIS AINT' A.I: DAYS AFTER A.I,Mculo / EMPIRE,2025,House,USUYG1735793,https://www.shazam.com/track/827507965/mdantso-nyana-feat-leemckrazy-macdeedozer,,0.0,,-0.0
2026-03-13,Unlimited,1,DJ Functionist,7,1110,1182,18:30,2,Hot'n'Juicy & Mousse T.,Horny ('98 Radio Edit),Horny (Radio Edit's) - Single,Peppermint Jam Records,1998,Electronic,DEP081900009,https://www.shazam.com/track/11146515/horny-98-radio-edit,127.6,1.3,126.0,1.3
2026-03-13,Unlimited,1,DJ Functionist,8,1140,1212,19:00,2,Argento,Red Light,Hang Tuff - Single,Tiger Records,2018,Dance,DEW871805329,https://www.shazam.com/track/429464278/red-light,127.6,2.9,124.1,2.9
2026-03-13,Unlimited,1,DJ Functionist,9,1230,1542,20:30,11,Ewan McVicar,Share The House,Share The House - Single,Robots & Humans,2026,Dance,GBARL2600121,https://www.shazam.com/track/860123530/share-the-house,127.5,0.4,127.0,0.3
2026-03-13,Unlimited,1,DJ Functionist,10,1590,1782,26:30,3,Eddie Amador,House Music (Message Mix),House Music - EP,Yoshitoshi Recordings,2014,Dance,GBKQU1488177,https://www.shazam.com/track/10380291/house-music-message-mix,128.0,4.1,122.9,3.7
2026-03-13,Unlimited,1,DJ Functionist,11,1620,1752,27:00,3,Daphni,Talk To Me,Butterfly,Jiaolong,2026,Electronic,FRIDO2514027,https://www.shazam.com/track/846156815/talk-to-me,,0.0,,0.0
2026-03-13,Unlimited,2,Seba Kayan,1,180,282,3:00,3,Livin' In Da Ghetto,Arabian Song (Da Ghetto Fuckiro Club),Arabian Song (feat. Moktar),Clubbin,2000,Dance,ITA160000493,https://www.shazam.com/track/10754742/arabian-song-da-ghetto-fuckiro-club,124.2,-0.7,125.0,-0.0
2026-03-13,Unlimited,2,Seba Kayan,2,540,702,9:00,5,"Badbox, HVMZA & ELIŌ",Zurna II,Zurna II - Single,WE'RE HERE,2025,,DEEC33501865,https://www.shazam.com/track/813412410/zurna-ii,123.8,1.7,121.8,0.0
2026-03-13,Unlimited,2,Seba Kayan,3,720,822,12:00,4,"Kofla, Guzt & GAGH",Mamacita,Loco De Remate EP - Single,Nervous Records,2025,Dance,USNRS2544115,https://www.shazam.com/track/824551844/mamacita,124.0,-3.1,128.0,-3.1
2026-03-13,Unlimited,2,Seba Kayan,4,840,972,14:00,5,Acid Arab & Cem Yıldız,Atlas (Album Version),Resonance,All Night Long,2026,House,FR9W12451460,https://www.shazam.com/track/717539603/atlas-album-version,124.0,-1.6,125.9,-0.0
2026-03-13,Unlimited,2,Seba Kayan,5,990,1152,16:30,6,The Populists,Bakchich,Zone 36: Bakchich - Single,ZONE,2019,Electronic,FR5FT1400098,https://www.shazam.com/track/467655702/bakchich,124.0,3.4,119.9,3.4
2026-03-13,Unlimited,2,Seba Kayan,6,1560,1842,26:00,7,Luca Garaboni,Niño (feat. Fabiola Osorio) [Marco Lys Remix],Niño (feat. Fabiola Osorio) [Marco Lys Remix] - Single,Adesso Music,2025,Dance,UKU332400436,https://www.shazam.com/track/804570479/ni%C3%B1o-feat-fabiola-osorio-marco-lys-remix,127.0,-0.5,127.7,-0.0
2026-03-13,Unlimited,2,Seba Kayan,7,2460,2742,41:00,10,Butch,Moroccans from Outer Space With Lasers (Mixed),"Making Time: HAAi, Sep 21, 2025 (DJ Mix)",,2025,House,US23A9405458,https://www.shazam.com/track/834626939/moroccans-from-outer-space-with-lasers-mixed,125.3,1.7,123.2,-0.0
2026-03-13,Unlimited,2,Seba Kayan,8,2760,3072,46:00,11,Catz 'N Dogz,The Choice (Angelos Remix),The Choice - Single,Pets Recordings,2024,House,PLE072419402,https://www.shazam.com/track/705105367/the-choice-angelos-remix,124.8,2.5,121.8,2.5
2026-03-13,Unlimited,3,DJ Beware,1,30,222,0:30,7,The Exaltics,Propaganda DNA (feat. Paris the Black FU) [The Alternate Universe Mix],Paris The Black Fu v The Exaltics - Single,Engineroom,2024,Electronic,NLS382400005,https://www.shazam.com/track/713058945/propaganda-dna-feat-paris-the-black-fu-the-alternate,102.8,-0.0,102.8,-0.0
2026-03-13,Unlimited,3,DJ Beware,2,240,402,4:00,6,James Shinra,Cowbell,Shinra Electro Company Vol 1 - EP,Shinra Electro Company,2024,Electronic,GX53U2390227,https://www.shazam.com/track/717383132/cowbell,137.0,-4.9,144.0,-4.9
2026-03-13,Unlimited,3,DJ Beware,3,420,582,7:00,6,James Shinra,Turn It Up,Shinra Electro Company Vol 1 - EP,Shinra Electro Company,2024,Electronic,GX53U2390226,https://www.shazam.com/track/717383142/turn-it-up,137.0,1.5,135.0,1.5
2026-03-13,Unlimited,3,DJ Beware,4,600,672,10:00,2,Detroit In Effect,Work It,Work It - EP,MAP Records,2012,Electronic,NLL561103021,https://www.shazam.com/track/55586987/work-it,137.0,-2.2,140.0,-2.1
2026-03-13,Unlimited,3,DJ Beware,5,1200,1422,20:00,8,Luca Lozano,Calling All Dancers (Hell is Other Djs Mix),'Calling All Dancers Remixes' - EP,Klasse Wrecks,2026,Electronic,NLL561908856,https://www.shazam.com/track/862765952/calling-all-dancers-hell-is-other-djs-mix,137.1,3.8,132.1,3.8
2026-03-13,Unlimited,3,DJ Beware,6,1440,1722,24:00,10,Or:la,Chant (Christopher Ledger Remix),,,,Dance,,https://www.shazam.com/track/824328689/chant-christopher-ledger-remix,137.0,3.0,133.0,3.0
2026-03-13,Unlimited,3,DJ Beware,7,1740,1932,29:00,7,ctrl+opt,Turn It Up,Power - EP,Flamingo Park,2025,Electronic,USYBL2501224,https://www.shazam.com/track/823410578/turn-it-up,136.9,3.0,133.0,3.0
2026-03-13,Unlimited,3,DJ Beware,8,2700,2982,45:00,9,Comply,20 Seconds,Comply - EP,Klasse Wrecks,2026,Electronic,NLL561908878,https://www.shazam.com/track/887855534/20-seconds,131.1,0.8,130.0,0.8
2026-03-20,Unlimited,1,DJ Functionist,1,660,882,11:00,7,Idris Muhammad,Could Heaven Ever Be Like This,Turn This Mutha Out,CTI,1977,Jazz,USSM11405937,https://www.shazam.com/track/10454200/could-heaven-ever-be-like-this,126.2,1.4,124.5,0.0
2026-03-20,Unlimited,2,DJ Functionist (B.Visible EP Preview),1,780,912,13:00,5,MOTSA & Jon Gravy,Apart,Apart - Single,Studio Bahöö,2026,Dance,ATJA52600301,https://www.shazam.com/track/863380451/apart,88.8,0.1,88.8,0.1
2026-03-20,Unlimited,3,DJ Functionist,1,480,522,8:00,2,Temples,Jet Stream Heart,BLISS,V2 Records Benelux,2026,Psychedelic,NLC242500536,https://www.shazam.com/track/859752490/jet-stream-heart,120.8,-0.9,121.9,-0.0
2026-03-20,Unlimited,3,DJ Functionist,2,540,672,9:00,5,Alexandra Feusi,Hello Sunday,Hello Sunday - Single,Iptamenos Discos,2023,House,DGA0M2361140,https://www.shazam.com/track/679811018/hello-sunday,121.0,0.0,121.0,-0.0
2026-03-20,Unlimited,4,Alexandra Feusi,1,540,582,9:00,2,Macross 82-99,Horsey (feat. Sarah Bonito),A Millions Miles Away,Neon City Records,2014,Electronic,QM42K1951125,https://www.shazam.com/track/151631339/horsey-feat-sarah-bonito,122.2,4.3,117.2,0.0
2026-03-20,Unlimited,4,Alexandra Feusi,2,630,732,10:30,4,HARRY HOSONO & THE WORLD SHYNESS,Body Snatchers,Flying Saucer 1947,Speedstar,2007,J-Pop,JPVI00733350,https://www.shazam.com/track/40769622/body-snatchers,122.0,-0.3,122.4,-0.0
2026-03-20,Unlimited,4,Alexandra Feusi,3,900,1092,15:00,3,Night Tempo & JUNKO YAGAMI,みずいろの雨 (Night Tempo Showa Groove Mix),八神純子 – Night Tempo presents ザ・昭和グルーヴ - Single,"Yamaha Music Entertainment Holdings, Inc.",2021,J-Pop,JPT202100130,https://www.shazam.com/track/586786216/%E3%81%BF%E3%81%9A%E3%81%84%E3%82%8D%E3%81%AE%E9%9B%A8-night-tempo-showa-groove-mix,126.2,1.7,124.1,-0.0
2026-03-20,Unlimited,4,Alexandra Feusi,4,930,1032,15:30,3,JUNKO YAGAMI,Mizuiro No Ame,Sugao No Watashi,TEICHIKU ENTERTAINMENT,1979,Singer/Songwriter,JPAP09819305,https://www.shazam.com/track/41014087/%E3%81%BF%E3%81%9A%E3%81%84%E3%82%8D%E3%81%AE%E9%9B%A8,124.7,-0.7,125.6,-0.1
2026-03-20,Unlimited,4,Alexandra Feusi,5,1140,1272,19:00,5,Kirinji,Jikanga Nai,DANCE - KIRINJI MINI PLAYLIST No. 3 - EP,UME - Global Clearing House,2002,J-Pop,JPPO01801030,https://www.shazam.com/track/414589133/jikanga-nai,126.2,0.0,126.2,0.0
2026-03-20,Unlimited,4,Alexandra Feusi,6,1320,1362,22:00,2,Soichi Terada,Voices From Beyond,Sounds from the Far East,Rush Hour,2015,House,NLM971400060,https://www.shazam.com/track/235691682/voices-from-beyond,126.9,0.6,126.2,0.1
2026-03-20,Unlimited,4,Alexandra Feusi,7,1380,1482,23:00,3,ATB,Ecstasy,No Silence,Kontor Records,2004,Dance,DEN060401581,https://www.shazam.com/track/40329071/ecstasy,129.9,-0.2,130.2,0.3
2026-03-20,Unlimited,4,Alexandra Feusi,8,1590,1782,26:30,5,Hiroshi Watanabe,Your Smile Tears,GENESIS (Complete Remasterd Edition),Music in the deep cosmos,2016,Electronic,JPS809910350,https://www.shazam.com/track/58639321/your-smile-tears,134.2,3.1,130.2,-0.0
2026-03-20,Unlimited,4,Alexandra Feusi,9,1830,1962,30:30,4,Denki Groove,Man Human (Devilman Crybaby Version),Man Human - EP,Sony Music Labels Inc.,2018,J-Pop,JPU901703683,https://www.shazam.com/track/400439264/man-human-devilman-crybaby-version,137.1,2.5,133.7,-0.0
2026-03-20,Unlimited,4,Alexandra Feusi,10,1980,2172,33:00,6,Wata Igarashi,Echoes Beyond,My Supernova,Dekmantel,2025,Dance,NLTH62500089,https://www.shazam.com/track/842560297/echoes-beyond,137.0,-0.7,138.0,-0.0
2026-03-20,Unlimited,4,Alexandra Feusi,11,2220,2262,37:00,2,Nura M. Inuwa,Tauraro,Ni Da Ku,M.Inuwa Edutainment,2021,Singer/Songwriter,ZA56E2100821,https://www.shazam.com/track/572817752/tauraro,137.0,-0.1,137.1,0.0
2026-03-20,Unlimited,4,Alexandra Feusi,12,2340,2502,39:00,6,Masayoshi Takanaka,Dancing to Cat Guitar,夏・全・開,Universal Music LLC,1984,Jazz,JPKT08401306,https://www.shazam.com/track/244509818/dancing-to-cat-guitar,140.3,1.2,138.7,-0.0
2026-03-20,Unlimited,4,Alexandra Feusi,13,2520,2742,42:00,8,Yellow Magic Orchestra,Technopolis,YMO Go Home!,Sony Music Direct (Japan) Inc.,1978,Electronic,JPAL07900790,https://www.shazam.com/track/40825415/technopolis,143.1,0.2,142.9,-0.0
2026-03-20,Unlimited,4,Alexandra Feusi,14,2760,2952,46:00,7,WEDNESDAY CAMPANELLA,Buckingham,Neon,WM Japan,2018,J-Pop,JPWP02101158,https://www.shazam.com/track/588721698/buckingham,144.9,-0.0,145.0,-0.0
2026-03-20,Unlimited,4,Alexandra Feusi,15,3270,3402,54:30,5,⌭ IceMorph ⌬,Unprompted,Unprompted - Single,Live From Earth,2026,Electronic,USZ4V2600031,https://www.shazam.com/track/859946434/unprompted,136.2,0.8,135.1,0.0
2026-03-20,Unlimited,4,Alexandra Feusi,16,3420,3612,57:00,2,Darude,Sandstorm,Before the Storm,16 Inch Records,1999,Dance,FISGC9900001,https://www.shazam.com/track/87213338/sandstorm,136.3,-1.4,138.2,-1.5
2026-03-20,Unlimited,4,Alexandra Feusi,17,3630,3822,1:00:30,6,scruz & Frey,Together,Me! - EP,WUGD,2026,Electronic,QZYB42500743,https://www.shazam.com/track/857746125/together,136.1,-0.6,137.0,0.1
2026-03-20,Unlimited,5,DJ Beware,1,30,192,0:30,6,Passarani,Wake Up Shake It,Digipack Vol. 1 - EP,Studiomaster,2025,House,DEVY92500008,https://www.shazam.com/track/809932636/wake-up-shake-it,127.0,0.0,127.0,-0.0
2026-03-20,Unlimited,5,DJ Beware,2,270,372,4:30,3,Rosario Intrallazzi,Shake Your Body (feat. Celeda),,,,Electronic,,https://www.shazam.com/track/374790817/shake-your-body-feat-celeda,126.9,0.8,126.0,0.8
2026-03-20,Unlimited,5,DJ Beware,3,420,732,7:00,11,Wulf n Bear & Ralph Lawson,Raptures of The Deep (Ralph Lawson Dub),Raptures Of The Deep - Single,20/20 Vision Recordings,2025,House,GBEWY2100225,https://www.shazam.com/track/820822447/raptures-of-the-deep-ralph-lawson-dub,127.0,-0.0,127.0,-0.0
2026-03-20,Unlimited,5,DJ Beware,4,780,912,13:00,2,Madness Ba,Anywhere,Somewhere - Single,Platform 7even,2018,House,GBKQU1799175,https://www.shazam.com/track/381916834/anywhere,127.0,2.4,124.0,0.8
2026-03-20,Unlimited,5,DJ Beware,5,810,972,13:30,3,DJ Vibe,The Underground,Global Grooves,Kaos Records Portugal,2000,Dance,QM4TX1726899,https://www.shazam.com/track/10525851/the-underground,127.0,-0.7,127.9,-0.2
2026-03-20,Unlimited,5,DJ Beware,6,930,1002,15:30,2,Chicane & Moya Brennan,Saltwater,Twenty,Armada Music Albums,1999,Trance,GBRDU0800054,https://www.shazam.com/track/238654/saltwater,127.0,-3.1,131.1,-0.2
2026-03-20,Unlimited,5,DJ Beware,7,1050,1302,17:30,9,Christian AB,Infinite Resonance,The Nu Life LP,Faith Beat,2024,Dance,NLL562302323,https://www.shazam.com/track/702418574/infinite-resonance,127.1,-2.8,130.8,-2.9
2026-03-20,Unlimited,5,DJ Beware,8,1440,1512,24:00,2,Reboot,Silk (Mike the Connector & Daaeeru Remix),Silk (Mike the Connector & Daaeeru Remix) - Single,Snatch! Records,2026,House,GB9UU2600091,https://www.shazam.com/track/887110253/silk-mike-the-connector-daaeeru-remix,127.0,-0.9,128.2,-1.5
2026-03-20,Unlimited,5,DJ Beware,9,1470,1752,24:30,8,Pancratio,A Never Ending Story,Love Letters - EP,Love On The Rocks,2025,House,GBKQU2552319,https://www.shazam.com/track/827905149/a-never-ending-story,127.0,-2.3,130.0,-2.3
2026-03-20,Unlimited,5,DJ Beware,10,1770,2022,29:30,9,Raxon,Go Computer,Uswatt,DSK Records,2024,Electronic,DEEC33501650,https://www.shazam.com/track/714857476/go-computer,127.0,-0.8,128.0,-0.8
2026-03-20,Unlimited,5,DJ Beware,11,2310,2382,38:30,2,Bombay Traffic,Soul Brother (Superlover Remix),Soul Brother - Single,Indiana Tones,2013,Dance,CH3131620131,https://www.shazam.com/track/419818919/soul-brother-superlover-remix,127.0,2.3,124.1,-0.0
2026-03-20,Unlimited,5,DJ Beware,12,3030,3372,50:30,8,Tripmastaz,Hypno Dre Vox,Tripmastaz 08 - EP,Plant 74 Records,2023,House,GBLV62301636,https://www.shazam.com/track/682172783/hypno-dre-vox,127.0,0.0,127.0,-0.0
2026-03-20,Unlimited,5,DJ Beware,13,3420,3582,57:00,5,Mandar,String Theory,String Theory - EP,Mandar,2018,Electronic,QM24S1812051,https://www.shazam.com/track/417618240/string-theory,127.0,1.6,125.1,1.6
2026-03-27,Unlimited,1,DJ Functionist (1),1,30,282,0:30,9,Bosq,Rumbero (feat. Nidia Gongora & Nickodemus) [Nickodemus Remix],,,,World,,https://www.shazam.com/track/545586452/rumbero-feat-nidia-gongora-nickodemus-nickodemus-remix,111.8,0.8,110.9,0.0
2026-03-27,Unlimited,1,DJ Functionist (1),2,330,612,5:30,10,Crackazat,Coffee Time,Coffee Time - Single,Eureka!,2017,House,GBLV61701519,https://www.shazam.com/track/378171276/coffee-time,122.7,4.7,117.2,0.0
2026-03-27,Unlimited,1,DJ Functionist (1),3,660,882,11:00,2,Nina Kraviz,tarde (melchior productions ltd late mix),tarde (remixes),Nina Kraviz Music,2023,Electronic,QMBZ92311084,https://www.shazam.com/track/671334655/tarde-melchior-productions-ltd-late-mix,122.5,-2.1,125.2,-2.0
2026-03-27,Unlimited,1,DJ Functionist (1),4,690,822,11:30,4,Axel Boman,Spooky,From Riches to Rags - EP,Aus Music,2026,Electronica,DEG932600256,https://www.shazam.com/track/860228647/spooky,122.6,0.4,122.1,-0.0
2026-03-27,Unlimited,1,DJ Functionist (1),5,900,1122,15:00,5,Barry Can't Swim,Like The Old Days,Like The Old Days - Single,Technicolour,2022,Electronic,GBCFB2200807,https://www.shazam.com/track/638176135/like-the-old-days,122.7,0.4,122.2,0.0
2026-03-27,Unlimited,1,DJ Functionist (1),6,1140,1272,19:00,3,CC:DISCO!,Chez Moi (Waiting For You) [feat. Confidence Man] [Edit],Chez Moi (Waiting For You) [feat. Confidence Man] - Single,Phantasy Sound,2023,Dance,GBTZZ2300069,https://www.shazam.com/track/670501050/chez-moi-waiting-for-you-feat-confidence-man-edit,,0.8,,0.0
2026-03-27,Unlimited,1,DJ Functionist (1),7,1470,1602,24:30,3,Faithless,Salva Mea,Reverence / Irreverence,Cheeky Records,1996,Dance,GBBXH9920071,https://www.shazam.com/track/67437814/salva-mea,124.7,-2.4,127.8,-0.4
2026-03-27,Unlimited,1,DJ Functionist (1),8,1680,1872,28:00,4,Makèz,Can't Relate (Feat. Leah Cleaver) [feat. Leah Cleaver],"Anywhere, Anyway - EP",Kaoz Theory,2026,House,GXFCP2600017,https://www.shazam.com/track/860267657/cant-relate-feat-leah-cleaver-feat-leah-cleaver,124.5,0.6,123.8,0.2
2026-03-27,Unlimited,1,DJ Functionist (1),9,1710,1902,28:30,2,"Bedouin, Luch & Karl Williams",The Only One (Radio Edit),The Only One - Single,Human By Default,2026,House,GBKQU2630686,https://www.shazam.com/track/871319949/the-only-one-radio-edit,124.6,2.3,121.8,3.1
2026-03-27,Unlimited,1,DJ Functionist (1),10,2340,2562,39:00,4,Daphni,Cloudy (Kelbin Remix),Cloudy (Kelbin Remix) - Single,Jiaolong,2023,Dance,FRIDO2211452,https://www.shazam.com/track/646873187/cloudy-kelbin-remix,133.3,0.2,133.0,0.2
2026-03-27,Unlimited,1,DJ Functionist (1),11,2460,2652,41:00,5,Alice Deejay,Better Off Alone,Better Off Alone,Universal Music B.V.,1998,Dance,NLC529811129,https://www.shazam.com/track/229252/better-off-alone,134.2,-1.9,136.8,-0.5
2026-03-27,Unlimited,1,DJ Functionist (1),12,2700,2742,45:00,2,Whigfield,Sexy Eyes (Extended Version),Sexy Eyes - Single,X Energy,1996,Dance,IT00D9505006,https://www.shazam.com/track/57906621/sexy-eyes-extended-version,134.2,2.3,131.1,3.1
2026-03-27,Unlimited,1,DJ Functionist (1),13,2760,2982,46:00,8,Soulwax,Perfect We Are Not (Edit),Perfect We Are Not (Edit) - Single,Soulwax,2026,Electronic,UKS362600365,https://www.shazam.com/track/865735688/perfect-we-are-not-edit,134.3,3.3,130.1,0.1
2026-03-27,Unlimited,2,DJ Functionist (2),1,60,312,1:00,9,Bufi & Mordisco,Los Pilares,Los Pilares - Single,Atomnation,2020,Dance,NLC7F2000103,https://www.shazam.com/track/546864681/los-pilares,115.4,1.2,114.0,0.0
2026-03-27,Unlimited,2,DJ Functionist (2),2,810,1152,13:30,12,Inkswel & Colonel Red,Hold On 2 It (Moodymann Remix),"Holders of the Sun Remix EP (incl. Moodymann, Potatohead People, Moodorama Remixes)",Compost Records,2023,House,DEM092200110,https://www.shazam.com/track/646717351/hold-on-2-it-moodymann-remix,116.1,0.9,115.0,0.1
2026-03-27,Unlimited,2,DJ Functionist (2),3,1170,1512,19:30,12,Maribou State,Turnmills (Edit),Turnmills - Single,Counter Records,2018,Electronic,GBCFB1800031,https://www.shazam.com/track/414836109/turnmills-edit,116.0,1.0,114.9,0.2
2026-03-27,Unlimited,2,DJ Functionist (2),4,1830,2082,30:30,9,SOFI TUKKER,Drinkee,Soft Animals - EP,"Ultra Records, LLC",2015,Dance,TCACG1507830,https://www.shazam.com/track/266925068/drinkee,116.9,1.6,115.1,0.1
2026-03-27,Unlimited,2,DJ Functionist (2),5,2370,2652,39:30,10,O'Flynn,Tru Dancing,Tru Dancing - Single,Silver Bear Recordings,2017,Dance,GBKPL1785509,https://www.shazam.com/track/367969577/tru-dancing,117.4,0.4,116.9,0.0
2026-03-27,Unlimited,2,DJ Functionist (2),6,3060,3342,51:00,9,6th Borough Project,Let Me Know,The Deal - EP,Delusions of Grandeur,2026,Dance,GBZHR2600464,https://www.shazam.com/track/856696140/let-me-know,118.7,0.6,118.0,0.2
2026-03-27,Unlimited,2,DJ Functionist (2),7,3360,3762,56:00,14,Red Axes,Ho Chi Min (feat. Bèo Dạt Mây Trôi & HCMC Students),Trips #2: Vietnam - EP,!K7 Records,2019,Electronic,DEG931900048,https://www.shazam.com/track/467307579/ho-chi-min-feat-b%C3%A8o-d%E1%BA%A1t-m%C3%A2y-tr%C3%B4i-hcmc-students,119.3,1.0,118.1,0.2
2026-03-27,Unlimited,3,DJ Beware,1,240,642,4:00,14,Mr. Ho,Bail-E,"""Michaelsoft"" LP",Klasse Wrecks,2020,Dance,NLL561908661,https://www.shazam.com/track/530007992/bail-e,126.1,-3.1,130.1,-3.1
2026-03-27,Unlimited,3,DJ Beware,2,720,762,12:00,2,Kraftwerk,The Telephone Call,Techno Pop (Remastered),Parlophone UK,1986,Modern Era,GB01A0900389,https://www.shazam.com/track/55348669/the-telephone-call,126.3,-0.8,127.3,-0.6
2026-03-27,Unlimited,3,DJ Beware,3,810,1002,13:30,7,Shahara-Ja,I'm an Arabian Knight (Egyptian Lover Dub Mix),I'm an Arabian Knight (Egyptian Lover Remixes) - Single,Left Ear Records,2019,Electronic,AUOBW1800004,https://www.shazam.com/track/450594103/im-an-arabian-knight-egyptian-lover-dub-mix,126.0,3.5,121.8,3.4
2026-03-27,Unlimited,3,DJ Beware,4,1020,1272,17:00,9,Mr. & Mrs. Dale,"It's You (12"" Free Club Mix)",,,,Dance,,https://www.shazam.com/track/209193200/its-you-12-free-club-mix,126.0,4.9,120.1,4.9
2026-03-27,Unlimited,3,DJ Beware,5,1590,1782,26:30,7,Micatone,Run (Seiji Mix),Sonar Kollektiv Best of Three EP: Micatone,Sonar Kollektiv,2010,Electronic,DEP960204001,https://www.shazam.com/track/80868958/run-seiji-mix,,2.7,,2.7
2026-03-27,Unlimited,3,DJ Beware,6,1800,2082,30:00,10,Fred Everything,Mercyless (Atjazz Vocal Mix),Mercyless (feat. Wayne Tennant),Om Records,2009,Dance,USOM80935001,https://www.shazam.com/track/51112711/mercyless-atjazz-vocal-mix,123.5,-1.4,125.3,-1.4
2026-03-27,Unlimited,3,DJ Beware,7,2280,2622,38:00,12,Romain FX,Spacer Woman (feat. Kaona) [Vocal Version],Spacer Woman (Cantonese Cover) - Single,Mr. Disc,2024,Electronic,ITH152400155,https://www.shazam.com/track/807056185/spacer-woman-feat-kaona-vocal-version,124.5,2.1,122.0,2.0
2026-03-27,Unlimited,3,DJ Beware,8,2730,2922,45:30,7,The Jets,Crush On You,The Jets Reunited,Refinement Records,1985,Pop,QMKUJ1300011,https://www.shazam.com/track/6036841/crush-on-you,123.9,3.1,120.2,3.0
2026-03-27,Unlimited,3,DJ Beware,9,2940,3132,49:00,7,Alan Braxe & Fred Falke,Intro,Running - Single,Smugglers Way,2000,Dance,FR08V0000010,https://www.shazam.com/track/10111654/intro,124.5,0.5,123.9,0.5
2026-04-03,Unlimited,1,DJ Functionist Hour 1,1,60,132,1:00,3,Robosonic & Klangkuenstler,Nuts,Mother Knows Best 4,Mother Recordings,2017,House,FRX201643179,https://www.shazam.com/track/337605660/nuts,123.9,0.9,122.9,0.9
2026-04-03,Unlimited,1,DJ Functionist Hour 1,2,270,462,4:30,4,Red Axes,Pastery Cheff (feat. Uriah),Salted Malted EP - Single,Outer Heaven Records,2026,House,QZAKB2544508,https://www.shazam.com/track/858436701/pastery-cheff-feat-uriah,124.0,-0.0,124.0,-0.0
2026-04-03,Unlimited,1,DJ Functionist Hour 1,3,480,792,8:00,11,WAHM (FR),Rave Love,Rave Love - Single,Diynamic Music,2024,Dance,DEDH72300210,https://www.shazam.com/track/692831894/rave-love,124.0,-0.0,124.0,-0.0
2026-04-03,Unlimited,1,DJ Functionist Hour 1,4,1050,1182,17:30,4,ZULAN,Campeón,Campeón - Single,ZULAN,2025,Dance,USA2P2530198,https://www.shazam.com/track/828747268/campe%C3%B3n,129.7,0.2,129.5,-0.1
2026-04-03,Unlimited,1,DJ Functionist Hour 1,5,1500,1632,25:00,5,O'Flynn,Banggg,Banggg - Single,Earth's Only Paradise,2025,House,US38Y2434508,https://www.shazam.com/track/807213336/banggg,129.9,0.0,129.9,-0.0
2026-04-03,Unlimited,1,DJ Functionist Hour 1,6,1650,1842,27:30,7,"Feed Me, Flux Pavilion & Kill the Noise",Another Level,Another Level - Single,Sotto Voce,2026,Dance,FR10S2630854,https://www.shazam.com/track/857792561/another-level,,0.0,,-0.0
2026-04-03,Unlimited,1,DJ Functionist Hour 1,7,1860,2202,31:00,3,Smokey Bubblin' B & Ozzie Guven,Go With The Flow,Go With the Flow / Make It Clap - Single,Gudu Records,2026,Electronic,QM4TX2647696,https://www.shazam.com/track/862894538/go-with-the-flow,132.0,0.0,132.0,0.0
2026-04-03,Unlimited,1,DJ Functionist Hour 1,8,2220,2352,37:00,3,KING BOOO!,'94 NEVA4GET,'94 NEVA4GET - Single,Black Butter Records,2026,Dance,USA2P2610040,https://www.shazam.com/track/864042588/94-neva4get,,-0.7,,-0.2
2026-04-03,Unlimited,1,DJ Functionist Hour 1,9,2280,2382,38:00,2,Roberto Pedoto,Motion,Motion - Single,iM Electronica,2025,Dance,QZZ8B2590733,https://www.shazam.com/track/850506371/motion,131.7,2.3,128.7,-0.2
2026-04-03,Unlimited,1,DJ Functionist Hour 1,10,2400,2592,40:00,5,Breaka,Mangled,Mangled Reworks,FABRICLIVE.,2026,Dubstep,GBEXH2600032,https://www.shazam.com/track/863012993/mangled,133.9,0.0,133.9,-0.0
2026-04-03,Unlimited,1,DJ Functionist Hour 1,11,2430,2802,40:30,9,Courtesy,You're Not Alone (feat. Erika de Casier) [Dance Review],You're Not Alone (Dance Review) [feat. Erika de Casier] - Single,Against Interpretation Club,2026,Electronic,USYBL2511290,https://www.shazam.com/track/855734556/youre-not-alone-feat-erika-de-casier-dance-review,134.1,-0.0,134.1,-0.1
2026-04-03,Unlimited,1,DJ Functionist Hour 1,12,2850,3012,47:30,6,HI-LO & Oliver Heldens,NYC TO AMSTERDAM,NYC TO AMSTERDAM - Single,Drumcode,2025,Electronic,GBUR62001192,https://www.shazam.com/track/838356859/nyc-to-amsterdam,,0.7,,-0.0
2026-04-03,Unlimited,1,DJ Functionist Hour 1,13,3030,3312,50:30,7,MoMa Ready,LATE NIGHT LOVE,BODY 25,HAUS of ALTR,2025,Electronic,USYBL2600330,https://www.shazam.com/track/857184267/late-night-love,135.9,0.6,135.0,-0.1
2026-04-03,Unlimited,1,DJ Functionist Hour 1,14,3330,3522,55:30,7,Ineffekt & Mance,excuse me for being evil,excuse me for being evil / like that! - Single,Ingram,2026,Garage,FR2X42674697,https://www.shazam.com/track/865017275/excuse-me-for-being-evil,136.3,-0.7,137.3,-0.1
2026-04-03,Unlimited,2,DJ Functionist Hour 2,1,300,342,5:00,2,Hank,Wrong,Wrong - Single,Pizzaslime Records,2022,Dance,USZ4V2200113,https://www.shazam.com/track/621375270/wrong,122.0,-2.5,125.2,-0.1
2026-04-03,Unlimited,2,DJ Functionist Hour 2,2,420,462,7:00,2,Sounom & Sagou,Everyday Moments (Kamilo Sanclemente Remix),Everyday Moments - Single,MNL,2018,House,NLHR21800423,https://www.shazam.com/track/435956380/everyday-moments-kamilo-sanclemente-remix,,0.1,,-0.4
2026-04-03,Unlimited,2,DJ Functionist Hour 2,3,570,882,9:30,11,Bofo Dab & Francisco Garcia,Super Extra Fly,Multi Culti Equinox III,Multi Culti,2026,Electronic,GBLV62530041,https://www.shazam.com/track/861744763/super-extra-fly,122.0,1.7,120.0,-0.1
2026-04-03,Unlimited,2,DJ Functionist Hour 2,4,900,1182,15:00,9,Michael Mayer,Talmi,Talmi - Single,Kompakt,2023,Electronic,DEU672300863,https://www.shazam.com/track/672509918/talmi,122.0,-0.8,123.0,-0.1
2026-04-03,Unlimited,2,DJ Functionist Hour 2,5,990,1212,16:30,2,C-BooL,Golden Rules (Extended Mix),Golden Rules (Extended Mix) - Single,C-Wave Records,2021,Dance,PLR922121102,https://www.shazam.com/track/575618164/golden-rules-extended-mix,121.9,0.0,121.9,-0.0
2026-04-03,Unlimited,2,DJ Functionist Hour 2,6,1680,1842,28:00,6,Lovebirds,They Call Me,They Call Me - Single,Winding Road Records,2026,House,DGA092512090,https://www.shazam.com/track/856740562/they-call-me,121.0,2.6,118.0,-0.1
2026-04-03,Unlimited,2,DJ Functionist Hour 2,7,1860,2142,31:00,8,ELADO,Put Your Hands Together,Put Your Hands Together - Single,Re-Loved,2026,Electronic,GBKQU2616792,https://www.shazam.com/track/865037902/put-your-hands-together,121.0,-0.8,122.0,-0.1
2026-04-03,Unlimited,2,DJ Functionist Hour 2,8,2160,2352,36:00,7,Alex Nut & Steve Spacek,Bright,Bright - Single,Eglo Records,2026,House,GB4HG2200058,https://www.shazam.com/track/866705953/bright,121.0,2.5,118.1,-0.1
2026-04-03,Unlimited,2,DJ Functionist Hour 2,9,2820,2982,47:00,6,Moody Good,Humid,SPEEEDBUMP 01,Deadbeats,2026,Dance,USZXT2658799,https://www.shazam.com/track/864555881/humid,139.9,-0.0,139.9,-0.0
2026-04-03,Unlimited,2,DJ Functionist Hour 2,10,3000,3252,50:00,9,Zero,Big Mad Banger (feat. Klubbheads),Big Mad Banger (feat. Klubbheads) - Single,ATW Records,2026,Electronic,QM4TX2672533,https://www.shazam.com/track/864161081/big-mad-banger-feat-klubbheads,138.1,-1.4,140.1,-0.1
2026-04-03,Unlimited,2,DJ Functionist Hour 2,11,3330,3432,55:30,4,DJ Zinc,Way,Original Sound Track,Bingo Bass,2026,Electronic,UKSVW2000350,https://www.shazam.com/track/860655642/way,137.8,-0.0,137.8,-0.0
2026-04-03,Unlimited,3,DJ Beware,1,0,252,0:00,9,Grim Phunk,HELI OVER ME,Straight from Hell,Klasse Wrecks,2026,Dance,NLL561908847,https://www.shazam.com/track/862733749/heli-over-me,130.2,-1.5,132.1,-1.5
2026-04-03,Unlimited,3,DJ Beware,2,1230,1362,20:30,2,Gigi D'Agostino,Bla Bla Bla (Dark Mix),Bla Bla Bla,ZYX Music,1999,Dance,DEA310006040,https://www.shazam.com/track/48852195/bla-bla-bla-dark-mix,129.6,-3.3,134.0,-3.8
2026-04-03,Unlimited,3,DJ Beware,3,2850,3132,47:30,3,Elio Riso & Lucio Spain,Breaking Minds,Casual Creation Issue 25 (Disco Simphon Mix Music),Voltaire Music,2016,House,DEW871709072,https://www.shazam.com/track/313867991/breaking-minds,130.0,5.7,123.0,4.9
2026-04-10,Unlimited,1,DJ Functionist,1,30,222,0:30,7,O'Flynn,Kelsier,Kairos,Panthus,2026,Electronic,GB2LD2610032,https://www.shazam.com/track/862402072/kelsier,140.4,0.0,140.4,0.0
2026-04-10,Unlimited,1,DJ Functionist,2,240,402,4:00,6,James Mac,My Way,My Way - Single,AZZUR,2026,Dance,US83Z2618643,https://www.shazam.com/track/869018116/my-way,125.1,0.8,124.1,0.0
2026-04-10,Unlimited,1,DJ Functionist,3,840,1092,14:00,8,Fouk & 79.5,Reverie,Reverie - Single,Boogie Angst,2026,Electronic,NLQ7C2600001,https://www.shazam.com/track/860741299/reverie,125.5,-1.3,127.2,0.2
2026-04-10,Unlimited,1,DJ Functionist,4,1110,1452,18:30,12,Joss Moog & 908,Prodige,Prodige - EP,Robsoul,2026,House,FR48Z2600020,https://www.shazam.com/track/864265427/prodige,131.1,2.4,128.1,0.1
2026-04-10,Unlimited,1,DJ Functionist,5,1470,1692,24:30,8,Sedef Adasi,Mermaids On Acid,Fantasy Zone - EP,Public Possession,2021,Dance,DEVH21800335,https://www.shazam.com/track/567016400/mermaids-on-acid,131.1,0.8,130.0,0.1
2026-04-10,Unlimited,1,DJ Functionist,6,2310,2472,38:30,5,Rank 1,Airwave (Radio Vocal Edit),Airwave,Be Yourself Music,2000,Trance,NLE800510001,https://www.shazam.com/track/45063022/airwave-radio-vocal-edit,132.5,-2.4,135.8,-1.7
2026-04-10,Unlimited,1,DJ Functionist,7,2400,2502,40:00,2,CC:DISCO!,Chez Moi (Waiting For You) [feat. Confidence Man] [Sally C Remix],Chez Moi (Waiting For You) [feat. Confidence Man] (Remixes) - Single,Phantasy Sound,2023,Dance,GBTZZ2600009,https://www.shazam.com/track/863823759/chez-moi-waiting-for-you-feat-confidence-man-sally-c-remix,132.7,0.4,132.2,0.2
2026-04-10,Unlimited,1,DJ Functionist,8,2520,2592,42:00,3,LOVEFOXY,Business First,Burning Down The Sluthouse - Single,Nervous Records,2024,Dance,USNRS2443557,https://www.shazam.com/track/702803970/business-first,132.5,1.2,131.0,0.5
2026-04-10,Unlimited,1,DJ Functionist,9,2820,2982,47:00,6,Wh0 & Low Steppa,Raise Them (Extended Mix),Raise Them - Single,Edible,2026,Dance,UKJSW2500048,https://www.shazam.com/track/856389360/raise-them-extended-mix,132.6,3.5,128.1,0.4
2026-04-10,Unlimited,1,DJ Functionist,10,3030,3402,50:30,13,Dennis Ferrer,Hey Hey (Df's Attention Vocal Mix),Hey Hey,Defected Records,2009,Dance,USY6S0900007,https://www.shazam.com/track/51148699/hey-hey-dfs-attention-vocal-mix,90.8,4.8,86.7,0.1
2026-04-10,Unlimited,2,DJ Phil,1,150,432,2:30,4,SIDEPIECE & Westend,Take Your Places,Take Your Places - Single,LIP SERVICE,2025,Dance,NL8RL2561841,https://www.shazam.com/track/842263872/take-your-places,135.0,3.9,129.9,3.3
2026-04-10,Unlimited,2,DJ Phil,2,360,402,6:00,2,Signum,Coming On Strong (feat. Scott Mac),"Best of Signum, Vol. 1",Armada Music,1999,Dance,NLF710500346,https://www.shazam.com/track/10898515/coming-on-strong-feat-scott-mac,,-1.3,,-0.8
2026-04-10,Unlimited,2,DJ Phil,3,810,1032,13:30,8,Dusty Dan & smokey.t,Technology (smokey.t Remix),Technology - EP,Dusty,2024,Dance,GB8KE2420955,https://www.shazam.com/track/714319031/technology-smokey-t-remix,135.1,-2.1,138.0,-2.2
2026-04-10,Unlimited,2,DJ Phil,4,1110,1182,18:30,2,Bakey,1002,Take it Further - Single,Time Is Now Records,2020,Garage,UKN6K2000663,https://www.shazam.com/track/533753239/1002,,-0.7,,-0.7
2026-04-10,Unlimited,2,DJ Phil,5,1830,2052,30:30,7,Cesco,Flump,Flump - Single,Pineapple Records,2025,Electronic,CA5KR2511302,https://www.shazam.com/track/810264493/flump,134.9,0.7,133.9,0.7
2026-04-10,Unlimited,2,DJ Phil,6,2460,2652,41:00,3,PRESTi,Baile Pulse,As We Move - EP,Time Is Now Records,2026,Bass,UKN6K2403930,https://www.shazam.com/track/857056935/baile-pulse,135.0,-2.2,138.0,-2.2
2026-04-10,Unlimited,2,DJ Phil,7,2700,2832,45:00,2,Tiësto,Adagio for Strings,Just Be,Musical Freedom,2004,Dance,NLE710480320,https://www.shazam.com/track/40329244/adagio-for-strings,,-3.6,,-3.7
2026-04-10,Unlimited,2,DJ Phil,8,2730,2772,45:30,2,Maxx,No More (I Can't Stand It),To the Maxximum,High Fashion Music,1994,Dance,NLP431120495,https://www.shazam.com/track/10044387/no-more-i-cant-stand-it,101.3,-2.3,103.6,-2.7
2026-04-10,Unlimited,2,DJ Phil,9,3420,3462,57:00,2,Moody Good,Humid,SPEEEDBUMP 01,Deadbeats,2026,Dance,USZXT2658799,https://www.shazam.com/track/864555881/humid,139.9,0.0,139.9,-0.0
2026-04-10,Unlimited,3,DJ Beware,1,90,192,1:30,2,The Chemical Brothers,"Hey Boy, Hey Girl (Soulwax Mix)",,,,Dance,,https://www.shazam.com/track/46547763/hey-boy-hey-girl-soulwax-mix,127.8,0.5,127.2,-0.0
2026-04-10,Unlimited,3,DJ Beware,2,1170,1452,19:30,7,DJ Vibe,The Underground,Global Grooves,Kaos Records Portugal,2000,Dance,QM4TX1726899,https://www.shazam.com/track/10525851/the-underground,127.8,-0.1,127.9,0.4
2026-04-10,Unlimited,3,DJ Beware,3,1230,1272,20:30,2,Chicane & Moya Brennan,Saltwater,Twenty,Armada Music Albums,1999,Trance,GBRDU0800054,https://www.shazam.com/track/238654/saltwater,127.8,-2.5,131.0,0.3
2026-04-10,Unlimited,3,DJ Beware,4,1470,1782,24:30,11,Alexander Robotnick,Addio Addio,My La(te)st Album,Hot Elephant Music,2007,Electronic,ITG920700008,https://www.shazam.com/track/67852113/addio-addio,127.8,-0.2,128.0,-0.1
2026-04-10,Unlimited,3,DJ Beware,5,1800,2082,30:00,10,Raxon,Go Computer,Uswatt,DSK Records,2024,Electronic,DEEC33501650,https://www.shazam.com/track/714857476/go-computer,127.8,-0.2,128.0,-0.2
2026-04-10,Unlimited,3,DJ Beware,6,2100,2322,35:00,8,Passarani,Wake Up Shake It,Digipack Vol. 1 - EP,Studiomaster,2025,House,DEVY92500008,https://www.shazam.com/track/809932636/wake-up-shake-it,127.7,0.6,126.9,0.6
2026-04-10,Unlimited,3,DJ Beware,7,2340,2682,39:00,10,Curses & Tutto Vetro,Wild Things (Fabrizio Mammarella Remix - Edit),Trust the Beat - EP,Wrong Era,2025,Electronic,DEG932505499,https://www.shazam.com/track/839130273/wild-things-fabrizio-mammarella-remix-edit,127.9,0.6,127.1,0.6
2026-04-10,Unlimited,3,DJ Beware,8,3240,3612,54:00,13,Wulf n Bear & Ralph Lawson,Raptures of The Deep (Ralph Lawson Dub),Raptures Of The Deep - Single,20/20 Vision Recordings,2025,House,GBEWY2100225,https://www.shazam.com/track/820822447/raptures-of-the-deep-ralph-lawson-dub,127.8,0.6,127.1,0.5
2026-04-17,Unlimited Live @ Stream Festival 2026,1,Unlimited Live @ Stream Festival 2026,1,30,372,0:30,11,Inspector Spacetime,Kenndu mér,Kenndu mér - Single,Sony Music Iceland,2022,Dance,DKADG2200141,https://www.shazam.com/track/608823030/kenndu-m%C3%A9r,130.9,-1.1,132.4,-1.1
2026-04-17,Unlimited Live @ Stream Festival 2026,1,Unlimited Live @ Stream Festival 2026,2,600,762,10:00,6,"Dina Summer, Local Suicide & Kalipo",Fuel,Fuel - Single,Iptamenos Discos,2026,House,FR2X42683437,https://www.shazam.com/track/866191100/fuel,130.4,4.7,124.6,4.7
2026-04-17,Unlimited Live @ Stream Festival 2026,1,Unlimited Live @ Stream Festival 2026,3,810,1152,13:30,4,Vlad Caia,Sidepoint,,,,Ambient,,https://www.shazam.com/track/460467749/sidepoint,127.7,3.0,123.9,4.0
2026-04-17,Unlimited Live @ Stream Festival 2026,1,Unlimited Live @ Stream Festival 2026,4,870,1092,14:30,6,unfazed & Re.You,Feel the Power (Extended Mix),Feel the Power - Single,Unreleased Records,2026,House,NLF712601845,https://www.shazam.com/track/870561804/feel-the-power-extended-mix,127.7,3.0,124.0,3.0
2026-04-17,Unlimited Live @ Stream Festival 2026,1,Unlimited Live @ Stream Festival 2026,5,2190,2232,36:30,2,Festiva,Cerberus,The Amazon - Single,Elikonas Records,2015,Techno,GBKQU1507872,https://www.shazam.com/track/228055311/cerberus,,1.1,,-0.8
2026-04-17,Unlimited Live @ Stream Festival 2026,1,Unlimited Live @ Stream Festival 2026,6,2310,2412,38:30,2,"SIRA, Bausa & badchieff",9 bis 9,9 bis 9 - Single,Four Music/SIRA,2023,Hip-Hop/Rap,DEKF22300419,https://www.shazam.com/track/664444990/9-bis-9,126.4,-1.2,128.0,-0.0
2026-04-17,Unlimited Live @ Stream Festival 2026,1,Unlimited Live @ Stream Festival 2026,7,2520,2622,42:00,4,Tensnake,Till the Night (feat. Julia Temos),Till the Night (feat. Julia Temos),Armada Music,2025,Dance,NLF712507068,https://www.shazam.com/track/847229268/till-the-night-feat-julia-temos,126.5,3.7,122.0,3.7
2026-04-17,Unlimited Live @ Stream Festival 2026,1,Unlimited Live @ Stream Festival 2026,8,2910,3192,48:30,7,Red Axes,Pastery Cheff (feat. Uriah),Salted Malted EP - Single,Outer Heaven Records,2026,House,QZAKB2544508,https://www.shazam.com/track/858436701/pastery-cheff-feat-uriah,126.7,2.1,124.0,2.1
2026-04-17,Unlimited Live @ Stream Festival 2026,1,Unlimited Live @ Stream Festival 2026,9,3000,3132,50:00,3,Marc Marzenit,Perron (Wehbba Remix),Perron (Remixes) - Single,Tronic,2015,House,DEKB71438635,https://www.shazam.com/track/264281338/perron-wehbba-remix,126.7,2.1,124.1,2.2
2026-04-17,Unlimited Live @ Stream Festival 2026,1,Unlimited Live @ Stream Festival 2026,10,3240,3522,54:00,6,Debbie Deb,When I Hear Music,She's Back,Pandisc,1995,Dance,US54R0500152,https://www.shazam.com/track/41374493/when-i-hear-music,126.7,0.6,125.9,-0.9
2026-04-17,Unlimited Live @ Stream Festival 2026,1,Unlimited Live @ Stream Festival 2026,11,3750,3912,1:02:30,2,Redg Franklin & UC Beatz,For the Music,Dobro 009,DOBRO,2024,House,GBKQU2411397,https://www.shazam.com/track/690588236/for-the-music,126.8,3.0,123.1,2.2
2026-04-17,Unlimited Live @ Stream Festival 2026,1,Unlimited Live @ Stream Festival 2026,12,4350,4542,1:12:30,6,Whitney Houston & C.J. MacKintosh,Queen of the Night (CJ's Single Edit),Dance Vault Mixes - Queen Of The Night,Arista,2006,Dance,USAR10000214,https://www.shazam.com/track/10895968/queen-of-the-night-cjs-single-edit,123.4,3.7,119.0,-0.5
2026-04-17,Unlimited Live @ Stream Festival 2026,1,Unlimited Live @ Stream Festival 2026,13,4680,4782,1:18:00,3,Rageous & Franklin Fuentes,Tyler Moore Mary (Banji Bite Mix),Tyler Moore Mary (Mixes),Strictly Rhythm Records,1995,House,QMRSZ2200342,https://www.shazam.com/track/604212296/tyler-moore-mary-banji-bite-mix,123.4,-0.2,123.7,-0.0
2026-04-17,Unlimited Live @ Stream Festival 2026,1,Unlimited Live @ Stream Festival 2026,14,4860,4992,1:21:00,2,Mood II Swing,Closer (feat. Carole Sylvan) [The Deepshakerz Extended Rework],Closer (feat. Carole Sylvan) [Remixes],King Street Sounds,1994,House,USA671700077,https://www.shazam.com/track/342908851/closer-feat-carole-sylvan-the-deepshakerz-extended-rework,123.3,0.6,122.6,-0.0
2026-04-17,Unlimited Live @ Stream Festival 2026,1,Unlimited Live @ Stream Festival 2026,15,4890,5022,1:21:30,4,Kerri Chandler & Jerome Sydenham,You're in My System (feat. Troy Denari) [Dennis Quin Club Mix],,,,Dance,,https://www.shazam.com/track/489073307/youre-in-my-system-feat-troy-denari-dennis-quin-club-mix,100.6,0.8,99.8,-0.0
2026-04-17,Unlimited Live @ Stream Festival 2026,1,Unlimited Live @ Stream Festival 2026,16,5070,5412,1:24:30,12,Hercules & Love Affair,Blind (Frankie Knuckles Remix),Blind,Parlophone UK,2008,Pop,US4GE0700155,https://www.shazam.com/track/45607132/blind-frankie-knuckles-remix,125.3,0.9,124.2,-0.0
2026-04-17,Unlimited Live @ Stream Festival 2026,1,Unlimited Live @ Stream Festival 2026,17,5460,5742,1:31:00,10,Fish Go Deep & Tracey K,The Cure & the Cause (Dennis Ferrer Remix),The Cure & the Cause,Defected Records,2004,Dance,GBCPZ0601429,https://www.shazam.com/track/44187095/the-cure-the-cause-dennis-ferrer-remix,126.0,-0.0,126.0,-0.0
2026-04-17,Unlimited Live @ Stream Festival 2026,1,Unlimited Live @ Stream Festival 2026,18,5880,5982,1:38:00,4,Archie Hamilton,Impress Me (feat. Tenesha The Wordsmith),Impress Me (feat. Tenesha The Wordsmith) - Single,MicroHertz,2024,Dance,QMBZ92416527,https://www.shazam.com/track/710981423/impress-me-feat-tenesha-the-wordsmith,94.8,-0.4,95.2,-0.0
2026-04-17,Unlimited Live @ Stream Festival 2026,1,Unlimited Live @ Stream Festival 2026,19,6360,6522,1:46:00,2,Blaze & Bicep,Lovelee Dae (Bicep Remix),Lovelee Dae Bicep Remixes - Single,Bicep Music,2016,Electronic,GBVHV1500062,https://www.shazam.com/track/323743308/lovelee-dae-bicep-remix,127.0,2.4,124.0,1.6
2026-04-17,Unlimited Live @ Stream Festival 2026,1,Unlimited Live @ Stream Festival 2026,20,6390,6492,1:46:30,2,Robin S.,Show Me Love 2008 (Extended Mix),,,,Dance,,https://www.shazam.com/track/49056624/show-me-love-2008-extended-mix,127.0,0.9,125.9,1.0
2026-04-17,Unlimited Live @ Stream Festival 2026,1,Unlimited Live @ Stream Festival 2026,21,6630,6672,1:50:30,2,Kamasutra,Kamasutra Express (Train Version),Censored,Wildflower Records,1994,Dance,ITH862100032,https://www.shazam.com/track/570110018/kamasutra-express-train-version,128.4,2.1,125.7,2.7
2026-04-17,Unlimited Live @ Stream Festival 2026,1,Unlimited Live @ Stream Festival 2026,22,6750,7002,1:52:30,2,ProdONV,Baby girl,Baby Girl - Single,1983384 Records DK,2020,Techno,QZNWS2020436,https://www.shazam.com/track/545081093/baby-girl,128.9,1.1,127.5,0.1
2026-04-17,Unlimited Live @ Stream Festival 2026,1,Unlimited Live @ Stream Festival 2026,23,6780,7032,1:53:00,2,D´J MAYLO,Let It Go,Diamante Two - Single,MAYLO DJ,2024,Funk,QZRP42431344,https://www.shazam.com/track/706767801/let-it-go,,-0.3,,0.2
2026-04-17,Unlimited Live @ Stream Festival 2026,1,Unlimited Live @ Stream Festival 2026,24,6840,7092,1:54:00,5,Known Artist,Say What ? (Club Mix) [Club Mix],Clubmix004 - Single,Club Mix Records,2023,Dance,QZHN82300504,https://www.shazam.com/track/662551447/say-what-club-mix-club-mix,113.7,-1.9,115.8,0.0
2026-04-17,Unlimited Live @ Stream Festival 2026,1,Unlimited Live @ Stream Festival 2026,25,7140,7482,1:59:00,10,Mr. Oizo,Flat Beat,Flat Beat - EP,F Communications,1999,Electronic,FRV229900020,https://www.shazam.com/track/3103600/flat-beat,130.0,0.7,129.0,0.8
2026-04-17,Unlimited Live @ Stream Festival 2026,1,Unlimited Live @ Stream Festival 2026,26,7530,7752,2:05:30,2,Gigi D'Agostino,Bla Bla Bla,L'amour Toujours,ZYX Music,1999,Dance,DEA319908479,https://www.shazam.com/track/10498654/bla-bla-bla,130.0,-2.3,133.0,0.0
2026-04-17,Unlimited Live @ Stream Festival 2026,1,Unlimited Live @ Stream Festival 2026,27,7560,7662,2:06:00,4,"PARTYOF2, Jadagrace & SWIM",JUST DANCE 2,AMERIKA’S NEXT TOP PARTY!,Def Jam Recordings,2025,Hip-Hop/Rap,USUM72507766,https://www.shazam.com/track/834040374/just-dance-2,130.0,1.5,128.0,2.3
2026-04-17,Unlimited Live @ Stream Festival 2026,1,Unlimited Live @ Stream Festival 2026,28,7920,8112,2:12:00,7,Curses & Tutto Vetro,Trust the Beat,Trust the Beat - Single,Wrong Era,2025,Electronic,DEG932503731,https://www.shazam.com/track/839425866/trust-the-beat,125.2,0.1,125.0,-0.0
2026-04-17,Unlimited Live @ Stream Festival 2026,1,Unlimited Live @ Stream Festival 2026,29,8580,8742,2:23:00,5,Jex Opolis,Jan's Hammer,Jan's Hammer - Single,Good Timin’,2020,Electronic,CAOJ22000019,https://www.shazam.com/track/529514214/jans-hammer,126.1,1.7,124.0,-0.0
2026-04-17,Unlimited Live @ Stream Festival 2026,1,Unlimited Live @ Stream Festival 2026,30,8760,8982,2:26:00,8,Alexander Robotnick,Problèmes d'amour (Ah Ou Ah Version) [Mixed],AUSCAST016 (DJ Mix),,2024,Disco,US23A8838612,https://www.shazam.com/track/6031072/probl%C3%A8mes-damour-ah-ou-ah-version-mixed,126.1,4.3,120.9,-0.3
2026-04-17,Unlimited Live @ Stream Festival 2026,1,Unlimited Live @ Stream Festival 2026,31,9000,9192,2:30:00,5,Leona Jacewska & David Vunk,Let Go (David Vunk Remix),Spacewoman Remixed - Single,Wrong Era,2024,Electronic,DEG932406482,https://www.shazam.com/track/806083205/let-go-david-vunk-remix,126.1,-0.8,127.1,-0.0
2026-04-17,Unlimited Live @ Stream Festival 2026,1,Unlimited Live @ Stream Festival 2026,32,9240,9492,2:34:00,9,Hugh Bullen,Alisand (Mixed),DGTL: Theo Kottis at ADE 2021 (DJ Mix),,2021,Electronic,US23A9741451,https://www.shazam.com/track/63310888/alisand-mixed,126.1,2.9,122.6,0.1
2026-04-17,Unlimited Live @ Stream Festival 2026,1,Unlimited Live @ Stream Festival 2026,33,9510,9612,2:38:30,2,Missy Elliott,Lose Control (feat. Ciara & Fat Man Scoop),The Cookbook,Atlantic Records/ATG,2005,Hip-Hop/Rap,USEE10414022,https://www.shazam.com/track/54673882/lose-control-feat-ciara-fat-man-scoop,141.8,0.5,141.2,0.2
2026-04-17,Unlimited Live @ Stream Festival 2026,1,Unlimited Live @ Stream Festival 2026,34,9630,9822,2:40:30,4,Paranoid London & Josh Caffé,Talk Dirty,Talk Dirty / Revolution - Single,Nu Groove Records,2025,Dance,GBCPZ2524455,https://www.shazam.com/track/832423210/talk-dirty,126.2,2.5,123.1,-0.0
2026-04-17,Unlimited Live @ Stream Festival 2026,1,Unlimited Live @ Stream Festival 2026,35,9990,10242,2:46:30,9,Gesaffelstein,A Lost Era (Original Mix),Turbo 093 - Variations,Turbo Recordings,2010,Electronic,CAT391000474,https://www.shazam.com/track/53086353/a-lost-era-original-mix,126.3,0.8,125.3,-0.0
2026-04-17,Unlimited Live @ Stream Festival 2026,1,Unlimited Live @ Stream Festival 2026,36,10260,10302,2:51:00,2,deadmau5,Not Exactly,Random Album Title,EpicWin Ltd,2007,Electronic,GBTDG0700005,https://www.shazam.com/track/45531536/not-exactly,125.9,-1.5,127.8,0.4
2026-04-17,Unlimited Live @ Stream Festival 2026,1,Unlimited Live @ Stream Festival 2026,37,10320,10482,2:52:00,4,Digitalism,Jupiter Room (Martian Assault Mix),Idealism,Magnetism,2007,Dance,FRU700700020,https://www.shazam.com/track/49776316/jupiter-room-martian-assault-mix,126.0,0.9,124.9,-0.0
2026-04-24,Unlimited,1,DJ Unlimited (1),1,120,222,2:00,3,Iron Bounce District,Iron Step Sequence,Urban Kinetics Code,Casta Records,2026,Electronic,QZVEM2604495,https://www.shazam.com/track/864215548/iron-step-sequence,127.1,0.8,126.2,0.8
2026-04-24,Unlimited,1,DJ Unlimited (1),2,300,582,5:00,10,Sandy B & Lion's Drums,Student Night (Lion's Drums Edit),Lion's Drums Edits - Single,Lion's Drums,2022,House,DECY52200493,https://www.shazam.com/track/609599225/student-night-lions-drums-edit,125.0,4.1,120.0,-0.0
2026-04-24,Unlimited,1,DJ Unlimited (1),3,630,912,10:30,10,DJ T.,Funk On You (T.'s 2025 Re-Shape),Funk On You (Remixes) - EP,Get Physical Music,2025,Electronic,DEBE72500018,https://www.shazam.com/track/807493651/funk-on-you-t-s-2025-re-shape,125.0,-0.0,125.1,-0.0
2026-04-24,Unlimited,1,DJ Unlimited (1),4,1380,1692,23:00,9,Bushwacka!,Push The Rope,Push The Rope - Single,Nervous Records,2026,Dance,USNRS2644603,https://www.shazam.com/track/873010634/push-the-rope,124.5,0.4,124.0,0.0
2026-04-24,Unlimited,1,DJ Unlimited (1),5,1920,2142,32:00,8,Hardt Antoine,One More Night (feat. Charlotte OC) [Extended],One More Night - EP,Crosstown Rebels,2026,Dance,GB7NR2634902,https://www.shazam.com/track/870116787/one-more-night-feat-charlotte-oc-extended,125.0,-0.0,125.0,0.4
2026-04-24,Unlimited,1,DJ Unlimited (1),6,2160,2472,36:00,11,Hardt Antoine,Dreamstate,One More Night - EP,Crosstown Rebels,2026,Dance,GB7NR2634904,https://www.shazam.com/track/870276679/dreamstate,125.0,-0.0,125.0,0.4
2026-04-24,Unlimited,2,DJ Soulcat,1,270,342,4:30,3,ROSALÍA,DESPECHÁ,DESPECHÁ - Single,Columbia,2022,Pop in Spanish,USSM12207207,https://www.shazam.com/track/624596103/despech%C3%A1,124.0,-4.6,129.9,-0.2
2026-04-24,Unlimited,2,DJ Soulcat,2,360,432,6:00,3,Samm (BE),Body Language,Body Language - Single,ABRACADABRA Music,2025,Dance,QMBZ92552535,https://www.shazam.com/track/827918862/body-language,122.7,0.5,122.0,-0.0
2026-04-24,Unlimited,2,DJ Soulcat,3,570,672,9:30,4,Tems,Me & U,Born in the Wild,RCA Records/Since 93',2023,R&B/Soul,USRC12302300,https://www.shazam.com/track/679530678/me-u,117.4,4.9,111.9,-0.1
2026-04-24,Unlimited,2,DJ Soulcat,4,930,1092,15:30,6,SOFI TUKKER & Nonô,Pick Up The Phone,Pick Up The Phone - Single,Animal Talk Records,2025,Dance,QM37X2500024,https://www.shazam.com/track/824355136/pick-up-the-phone,125.7,-1.0,127.0,-0.0
2026-04-24,Unlimited,2,DJ Soulcat,5,1110,1212,18:30,4,Mr. Belt & Wezol,It's Not Right But It's Okay (Extended),It's Not Right But It's Okay - Single,Sony Music Entertainment,2024,Dance,NLP762300247,https://www.shazam.com/track/686572884/its-not-right-but-its-okay-extended,127.6,-0.3,128.0,0.0
2026-04-24,Unlimited,2,DJ Soulcat,6,1230,1422,20:30,5,Bad Bunny & Tainy,Callaita,Un Verano Sin Ti,Rimas Entertainment LLC.,2019,Latino,QM6N21919851,https://www.shazam.com/track/469144189/callaita,122.1,1.2,120.6,-0.0
2026-04-24,Unlimited,2,DJ Soulcat,7,1470,1572,24:30,4,Everything But The Girl,Missing (Coffee Remix),,,,,,https://www.shazam.com/track/871568724/missing-coffee-remix,124.0,3.4,120.0,-0.0
2026-04-24,Unlimited,2,DJ Soulcat,8,1620,1752,27:00,4,ANKHØR MUSIC,Quimbara (Afro House),Quimbara (Afro House) - Single,11752718 Records DK,2026,Afro-Beat,QT6E52634059,https://www.shazam.com/track/885250020/quimbara-afro-house,,3.2,,0.0
2026-04-24,Unlimited,2,DJ Soulcat,9,1770,1812,29:30,2,Amaarae & Kali Uchis,SAD GIRLZ LUV MONEY (feat. Moliy) [Vigro Deep Amapiano Remix],SAD GIRLZ LUV MONEY (Vigro Deep Amapiano Remix) [feat. Moliy] - Single,0207 Def Jam,2022,Afro-Pop,GBUM72109023,https://www.shazam.com/track/599390858/sad-girlz-luv-money-feat-moliy-vigro-deep-amapiano-remix,,1.6,,0.0
2026-04-24,Unlimited,3,DJ Unlimited (2),1,660,762,11:00,4,Rhyze,Singing And Dancing,Just As Sweet As Your Love,Wanderik Records,1980,Funk,USA371507735,https://www.shazam.com/track/65050581/singing-and-dancing,123.8,-2.3,126.7,-1.5
2026-04-24,Unlimited,3,DJ Unlimited (2),2,1230,1542,20:30,11,Anunaku,Atlas4088,Stargate - Single,3024,2020,Techno,NLEF82000003,https://www.shazam.com/track/504874950/atlas4088,103.2,-3.4,106.9,-0.0
2026-04-24,Unlimited,3,DJ Unlimited (2),3,1740,1842,29:00,2,T1SsoNã,Yeah Babe (feat. Alonzõ (FR)),Yeah Babe (feat. Alonzõ (FR)) - Single,T1SSONZÕ,2025,Dance,QZNWW2519418,https://www.shazam.com/track/823402863/yeah-babe-feat-alonz%C3%B5-fr,154.2,-1.1,155.8,-0.0
2026-04-24,Unlimited,3,DJ Unlimited (2),4,1980,2292,33:00,10,Tobehonest & Ky William,Going Fast,Going Fast - Single,Club Bad,2025,Dance,QM6N22570764,https://www.shazam.com/track/820384309/going-fast,123.6,1.3,122.0,-0.1
2026-04-24,Unlimited,3,DJ Unlimited (2),5,2310,2532,38:30,8,Raz & Afla,Shikor Shikor,Echoes of Resistance,Wah Wah 45s,2024,,GBLQT2400045,https://www.shazam.com/track/712806766/shikor-shikor,123.6,-1.1,125.0,-0.2
2026-04-24,Unlimited,4,DJ Beware,1,390,672,6:30,5,Eric Faria,Can't Get Enough of Your Love Baby (Retouched the),Velvet EP Remixed - Single,Purple Music,2024,,CH8191002113,https://www.shazam.com/track/476938367/cant-get-enough-of-your-love-baby-retouched-the,127.0,4.1,122.0,3.6
2026-04-24,Unlimited,4,DJ Beware,2,420,582,7:00,3,Olivier Romero & Mihai Popoviciu,Bim Bam Boum (Mihai Popoviciu Remix),Bim Bam Boum (Mihai Popoviciu Remix) - Single,Gettraum,2024,Electronic,DEH742435794,https://www.shazam.com/track/717831308/bim-bam-boum-mihai-popoviciu-remix,127.0,-0.8,128.0,-0.9
2026-04-24,Unlimited,4,DJ Beware,3,510,552,8:30,2,Dom Dolla,San Frandisco,San Frandisco - Single,RCA Records Label,2019,Dance,AUDCB1701462,https://www.shazam.com/track/487134991/san-frandisco,127.0,1.7,124.9,1.1
2026-04-24,Unlimited,4,DJ Beware,4,720,762,12:00,2,Mariah Carey,"My All (Morales ""My"" Club Mix)",My All EP,Columbia/Legacy,1995,Pop,USSM19704215,https://www.shazam.com/track/20128371/my-all-morales-my-club-mix,126.8,0.6,126.1,0.5
2026-04-24,Unlimited,4,DJ Beware,5,3150,3432,52:30,9,Kwake,Nucleus,Nucleus - EP,Klasse Wrecks,2025,Dance,NLL561908826,https://www.shazam.com/track/823872970/nucleus,127.0,2.4,124.0,2.4
2026-05-01,Unlimited,1,DJ Functionist,1,30,162,0:30,5,HUGEL & SOLTO (FR),Jamaican (Bam Bam),Jamaican (Bam Bam) - Single,MoBlack Records,2025,,ITFGO2500099,https://www.shazam.com/track/845931663/jamaican-bam-bam,123.0,0.8,122.0,-0.2
2026-05-01,Unlimited,1,DJ Functionist,2,180,492,3:00,4,Homie Johns,Back To the Beat,Back To the Beat - Single,Street Blaster Records,2019,House,RUA491908516,https://www.shazam.com/track/462477557/back-to-the-beat,123.0,-1.7,125.1,-2.7
2026-05-01,Unlimited,1,DJ Functionist,3,210,312,3:30,2,Selma,Sympathie,Deep Organic,MONET,2014,House,GBKQU1442728,https://www.shazam.com/track/136494017/sympathie,123.0,0.9,122.0,0.1
2026-05-01,Unlimited,1,DJ Functionist,4,510,882,8:30,13,Jimpster,Heads Down,Bassic Rollers - EP,Freerange Records,2026,Electronic,GBDLP2601467,https://www.shazam.com/track/862526091/heads-down,123.3,-0.7,124.1,-0.1
2026-05-01,Unlimited,1,DJ Functionist,5,900,1092,15:00,3,Sunday Scaries & PiCKUPLiNES,Chill Like That,Chill Like That (Remix Pack) - EP,10K Projects,2022,Dance,QZNWU2266227,https://www.shazam.com/track/630964151/chill-like-that,124.0,-0.1,124.1,-0.1
2026-05-01,Unlimited,1,DJ Functionist,6,930,1122,15:30,3,"Kevin McKay, Pupa Nas T & Denise Belfon",Work (CVMPANILE & Draxx Remix),Work (CVMPANILE & Draxx Remix) - Single,Glasgow Underground,2023,House,GBPQS2300269,https://www.shazam.com/track/678225762/work-cvmpanile-draxx-remix,124.1,-4.6,130.1,-4.7
2026-05-01,Unlimited,1,DJ Functionist,7,1140,1362,19:00,7,Makèz,Can't Relate (Feat. Leah Cleaver) [feat. Leah Cleaver],"Anywhere, Anyway - EP",Kaoz Theory,2026,House,GXFCP2600017,https://www.shazam.com/track/860267657/cant-relate-feat-leah-cleaver-feat-leah-cleaver,93.5,0.5,93.1,-0.1
2026-05-01,Unlimited,1,DJ Functionist,8,1410,1692,23:30,10,Manuel Darquart,Per Sognare,"Dream House Factory, Vol. 1 - EP",Wolf Music Recordings,2026,House,GB2SA2600001,https://www.shazam.com/track/870133145/per-sognare,124.9,0.7,124.0,-0.1
2026-05-01,Unlimited,1,DJ Functionist,9,1710,1902,28:30,7,Qess,Spaces In Between (feat. Ursula Rucker) [Rodriguez Jr. Remix],Spaces In Between (feat. Ursula Rucker) [Rodriguez Jr. Remix] - Single,Mobilee Records,2025,House,DGA062504372,https://www.shazam.com/track/842940843/spaces-in-between-feat-ursula-rucker-rodriguez-jr-remix,125.5,0.2,125.2,-0.1
2026-05-01,Unlimited,1,DJ Functionist,10,1950,2232,32:30,9,Hot 8 Brass Band & Kraak & Smaak,Big Tuba (Remix),Big Tuba (Remix) - Single,Tru Thoughts,2026,Electronic,GBEUE2600021,https://www.shazam.com/track/862901516/big-tuba-remix,125.8,-0.2,126.0,-0.1
2026-05-01,Unlimited,1,DJ Functionist,11,2250,2682,37:30,14,Mr. Fingers,Plastic Nightmares,Leev Ur Mynd,Alleviated Records,2026,Dance,US4G92500682,https://www.shazam.com/track/868307244/plastic-nightmares,126.6,0.4,126.0,-0.1
2026-05-01,Unlimited,1,DJ Functionist,12,2700,2982,45:00,10,Raxon,Basick Beat,4t20m - EP,Turbo Recordings,2026,Electronic,DEG932505402,https://www.shazam.com/track/845870911/basick-beat,127.0,-0.8,128.0,-0.0
2026-05-01,Unlimited,1,DJ Functionist,13,3060,3222,51:00,4,Daniel Steinberg,Free Living (Extended),Free Living EP - EP,Rekids,2026,Dance,GBLTF2600033,https://www.shazam.com/track/863281612/free-living-extended,127.0,-0.0,127.1,-0.0
2026-05-01,Unlimited,1,DJ Functionist,14,3240,3402,54:00,4,Riva Starr,Can't Stop The Feeling,Shine A Light EP,Rekids,2026,Dance,GBLTF2600042,https://www.shazam.com/track/865650829/cant-stop-the-feeling,127.0,-0.9,128.1,-0.1
2026-05-01,Unlimited,2,DJ Beware (1),1,30,72,0:30,2,Beverley Craven,Promise Me,Beverley Craven,Epic,1990,Pop,GBBBM9000001,https://www.shazam.com/track/271726/promise-me,,-2.0,,-1.7
2026-05-01,Unlimited,2,DJ Beware (1),2,360,702,6:00,10,SWAG,A Game of Two Halves,Point Blank - EP,Version Music,1996,House,UKWN99800015,https://www.shazam.com/track/10192902/a-game-of-two-halves,125.8,0.6,125.0,0.5
2026-05-01,Unlimited,2,DJ Beware (1),3,720,1062,12:00,11,Red Axes,The Electric,The Electric Bee - EP,Shall Not Fade,2022,House,UKN6K2200758,https://www.shazam.com/track/617327924/the-electric,126.4,0.6,125.7,0.6
2026-05-01,Unlimited,2,DJ Beware (1),4,1080,1362,18:00,10,Mr. Ho,Angel Number 909 (Acidhouse Mix),Angel Number 909 - EP,Klasse Wrecks,2023,Dance,NLL561908924,https://www.shazam.com/track/650882632/angel-number-909-acidhouse-mix,125.8,1.4,124.0,1.4
2026-05-01,Unlimited,2,DJ Beware (1),5,1410,1482,23:30,2,"Tony Romera, ASDEK & Karina Ramage",All I Know (Edit),All I Know - Single,Universal Music Division Virgin Records,2023,Electronic,FR9W12245466,https://www.shazam.com/track/648266660/all-i-know-edit,125.8,0.5,125.1,0.4
2026-05-01,Unlimited,2,DJ Beware (1),6,1440,1542,24:00,3,Sam Supplier & Marlon Sadler,Better Off Alone (Extended Mix),,,,House,,https://www.shazam.com/track/668573553/better-off-alone-extended-mix,125.8,-1.7,128.0,-0.0
2026-05-01,Unlimited,2,DJ Beware (1),7,2070,2352,34:30,2,Solee,Shanti,Out of Nowhere,Parquet Recordings,2014,Electronic,DEH741409119,https://www.shazam.com/track/155952375/shanti,125.8,2.3,123.0,-0.2
2026-05-01,Unlimited,2,DJ Beware (1),8,2160,2472,36:00,10,Calisto,Get House (Remaster),Definitive Classics #002 - EP,Definitive Recordings,2023,House,DEBE72300825,https://www.shazam.com/track/80384857/get-house-remaster,125.8,-1.8,128.0,-1.8
2026-05-01,Unlimited,2,DJ Beware (1),9,2550,2622,42:30,3,Gigi D'Agostino,Bla Bla Bla,L'amour Toujours,ZYX Music,1999,Dance,DEA319908479,https://www.shazam.com/track/10498654/bla-bla-bla,125.7,-5.4,132.8,-4.5
2026-05-01,Unlimited,2,DJ Beware (1),10,3000,3102,50:00,2,Easttown,Balancing,Timeless,Cecille Records,2024,House,GBKQU2486707,https://www.shazam.com/track/713372961/balancing,125.6,-2.6,129.0,-3.3
2026-05-01,Unlimited,2,DJ Beware (1),11,3450,3492,57:30,2,Demarkus Lewis,Body Tonic,The Topshelf - Single,Farris Wheel Recordings,2005,House,NLZ500700022,https://www.shazam.com/track/59137878/body-tonic,,-1.0,,-0.9
2026-05-01,Unlimited,3,DJ Beware (2),1,180,372,3:00,3,Joey Harmless,So Shady,City Vol. 2,Bear Fresh Records,2014,House,GBKQU1453199,https://www.shazam.com/track/133440582/so-shady,129.0,4.8,123.0,4.4
2026-05-01,Unlimited,3,DJ Beware (2),2,480,852,8:00,12,Random Factor,Update,Ricochet - EP,20/20 Vision Recordings,2024,Dance,GBEWY0300061,https://www.shazam.com/track/10519589/update,128.9,1.4,127.2,1.3
2026-05-01,Unlimited,3,DJ Beware (2),3,930,1122,15:30,2,Gigi D'Agostino,Bla Bla Bla,L'amour Toujours,ZYX Music,1999,Dance,DEA319908479,https://www.shazam.com/track/10498654/bla-bla-bla,128.8,-3.0,132.8,0.8
2026-05-01,Unlimited,3,DJ Beware (2),4,1200,1392,20:00,5,Axwell,Feel the Vibe (Mixed),MDLBEAST Frequencies 001: Vinyl Mode (DJ Mix),MDLBEAST,2021,House,US23A1906981,https://www.shazam.com/track/40438834/feel-the-vibe-mixed,128.9,1.6,126.9,0.6
2026-05-08,Unlimited,1,DJ Functionist,1,30,432,0:30,8,"The Blessed Madonna, Joy Anonymous & Danielle Ponder",Carry Me Higher (7 Inch Version),Carry Me Higher - EP,Warner Records,2023,Dance,GBAHT2301438,https://www.shazam.com/track/682668185/carry-me-higher-7-inch-version,127.0,0.0,127.0,-0.0
2026-05-08,Unlimited,1,DJ Functionist,2,450,702,7:30,8,Megablast,Vamos (feat. Eribertho Cruz),Vamos (feat. Eribertho Cruz),Madorasindahouse Records,2019,Dance,QM6P41915666,https://www.shazam.com/track/471264476/vamos-feat-eribertho-cruz,124.1,3.3,120.1,-0.2
2026-05-08,Unlimited,1,DJ Functionist,3,510,732,8:30,2,K-LONE,Drumz!,Tasty003 - Drum Tools - EP,Sweet N Tasty,2023,Electronic,GBHLW2302273,https://www.shazam.com/track/681574802/drumz,124.0,0.8,123.0,-0.2
2026-05-08,Unlimited,1,DJ Functionist,4,1050,1332,17:30,2,DJ Spun,Infatuation or Obsession,,,,Pop,,https://www.shazam.com/track/334661650/infatuation-or-obsession,123.7,2.7,120.5,3.2
2026-05-08,Unlimited,1,DJ Functionist,5,1140,1302,19:00,2,Paul Keeley,A Sort of Homecoming (Michael Cassette Remix),A Sort of Homecoming,Anjunabeats,2006,Dance,GBEWA0800118,https://www.shazam.com/track/46128363/a-sort-of-homecoming-michael-cassette-remix,123.9,-1.6,125.9,-1.4
2026-05-08,Unlimited,1,DJ Functionist,6,1410,1872,23:30,14,Prince,17 Days (Piano & a Microphone 1983 Version),Piano & a Microphone 1983,Warner Records,2018,Pop,USRH11801733,https://www.shazam.com/track/436882185/17-days-piano-a-microphone-1983-version,123.8,3.1,120.2,-0.3
2026-05-08,Unlimited,1,DJ Functionist,7,2190,2562,36:30,8,Skatebård,Agfachrome RSX II,Colour Negatives - Single,Bordello A Parigi,2016,Dance,NLUL61600071,https://www.shazam.com/track/334745361/agfachrome-rsx-ii,123.9,-0.8,124.9,-0.0
2026-05-08,Unlimited,1,DJ Functionist,8,2250,2532,37:30,2,Candy Knievel,Spiritual,Spiritual - Single,1350709 Records DK,2019,Dance,QZHN31979762,https://www.shazam.com/track/500968046/spiritual,124.0,-0.0,124.1,0.7
2026-05-08,Unlimited,2,Jon Gravy,1,30,132,0:30,4,Daft Punk,Revolution 909,Homework,Daft Life Ltd./ADA France,1997,Dance,GBDUW0600005,https://www.shazam.com/track/5964668/revolution-909,131.8,4.4,126.3,0.0
2026-05-08,Unlimited,2,Jon Gravy,2,360,402,6:00,2,Fragma,Toca's Miracle (Radio Edit),Toca (20th Anniversary Edition),Front of House Recordings,2000,Dance,DEP992200001,https://www.shazam.com/track/49803917/tocas-miracle-radio-edit,135.0,2.3,132.0,2.4
2026-05-08,Unlimited,2,Jon Gravy,3,510,672,8:30,6,Lawrence Hart,LIVING WITHOUT U,ASKING FOR A FRIEND,Double Six Records,2025,Electronic,GBCEL2500510,https://www.shazam.com/track/836792349/living-without-u,142.2,0.1,142.1,-0.1
2026-05-08,Unlimited,2,Jon Gravy,4,1050,1212,17:30,5,Mall Grab & Real Lies,End Credits,End Credits (Club Mix) - Single,Mall Grab,2023,Electronic,USZXT2352079,https://www.shazam.com/track/676671327/end-credits,,1.3,,-0.1
2026-05-08,Unlimited,3,DJ Functionist,1,0,162,0:00,6,Beth,Hooked On You,Hooked On You - Single,Melon Bomb Records,2026,House,GBKQU2636046,https://www.shazam.com/track/871154268/hooked-on-you,132.1,2.3,129.1,-0.1
2026-05-08,Unlimited,3,DJ Functionist,2,180,372,3:00,5,Knuckleheadz,House Rocca,The Collection,Glamzoo,2019,Dance,GBKQU1952251,https://www.shazam.com/track/10659768/house-rocca,132.2,-3.3,136.7,-3.0
2026-05-08,Unlimited,3,DJ Functionist,3,270,312,4:30,2,Caleb Jackson,Shake Shack,Shake Shack - Single,Andhera Records,2025,House,GBKQU2585467,https://www.shazam.com/track/836239893/shake-shack,132.3,1.5,130.3,-0.0
2026-05-08,Unlimited,3,DJ Functionist,4,390,522,6:30,5,SOSA,The Connection,The Connection - Single,Disorder,2026,House,USA2P2565343,https://www.shazam.com/track/869551473/the-connection,132.0,1.5,130.0,-0.0
2026-05-08,Unlimited,3,DJ Functionist,5,540,732,9:00,7,IDEMI,Reflections,Reflections - Single,Insomniac Records,2026,Dance,NL8RL2637584,https://www.shazam.com/track/873474433/reflections,132.1,-0.1,132.1,-0.1
2026-05-08,Unlimited,3,DJ Functionist,6,750,942,12:30,4,Ozzie Guven & Luke Dean,JUMP!,Zero Degrees - Single,Heavy House Society,2026,House,GXG4Y2600022,https://www.shazam.com/track/872417410/jump,,-0.0,,-0.0
2026-05-08,Unlimited,3,DJ Functionist,7,810,882,13:30,2,666,Amokk (X-Tended Mix),3D Measurement,GO RECORDS,1998,Pop,CA5KR1800064,https://www.shazam.com/track/5896249/amokk-x-tended-mix,132.0,-2.9,136.0,-3.2
2026-05-08,Unlimited,3,DJ Functionist,8,1020,1242,17:00,2,Fur Coat,Spiral,Spiral - Single,MOOD Records,2018,Techno,UK7FL1800149,https://www.shazam.com/track/443483923/spiral,132.2,5.6,125.2,5.0
2026-05-08,Unlimited,3,DJ Functionist,9,1290,1392,21:30,2,Saidah,takeme2,takeme2 - EP,Forty Miles,2026,Garage,USA2P2624501,https://www.shazam.com/track/873781723/takeme2,132.0,-4.3,138.0,-0.1
2026-05-08,Unlimited,3,DJ Functionist,10,1320,1422,22:00,2,Gigi D'Agostino,Bla Bla Bla,L'amour Toujours,ZYX Music,1999,Dance,DEA319908479,https://www.shazam.com/track/10498654/bla-bla-bla,132.3,-0.7,133.2,-0.9
2026-05-08,Unlimited,3,DJ Functionist,11,1470,1662,24:30,7,"Adam Port, SG Lewis & Keinemusik",Be the One,Be the One - Single,Keinemusik,2026,Electronic,DEEC33502469,https://www.shazam.com/track/870228677/be-the-one,123.2,0.0,123.1,-0.0
2026-05-08,Unlimited,4,DJ Functionist (New House Mix),1,30,162,0:30,4,"Dam Swindle, DJ Pierre & Simon Doty",Come Together (Extended Mix),King Street Remixed - EP,King Street Sounds,2026,House,NL8FJ2600020,https://www.shazam.com/track/862532981/come-together-extended-mix,129.9,1.6,127.9,-0.0
2026-05-08,Unlimited,4,DJ Functionist (New House Mix),2,210,552,3:30,12,Cinthie,U Gotta Believe,U Gotta Believe - Single,Heist Recordings,2026,Electronic,NLYV52600016,https://www.shazam.com/track/871897792/u-gotta-believe,130.1,1.6,128.1,-0.1
2026-05-08,Unlimited,4,DJ Functionist (New House Mix),3,570,612,9:30,2,Brett Jacobs,Law of Averages (Io Mulen Remix),Law of Averages - EP,Abartik,2017,Electronic,DEH742031931,https://www.shazam.com/track/333100995/law-of-averages-io-mulen-remix,130.1,3.3,126.0,2.3
2026-05-08,Unlimited,4,DJ Functionist (New House Mix),4,750,942,12:30,6,Demuja,Stop Asking Me,title.txt,Peach Discs,2026,House,UKMRM1800121,https://www.shazam.com/track/872212260/stop-asking-me,129.9,-0.0,129.9,-0.1
2026-05-08,Unlimited,4,DJ Functionist (New House Mix),5,960,1152,16:00,7,O'Flynn & Swordman Kitala,Sekete,Kairos,Panthus,2026,Dance,GB2LD2610086,https://www.shazam.com/track/871848210/sekete,133.0,0.0,133.0,-0.0
2026-05-08,Unlimited,5,DJ Functionist,1,60,222,1:00,5,Disco Incorporated,Makusa (Groove Mix),Halloween - EP,South American Grooves,2024,House,USA2P2465980,https://www.shazam.com/track/458256328/makusa-groove-mix,125.0,0.8,124.0,-0.1
2026-05-08,Unlimited,5,DJ Functionist,2,330,552,5:30,6,Dam Swindle,Rhythm Baby,Backyard Galaxy - EP,Heist Recordings,2025,Electronic,NLYV52500061,https://www.shazam.com/track/840122811/rhythm-baby,93.7,0.0,93.7,-0.0
2026-05-08,Unlimited,5,DJ Functionist,3,570,732,9:30,6,DJ T.,Funk On You (Emanuel Satie Remix),Funk On You (Remixes) - EP,Get Physical Music,2025,Electronic,DEBE72500016,https://www.shazam.com/track/807374966/funk-on-you-emanuel-satie-remix,124.9,-0.0,124.9,-0.0
2026-05-08,Unlimited,5,DJ Functionist,4,780,1062,13:00,6,Didier Sinclair,Lovely Flight,"Workout Grooves Tribal Session: Running Music, Vol. 1",Workout Music TV,2000,Fitness & Workout,ITJ040100929,https://www.shazam.com/track/5755016/lovely-flight,125.0,-0.8,126.0,-0.6
2026-05-08,Unlimited,5,DJ Functionist,5,1080,1332,18:00,8,Timo Maas,Help Me (feat. Kelis),Loud (Eastwest Release),A & E Records/WMI,2002,Electronic,GBBUF0190081,https://www.shazam.com/track/10011605/help-me-feat-kelis,125.0,-0.0,125.0,-0.1
2026-05-08,Unlimited,5,DJ Functionist,6,1350,1602,22:30,2,Greg Beato,Pma,Pma - Single,L.I.E.S.,2014,Electronic,DEMM41401155,https://www.shazam.com/track/133757962/pma,127.9,2.9,124.3,3.0
2026-05-08,Unlimited,5,DJ Functionist,7,1680,1902,28:00,7,Soul Clap,Efunk Anthem (The Funk Mix (Radio Edit)),Drowning in Your Love,Freerange Records,2026,House,GBDLP2601445,https://www.shazam.com/track/853644956/efunk-anthem-the-funk-mix-radio-edit,128.9,0.5,128.3,-0.1
2026-05-08,Unlimited,5,DJ Functionist,8,1920,2472,32:00,19,Jaydee,Plastic Dreams,Plastic Dreams - EP,Spinnin' Records,1993,Dance,NLC281011779,https://www.shazam.com/track/11259978/plastic-dreams,129.0,0.1,128.8,-0.1
2026-05-08,Unlimited,5,DJ Functionist,9,2490,2952,41:30,16,Sneaker Pimps,Spin Spin Sugar (Armand's Dark Garage Mix),Spin Spin Sugar (Cd1),One Little Independent Records,1998,Pop,GBCDN9700001,https://www.shazam.com/track/40474273/spin-spin-sugar-armands-dark-garage-mix,129.1,-0.0,129.1,-0.1
2026-05-08,Unlimited,5,DJ Functionist,10,2970,3372,49:30,14,Tiga & Zyntherius,Sunglasses at Night,Sunglasses at Night - Single,Armada Music,2001,Techno,DEG932001576,https://www.shazam.com/track/6015066/sunglasses-at-night,129.0,-0.8,130.0,-0.1
2026-05-08,Unlimited,5,DJ Functionist,11,3420,3702,57:00,9,Azzido Da Bass,Dooms Night (Timo Maas Remix),Dooms Night (2.0),Club Tools,1999,Dance,DEH849900539,https://www.shazam.com/track/5761002/dooms-night-timo-maas-remix,129.0,-2.3,132.0,-0.1
2026-05-15,Unlimited,1,DJ Functionist & DJ Phekt (Sounds Like Europe),1,60,402,1:00,8,Space Echo,Party Together,Together EP,Luv Shack Records,2017,Electronic,ATMJ91102602,https://www.shazam.com/track/371970555/party-together,121.0,-0.4,121.4,0.0
2026-05-15,Unlimited,1,DJ Functionist & DJ Phekt (Sounds Like Europe),2,420,612,7:00,7,Sleaford Mods,Mork n Mindy (feat. Billy Nomates),Spare Ribs,Rough Trade,2020,Alternative,GBCVZ2000179,https://www.shazam.com/track/540878140/mork-n-mindy-feat-billy-nomates,122.2,0.1,122.1,0.1
2026-05-15,Unlimited,1,DJ Functionist & DJ Phekt (Sounds Like Europe),3,630,882,10:30,2,Block & Crown,Chopin,Chopin - Single,Booth Busters,2024,Dance,DEPI82434201,https://www.shazam.com/track/707171971/chopin,122.1,0.0,122.0,-0.3
2026-05-15,Unlimited,1,DJ Functionist & DJ Phekt (Sounds Like Europe),4,720,912,12:00,4,Joyce Muniz & Futuradora,Hack the System (Extended Version),,,,Electronic,,https://www.shazam.com/track/828105974/hack-the-system-extended-version,122.3,-4.6,128.2,0.1
2026-05-15,Unlimited,1,DJ Functionist & DJ Phekt (Sounds Like Europe),5,960,1002,16:00,2,Kraftwerk,Trans Europe Express (2009 Remaster),The Mix (2009 Remaster),Parlophone UK,1991,Electronic,GB01A0900410,https://www.shazam.com/track/311531/trans-europe-express-2009-remaster,,-0.4,,-0.0
2026-05-15,Unlimited,1,DJ Functionist & DJ Phekt (Sounds Like Europe),6,1230,1392,20:30,6,Bad Gyal,La Prendo,La Prendo - Single,Universal Music Latino/Interscope,2022,Urbano latino,USUM72208579,https://www.shazam.com/track/616428367/la-prendo,115.0,0.0,115.0,-0.0
2026-05-15,Unlimited,1,DJ Functionist & DJ Phekt (Sounds Like Europe),7,1590,1752,26:30,6,Folamour,Petit Prince Du Macadam,Umami,Classic Music Company,2017,Dance,GBCPZ1712468,https://www.shazam.com/track/373370403/petit-prince-du-macadam,94.7,1.2,93.5,0.1
2026-05-15,Unlimited,1,DJ Functionist & DJ Phekt (Sounds Like Europe),8,1890,1932,31:30,2,The DangerFeel Newbies,What Am I Here for? (Ndatl Vocal - Danny Krivit Edit),Edits by Mr. K - Single,Defected Records,2003,Dance,GBCPZ1609472,https://www.shazam.com/track/318486671/what-am-i-here-for-ndatl-vocal-danny-krivit-edit,123.5,-0.4,124.0,-1.3
2026-05-15,Unlimited,1,DJ Functionist & DJ Phekt (Sounds Like Europe),9,2670,2802,44:30,5,Tessa & Klamfyr,Blæstegnen,Blæstegnen - Single,Universal Music A/S,2020,Hip-Hop/Rap,DKUM72000825,https://www.shazam.com/track/545313073/bl%C3%A6stegnen,,-0.0,,-0.0
2026-05-15,Unlimited,1,DJ Functionist & DJ Phekt (Sounds Like Europe),10,2940,3102,49:00,6,"L'Entourloop, Troy Berkley & BlabberMouf",Madzilla,La Clarté Dans La Confusion,X-Ray Production,2022,Reggae,FR2R02200260,https://www.shazam.com/track/612103974/madzilla,100.8,6.0,95.1,0.1
2026-05-15,Unlimited,1,DJ Functionist & DJ Phekt (Sounds Like Europe),11,3750,3792,1:02:30,2,Blaze & Bicep,Lovelee Dae (Bicep Remix),Lovelee Dae Bicep Remixes - Single,Bicep Music,2016,Electronic,GBVHV1500062,https://www.shazam.com/track/323743308/lovelee-dae-bicep-remix,125.2,1.0,124.0,0.4
2026-05-15,Unlimited,1,DJ Functionist & DJ Phekt (Sounds Like Europe),12,3900,4152,1:05:00,3,Teho & Thaylo,Belong,Belong - Single,Labo T,2026,Electronic,FXR392600001,https://www.shazam.com/track/851313631/belong,125.0,1.0,123.8,0.2
2026-05-15,Unlimited,1,DJ Functionist & DJ Phekt (Sounds Like Europe),13,4170,4482,1:09:30,8,Teho,Origins,Shifting,Labo T,2024,Electronic,FXR392300015,https://www.shazam.com/track/686763778/origins,125.3,1.0,124.1,0.2
2026-05-15,Unlimited,1,DJ Functionist & DJ Phekt (Sounds Like Europe),14,4500,4542,1:15:00,2,Kraftwerk,Trans Europe Express (2009 Remaster),The Mix (2009 Remaster),Parlophone UK,1991,Electronic,GB01A0900410,https://www.shazam.com/track/311531/trans-europe-express-2009-remaster,,-0.4,,0.0
2026-05-15,Unlimited,1,DJ Functionist & DJ Phekt (Sounds Like Europe),15,4560,4692,1:16:00,5,Zwangere Guy,Papucho,Dit is Guy.,Universal Music Distributed Labels (DDO),2025,Hip-Hop/Rap,BEEJ12500004,https://www.shazam.com/track/831677249/papucho,145.9,-0.0,145.9,0.0
2026-05-15,Unlimited,1,DJ Functionist & DJ Phekt (Sounds Like Europe),16,5700,6072,1:35:00,6,Dylan Warren,Emphasis,,,,Dance,,https://www.shazam.com/track/58833514/emphasis,127.4,-0.1,127.5,0.1
2026-05-15,Unlimited,1,DJ Functionist & DJ Phekt (Sounds Like Europe),17,5880,5922,1:38:00,2,Avicii,Levels,Levels - EP,Pophouse Entertainment Group,2011,Dance,SEUM71100961,https://www.shazam.com/track/54554760/levels,127.4,0.8,126.4,-0.2
2026-05-15,Unlimited,1,DJ Functionist & DJ Phekt (Sounds Like Europe),18,6210,6342,1:43:30,4,DJ Tennis & Ashee,I Wanna Know (Mixed),fabric presents DJ Tennis (Mixed),fabric Records,2026,House,GBEXH2500227,https://www.shazam.com/track/852599262/i-wanna-know-mixed,127.4,-1.2,128.9,-0.0
2026-05-15,Unlimited,1,DJ Functionist & DJ Phekt (Sounds Like Europe),19,6420,6522,1:47:00,4,Gleb,PA PA,PA PA - Single,Virgin Music Label And Artist Services (S&D),2021,Hip-Hop/Rap,SKA012100142,https://www.shazam.com/track/575600672/pa-pa,89.1,-0.0,89.1,0.0
2026-05-15,Unlimited,1,DJ Functionist & DJ Phekt (Sounds Like Europe),20,6570,6732,1:49:30,6,Salmo & Noyz Narcos,RESPIRA (feat. Marracash),CVLT,Columbia,2023,Hip-Hop/Rap,ITB002301267,https://www.shazam.com/track/681048629/respira-feat-marracash,,-0.0,,-0.0
2026-05-15,Unlimited,2,DJ Functionist (Weekend Tunes),1,30,132,0:30,2,Mahmut otaklı,Mahmut Otaklı Tüm Parçalar,,,,Pop,,https://www.shazam.com/track/582765141/mahmut-otakl%C4%B1-t%C3%BCm-par%C3%A7alar,131.6,1.2,129.9,1.8
2026-05-15,Unlimited,2,DJ Functionist (Weekend Tunes),2,60,372,1:00,9,KiRiK,Hug,Hug,Cecille Records,2025,House,GBKQU2545330,https://www.shazam.com/track/824767164/hug,131.6,2.0,129.1,0.0
2026-05-15,Unlimited,2,DJ Functionist (Weekend Tunes),3,690,912,11:30,8,Modeā,Shine,Shine - Single,We Are The Brave,2022,Techno,DEG932202445,https://www.shazam.com/track/619419272/shine,136.3,0.1,136.1,0.1
2026-05-15,Unlimited,2,DJ Functionist (Weekend Tunes),4,1470,1662,24:30,7,Kink,Let The Bass Kink,SOF010 - EP,Sofia,2025,Techno,DEVY92500188,https://www.shazam.com/track/824800835/let-the-bass-kink,137.0,-2.1,140.0,0.2
2026-05-15,Unlimited,2,DJ Functionist (Weekend Tunes),5,1680,1902,28:00,8,Raz & Afla,Shikor Shikor,Echoes of Resistance,Wah Wah 45s,2024,,GBLQT2400045,https://www.shazam.com/track/712806766/shikor-shikor,126.0,0.8,125.0,-0.2
2026-05-15,Unlimited,2,DJ Functionist (Weekend Tunes),6,1980,2082,33:00,2,Mash,Style Is the Answer,Style Is the Answer - EP,Glasgow Underground,2013,House,GBPQS1200013,https://www.shazam.com/track/54880101/style-is-the-answer,126.0,3.3,122.0,3.7
2026-05-15,Unlimited,2,DJ Functionist (Weekend Tunes),7,2010,2352,33:30,9,Marc Molina,More Than Physical (Manuel Palmitesta Remix),Frequenza Summer 2015,Frequenza,2015,Dance,ITZ832015012,https://www.shazam.com/track/257984782/more-than-physical-manuel-palmitesta-remix,126.0,2.4,123.0,2.8
2026-05-15,Unlimited,2,DJ Functionist (Weekend Tunes),8,2040,2262,34:00,2,Butch,Bepsi,Hijacking - EP,Watergate Records,2019,House,DEPX41900292,https://www.shazam.com/track/457207138/bepsi,126.1,2.4,123.2,0.0
2026-05-15,Unlimited,2,DJ Functionist (Weekend Tunes),9,2910,3132,48:30,4,Empire Of The Sun,Walking On A Dream,Walking On A Dream (Reimagined),EMI Recorded Music Australia Pty Ltd,2008,Alternative,AUEI10800039,https://www.shazam.com/track/48785499/walking-on-a-dream,,-0.8,,-0.3
2026-05-15,Unlimited,2,DJ Functionist (Weekend Tunes),10,3180,3522,53:00,11,Robag Wruhme,Naila,Speicher 132 - Single,Kompakt Extra,2024,Dance,DEU672400531,https://www.shazam.com/track/704933635/naila,126.0,-0.8,127.0,-0.1
2026-05-15,Unlimited,3,DJ Beware,1,1740,1932,29:00,4,Chris Fortier & Neil Kolo,All I Got (Chris Fortier 20yr Dub),All I Got (Chris Fortier Remixes) - EP,Fade Records,2015,Techno,QMPNN1200220,https://www.shazam.com/track/297000567/all-i-got-chris-fortier-20yr-dub,123.9,0.8,122.9,-0.0
2026-05-15,Unlimited,3,DJ Beware,2,1770,1812,29:30,2,Lorenzo Silvano,Undertrack,Summer Comp. Vol. 5,Escapism Musique,2015,Electronic,NLCK41027344,https://www.shazam.com/track/277065807/undertrack,123.9,-1.6,125.9,-2.5
2026-05-15,Unlimited,3,DJ Beware,3,2100,2142,35:00,2,Allen (Italy) & Filix,Dusty Palace,Dusty Palace - Single,D.Traffik Limited,2016,Dance,ITMQU1600125,https://www.shazam.com/track/323832060/dusty-palace,124.0,-0.0,124.1,0.4
2026-05-15,Unlimited,3,DJ Beware,4,2250,2712,37:30,8,N-Gynn,Low Frequency Overload,Low Frequency Overload - Single,Pleasure Club,2020,IDM/Experimental,USA2P2021111,https://www.shazam.com/track/523361739/low-frequency-overload,124.0,1.6,122.0,-0.1
2026-05-15,Unlimited,3,DJ Beware,5,2370,2622,39:30,3,Gasho & Maxi Raffone,Good News (Original),"ROSCA 172, Pt. 2 - Single",Onward Recordings,2015,Dance,GBWUL1570655,https://www.shazam.com/track/236474472/good-news-original,124.0,0.9,122.9,1.3
2026-05-22,Unlimited,1,DJ Functionist,1,30,432,0:30,14,Mandy & Booka Shade,Body Language (Remaster) [M.A.N.D.Y. vs. Booka Shade],Body Language (M.A.N.D.Y. vs. Booka Shade) - Single,Get Physical Music,2005,House,DEBE72300194,https://www.shazam.com/track/43115130/body-language-remaster-m-a-n-d-y-vs-booka-shade,128.1,-1.5,130.1,0.0
2026-05-22,Unlimited,1,DJ Functionist,2,450,792,7:30,12,Octo Octa,Keep Pressing On,Sigils For Survival,T4T LUV NRG,2026,Dance,US3282601802,https://www.shazam.com/track/868330015/keep-pressing-on,128.0,-0.0,128.0,0.4
2026-05-22,Unlimited,1,DJ Functionist,3,810,1032,13:30,7,"Omicasa, Craze & Matsu",As It Seems,As It Seems - Single,Rules Don't Apply,2026,Dance,USUYG1807859,https://www.shazam.com/track/873591601/as-it-seems,128.0,0.8,126.9,0.4
2026-05-22,Unlimited,1,DJ Functionist,4,1050,1332,17:30,10,Crackazat,Shine (Club Mix),,,,Electronic,,https://www.shazam.com/track/861899516/shine-club-mix,128.2,1.6,126.2,0.1
2026-05-22,Unlimited,2,Josi Miller (Unlimited Am Attersee Warmup),1,180,282,3:00,4,Weval,DOPAMINE (On Acid),DOPAMINE Remixes - EP,Technicolour,2025,Electronic,GBCFB2500606,https://www.shazam.com/track/844875304/dopamine-on-acid,139.7,-2.8,143.7,-0.0
2026-05-22,Unlimited,2,Josi Miller (Unlimited Am Attersee Warmup),2,450,552,7:30,4,Novelist x Mumdance,1 Sec,1 Sec - EP,XL Recordings,2015,Electronic,GBBKS1400316,https://www.shazam.com/track/220142653/1-sec,,1.5,,-0.1
2026-05-22,Unlimited,2,Josi Miller (Unlimited Am Attersee Warmup),3,600,702,10:00,2,Kinsu,Giddy Up Let's Ride,Consensual Sex,Blunt Recordings,1997,Hip-Hop/Rap,USTV19700304,https://www.shazam.com/track/55383781/giddy-up-lets-ride,140.5,-4.6,147.2,-4.6
2026-05-22,Unlimited,2,Josi Miller (Unlimited Am Attersee Warmup),4,720,1002,12:00,10,bastienGOAT,Everybody In the Club,Harmony,758200 Records DK,2023,Dance,QZK6K2389067,https://www.shazam.com/track/667367145/everybody-in-the-club,141.6,-2.4,145.1,-0.0
2026-05-22,Unlimited,2,Josi Miller (Unlimited Am Attersee Warmup),5,1020,1242,17:00,7,IsGwan,Dressed,Fullhouse01 - EP,In The House Recs,2024,Garage,AUXN22471276,https://www.shazam.com/track/704221431/dressed,141.4,1.1,139.9,-0.0
2026-05-22,Unlimited,3,B.Visible,1,1800,2052,30:00,9,Cut the Q,Who Needs A Love Like That? (Graeme Park & John Crossley Groove Remix),,,,Dance,,https://www.shazam.com/track/55779504/who-needs-a-love-like-that-graeme-park-john-crossley,123.2,2.0,120.8,-0.0
2026-05-22,Unlimited,3,B.Visible,2,2070,2112,34:30,2,Dr. Phibes,Acid Story (Psymix),Acid Story (Remixes),DIKI Records Classics,1988,House,BEN582100797,https://www.shazam.com/track/40042133/acid-story-psymix,123.6,1.2,122.2,1.4
2026-05-22,Unlimited,3,B.Visible,3,2730,2862,45:30,4,Ministry of Sound,Ibiza Rocks 2011 (Doorly’s After Party Mix),,,,Dance,,https://www.shazam.com/track/207110631/ibiza-rocks-2011-doorlys-after-party-mix,131.2,0.2,130.9,0.0
2026-05-22,Unlimited,3,B.Visible,4,2790,2922,46:30,3,Gigi D'Agostino,Bla Bla Bla,L'amour Toujours,ZYX Music,1999,Dance,DEA319908479,https://www.shazam.com/track/10498654/bla-bla-bla,,-1.4,,-0.4
2026-05-22,Unlimited,3,B.Visible,5,3000,3102,50:00,3,Faithless,Salva Mea,Reverence / Irreverence,Cheeky Records,1996,Dance,GBBXH9920071,https://www.shazam.com/track/67437814/salva-mea,132.3,4.4,126.7,4.1
2026-05-22,Unlimited,3,B.Visible,6,3300,3402,55:00,4,Rank 1,Airwave (Radio Vocal Edit),Airwave,Be Yourself Music,2000,Trance,NLE800510001,https://www.shazam.com/track/45063022/airwave-radio-vocal-edit,133.9,-1.6,136.0,-0.5
2026-05-22,Unlimited,4,DJ Beware,1,90,132,1:30,2,Paperclip People,Throw (Slam's RTM Remix),Throw (Slam's RTM Remix) - Single,Planet E Communications,2011,Dance,USPC81201241,https://www.shazam.com/track/59935063/throw-slams-rtm-remix,128.0,0.8,126.9,-0.3
2026-05-22,Unlimited,4,DJ Beware,2,1830,2112,30:30,2,Neptune Project,Proteus (The Thrillseekers Remix),Proteus - Single,Mythology,2019,Trance,GBKQU1852726,https://www.shazam.com/track/429221253/proteus-the-thrillseekers-remix,128.0,-4.9,134.6,-5.0
2026-05-22,Unlimited,4,DJ Beware,3,2130,2442,35:30,4,Agents Of Time & Victor Garde,SexyBack,SexyBack,Time Machine Recordings,2025,Dance,US23A8924137,https://www.shazam.com/track/831586618/sexyback,127.7,2.4,124.7,3.2
2026-05-22,Unlimited,4,DJ Beware,4,2460,2742,41:00,9,Franz Scala,Telephone Boy (Fabrizio Mammarella Remix),Cafe Futuro (Remixes) - Single,Slow Motion Records,2026,Dance,DEG932601521,https://www.shazam.com/track/868356394/telephone-boy-fabrizio-mammarella-remix,127.8,4.1,122.8,4.1
2026-05-22,Unlimited,4,DJ Beware,5,3090,3372,51:30,9,Andrew Red Hand,Vortex Machine,Memento Mori EP - Single,International Deejay Gigolo Records,2026,Electronic,DECY52600115,https://www.shazam.com/track/873453181/vortex-machine,127.9,-3.0,131.9,-3.0
2026-05-22,Unlimited,4,DJ Beware,6,3660,3822,1:01:00,3,Soul Mass Transit System,Talking Nonsense,HAUSDOGS002 - EP,ec2a,2026,Dance,CBEFB2601260,https://www.shazam.com/track/867069515/talking-nonsense,132.0,-0.0,132.1,0.3
2026-05-22,Unlimited,4,DJ Beware,7,3690,3762,1:01:30,3,Tiësto,Traffic (Radio Edit),Just Be,Musical Freedom,2003,Dance,NLE710480323,https://www.shazam.com/track/40329252/traffic-radio-edit,131.9,-4.1,137.6,-4.4
2026-05-22,Unlimited,4,DJ Beware,8,3840,3942,1:04:00,2,Barcode Brothers,Dooh Dooh (Darude Vs Js16 Remix),Dooh Dooh,Universal Music A/S,1999,Pop,DKBKA0001404,https://www.shazam.com/track/444236891/dooh-dooh-darude-vs-js16-remix,,-4.3,,-3.4
2026-05-29,Unlimited,1,DJ Functionist,1,30,162,0:30,5,Adekunle Gold & Tml Vibez,Shake Shake,Fuji Xtra,Believe UK,2026,,GB45A2600023,https://www.shazam.com/track/870911754/shake-shake,115.8,-0.0,115.8,-0.0
2026-05-29,Unlimited,1,DJ Functionist,2,210,402,3:30,7,DJ Seinfeld,Plush,Plush - Single,Ninja Tune,2026,Electronic,GBCFB2500729,https://www.shazam.com/track/851285231/plush,137.0,0.0,137.0,-0.0
2026-05-29,Unlimited,1,DJ Functionist,3,450,642,7:30,7,Kristian Davidek,Silver & Gold (Extended),The Lilli Ann EP - EP,jhruza records,2026,House,ATHB32603004,https://www.shazam.com/track/879436054/silver-gold-extended,123.0,-0.0,123.0,-0.0
2026-05-29,Unlimited,1,DJ Functionist,4,720,1062,12:00,4,Honey Dijon,Satisfied (feat. Jacob Lusk),The Nightlife,SOS,2026,Dance,QM4TX2656696,https://www.shazam.com/track/863585514/satisfied-feat-jacob-lusk,,4.6,,-0.0
2026-05-29,Unlimited,1,DJ Functionist,5,810,1032,13:30,5,Solee,Shanti,Out of Nowhere,Parquet Recordings,2014,Electronic,DEH741409119,https://www.shazam.com/track/155952375/shanti,124.0,0.8,123.1,-0.2
2026-05-29,Unlimited,2,Benjamin Fröhlich,1,0,372,0:00,13,Antena,Camino Del Sol (Todd Terje Remix),Versions Speciales - Camino Del Sol,Permanent Vacation,1982,Dance,DECY60600005,https://www.shazam.com/track/45166395/camino-del-sol-todd-terje-remix,102.1,2.0,100.1,-0.0
2026-05-29,Unlimited,2,Benjamin Fröhlich,2,390,672,6:30,10,Pional & John Talabot,So Will Be Now...,Fin - Special Edition,Permanent Vacation,2012,Disco,DECY61100082,https://www.shazam.com/track/56317700/so-will-be-now,119.1,1.4,117.4,0.0
2026-05-29,Unlimited,2,Benjamin Fröhlich,3,720,972,12:00,6,Rhode & Brown,Rayo De Luz (feat. Sianza) [Dance Dub],Rayo De Luz (feat. Sianza) - Single,Permanent Vacation,2026,House,DECY62600081,https://www.shazam.com/track/884225449/rayo-de-luz-feat-sianza-dance-dub,119.1,-0.8,120.1,-0.0
2026-05-29,Unlimited,2,Benjamin Fröhlich,4,990,1332,16:30,12,Parallel Dance Ensemble,Shopping Cart (Maxxi Soundsystem Remix),Possessions and Obsessions (Remixed) - EP,Permanent Vacation,2012,Disco,DECY61100084,https://www.shazam.com/track/55995184/shopping-cart-maxxi-soundsystem-remix,119.0,0.9,118.0,-0.0
2026-05-29,Unlimited,2,Benjamin Fröhlich,5,1620,1872,27:00,8,Benjamin Fröhlich,Roll On,Roll On - Single,Permanent Vacation,2026,House,DECY62600086,https://www.shazam.com/track/886547565/roll-on,121.0,-0.8,122.0,-0.0
2026-05-29,Unlimited,2,Benjamin Fröhlich,6,1890,2202,31:30,10,Red Axes,Sun My Sweet Sun (Love Version),Sun My Sweet Sun (Love Version) - Single,Permanent Vacation,2026,House,DECY62600072,https://www.shazam.com/track/879384015/sun-my-sweet-sun-love-version,121.8,-2.4,124.8,-0.0
2026-05-29,Unlimited,2,Benjamin Fröhlich,7,2520,2802,42:00,6,Boris Brejcha,Purple Noise,"Feuerfalter, Pt. 2",Harthouse,2013,Dance,DEAZ31405756,https://www.shazam.com/track/105909198/purple-noise,122.1,-2.3,125.0,-0.4
2026-05-29,Unlimited,2,Benjamin Fröhlich,8,2580,2832,43:00,5,Benjamin Fröhlich,Last Night (feat. dreamcastmoe) [Retromigration Remix],Last Night (feat. dreamcastmoe) [Retromigration Remix] - Single,Permanent Vacation,2026,House,DECY62600090,https://www.shazam.com/track/889363882/last-night-feat-dreamcastmoe-retromigration-remix,122.3,-3.2,126.3,-0.0
2026-05-29,Unlimited,3,Jorkes,1,150,252,2:30,2,Toman,Verano en NY,Verano en NY - Single,Solid Grooves Records,2025,House,GBKQU2550812,https://www.shazam.com/track/826079035/verano-en-ny,128.0,1.6,126.0,0.0
2026-05-29,Unlimited,3,Jorkes,2,360,672,6:00,2,Elio Riso & Lucio Spain,Breaking Minds,Casual Creation Issue 25 (Disco Simphon Mix Music),Voltaire Music,2016,House,DEW871709072,https://www.shazam.com/track/313867991/breaking-minds,128.2,4.1,123.2,4.6
2026-05-29,Unlimited,3,Jorkes,3,690,1002,11:30,11,"Massimiliano Pagliara, Fort Romeau & Coloray",Reset,Reset - Single,Permanent Vacation,2022,House,DECY62200087,https://www.shazam.com/track/628297292/reset,128.1,3.2,124.1,-0.0
2026-05-29,Unlimited,3,Jorkes,4,1410,1692,23:30,2,Spiller & Sophie Ellis-Bextor,Groovejet (If This Ain't Love) [Purple Disco Machine & Lorenz Rhode Extended Remix],Groovejet (If This Ain’t Love),Defected Records,2000,Dance,GBCPZ2119981,https://www.shazam.com/track/584223275/groovejet-if-this-aint-love-purple-disco-machine-lorenz,128.2,4.0,123.3,-0.4
2026-05-29,Unlimited,3,Jorkes,5,1740,2052,29:00,10,Massimiliano Pagliara & Snax,Snap Out,See You in Paradise,Permanent Vacation,2022,House,DECY62200088,https://www.shazam.com/track/622016158/snap-out,128.0,2.4,125.0,-0.0
2026-05-29,Unlimited,4,DJ Beware,1,1170,1272,19:30,3,The Shapeshifters,Lola's Theme,Sound Advice,Glitterbox Recordings,2006,Dance,GBGYY0500059,https://www.shazam.com/track/40047979/lolas-theme,124.9,-0.1,125.0,0.9
2026-05-29,Unlimited,4,DJ Beware,2,1230,1332,20:30,2,Aaron-Carl,My House (Dub o' Funk),,,,Electronic,,https://www.shazam.com/track/93761350/my-house-dub-o-funk,125.0,-0.5,125.6,-0.5
2026-05-29,Unlimited,4,DJ Beware,3,1380,1482,23:00,4,Tiësto,The Business,DRIVE,Atlantic Records,2020,Dance,CYA112000624,https://www.shazam.com/track/537668825/the-business,125.0,0.8,124.0,1.2
2026-05-29,Unlimited,4,DJ Beware,4,1530,1872,25:30,4,Spirit Catcher,Voo Doo Knight,Voo Doo Knight,Moodmusic,2004,Dance,DEY470904031,https://www.shazam.com/track/40819673/voo-doo-knight,125.2,-3.9,130.2,-3.9
2026-05-29,Unlimited,4,DJ Beware,5,1620,1902,27:00,5,Pigna People,Fregna the Age (Mixed),A Bugged Out Mix (DJ Mix),,2005,Electronic,US23A8125129,https://www.shazam.com/track/40933915/fregna-the-age-mixed,125.0,-3.9,130.0,-3.9
2026-05-29,Unlimited,4,DJ Beware,6,1710,1752,28:30,2,Charles Manier,Change You,Tangent 2002: Disco Nouveau,Ghostly International,2002,Electronic,US2J70400511,https://www.shazam.com/track/40094731/change-you,,-3.5,,-3.6
2026-05-29,Unlimited,4,DJ Beware,7,1920,2232,32:00,10,Raxon,Robotalia,Robotalia - Single,Cocoon Recordings,2023,Techno,DEQ202300013,https://www.shazam.com/track/667961645/robotalia,125.0,-2.3,128.0,-2.4
2026-05-29,Unlimited,4,DJ Beware,8,2250,2502,37:30,5,Anfisa Letyago,Rhythm Tension,Speicher 118 - Single,Kompakt Extra,2021,Electronic,DEU672100874,https://www.shazam.com/track/579824120/rhythm-tension,125.0,-3.9,130.1,-3.9
2026-05-29,Unlimited,4,DJ Beware,9,2310,2532,38:30,5,Maceo Plex,Solar Detroit,Solar Sampler - Single,Ellum,2015,Dance,GB7M21529002,https://www.shazam.com/track/276386320/solar-detroit,125.2,3.3,121.2,2.5
2026-05-29,Unlimited,4,DJ Beware,10,3030,3342,50:30,10,Zoo Brazil,Big Sister,,,,,,https://www.shazam.com/track/40626427/big-sister,125.0,0.8,124.0,0.7
2026-05-29,Unlimited,4,DJ Beware,11,3360,3612,56:00,8,Random Factor,Old News,Ricochet - EP,20/20 Vision Recordings,2024,Dance,GBEWY0300059,https://www.shazam.com/track/712958233/old-news,124.7,-1.8,127.0,-1.9
2026-06-05,Unlimited,1,DJ Functionist Warmup Mix,1,30,282,0:30,9,Mexican Institute of Sound & Meridian Brothers,Cumbia Beckiana (feat. Beck),Ruido Tovar,Ansonia Records,2026,Música tropical,QZKVY2001963,https://www.shazam.com/track/867310783/cumbia-beckiana-feat-beck,160.0,-0.0,160.0,-0.0
2026-06-05,Unlimited,1,DJ Functionist Warmup Mix,2,1020,1422,17:00,12,KH,Only Human,Only Human - Single,Ministry of Sound Recordings,2019,Electronica,GBCEN1900007,https://www.shazam.com/track/459171125/only-human,127.1,0.0,127.1,-0.0
2026-06-05,Unlimited,1,DJ Functionist Warmup Mix,3,1470,1512,24:30,2,Becky Hill & Topic,My Heart Goes (La Di Da),Only Honest On The Weekend,Polydor Records,2021,Dance,GBUM72102422,https://www.shazam.com/track/577402804/my-heart-goes-la-di-da,125.5,-0.1,125.6,0.6
2026-06-05,Unlimited,1,DJ Functionist Warmup Mix,4,1530,1782,25:30,8,DJ Sneak,Love Can Make It Happen (Edit),Back to Love - EP,Heist Recordings,1999,Electronic,NLYV52300053,https://www.shazam.com/track/681352921/love-can-make-it-happen-edit,125.5,-0.4,126.0,-0.1
2026-06-05,Unlimited,2,Rare Grooves Vienna Attersee Warmup Mix,1,60,162,1:00,4,The Group NSI,"Mande Moin On Lajan, Pa Mande Moin Za Fe an Moin (My Business)",Roger a Ti Wawa - EP,Mad About Records,1981,World,USCGJ2322436,https://www.shazam.com/track/590293310/mande-moin-on-lajan-pa-mande-moin-za-fe-an-moin-my-business,,2.5,,2.6
2026-06-05,Unlimited,2,Rare Grooves Vienna Attersee Warmup Mix,2,180,342,3:00,6,Zohra,Badala Zamana,Badala Zamana - Single,Music Take Me Up,1977,Disco,DESY21401293,https://www.shazam.com/track/567174490/badala-zamana,111.5,-0.1,111.6,-0.2
2026-06-05,Unlimited,2,Rare Grooves Vienna Attersee Warmup Mix,3,360,432,6:00,3,Robson Jorge & Lincoln Olivetti,Ginga,Robson Jorge e Lincoln Olivetti,Som Livre,1982,MPB,BRSGL8100070,https://www.shazam.com/track/426367475/ginga,108.3,-0.2,108.5,-0.2
2026-06-05,Unlimited,2,Rare Grooves Vienna Attersee Warmup Mix,4,450,672,7:30,8,Rita Lee & Tutti Frutti,Agora é Moda,Babilônia,EMI Music Brasil Ltda,1978,MPB,BREMI7800554,https://www.shazam.com/track/44662994/agora-%C3%A9-moda,107.6,1.4,106.2,1.3
2026-06-05,Unlimited,2,Rare Grooves Vienna Attersee Warmup Mix,5,690,852,11:30,6,Betty Griffin,Free Spirit,Greg Belson's Divine Disco: American Gospel Disco 1974 to 1984,Cultures of Soul Records,2016,Disco,QMLLD1600009,https://www.shazam.com/track/322513483/free-spirit,123.1,3.7,118.7,3.7
2026-06-05,Unlimited,2,Rare Grooves Vienna Attersee Warmup Mix,6,870,1002,14:30,5,Yin Yin,Dis kô Dis kô,The Rabbit That Hunts Tigers,Bongo Joe,2019,Alternative,CHA831870902,https://www.shazam.com/track/447996305/dis-k%C3%B4-dis-k%C3%B4,124.1,-2.4,127.1,-2.4
2026-06-05,Unlimited,2,Rare Grooves Vienna Attersee Warmup Mix,7,1290,1542,21:30,9,Timmy Thomas,Why Can't We Live Together,Why Can't We Live Together,Rhino Atlantic,1972,R&B/Soul,USRH10125815,https://www.shazam.com/track/2938275/why-cant-we-live-together,106.0,0.1,105.9,-0.1
2026-06-05,Unlimited,3,DJ Functionist Party Mix,1,30,372,0:30,11,"TOMORA, AURORA, Tom Rowlands & salute",SOMEWHERE ELSE (salute Remix),SOMEWHERE ELSE (salute Remix) - Single,Fontana,2026,Electronic,GBUM72602077,https://www.shazam.com/track/869218111/somewhere-else-salute-remix,130.1,0.1,130.0,-0.1
2026-06-05,Unlimited,3,DJ Functionist Party Mix,2,390,492,6:30,4,Karim Naas & ZHIKO,Samba,Samba - Single,Paraiso,2026,Dance,BE8LH2500601,https://www.shazam.com/track/853248397/samba,130.5,1.8,128.2,-0.1
2026-06-05,Unlimited,3,DJ Functionist Party Mix,3,540,762,9:00,8,GENESI & Kino Todo,Criminals Move In Silence,Criminals Move In Silence - Single,Realm Records,2024,Dance,US38Y2421093,https://www.shazam.com/track/712956947/criminals-move-in-silence,130.8,2.1,128.1,-0.1
2026-06-05,Unlimited,3,DJ Functionist Party Mix,4,1170,1392,19:30,6,"HUGEL, Imael Angel & Ultra Naté",Movin' To The Sun,Twenty One,Make The Girls Dance Records,2026,Electronic,QT4K42627327,https://www.shazam.com/track/878083537/movin-to-the-sun,131.6,4.9,125.4,-0.1
2026-06-05,Unlimited,3,DJ Functionist Party Mix,5,1740,2022,29:00,8,Kristian Davidek & Theodor Striese,I Bet,The Lilli Ann EP - EP,jhruza records,2026,Electronica,ATHB32603003,https://www.shazam.com/track/878635332/i-bet,131.7,2.9,128.0,-0.1
2026-06-05,Unlimited,3,DJ Functionist Party Mix,6,2070,2262,34:30,7,O'Flynn & Swordman Kitala,Sekete,Kairos,Panthus,2026,Dance,GB2LD2610086,https://www.shazam.com/track/871848210/sekete,132.1,-0.7,133.0,-0.2
2026-06-05,Unlimited,3,DJ Functionist Party Mix,7,2280,2652,38:00,13,Rene Wise,Johnson's Theme,Johnson's Theme - EP,Dekmantel,2026,Dance,NLTH62600027,https://www.shazam.com/track/865589372/johnsons-theme,132.2,-0.7,133.1,-0.1
2026-06-05,Unlimited,3,DJ Functionist Party Mix,8,2670,2922,44:30,7,Sidney Charles & Kolter,Be Your Baby (Mixed),"Source Material, Vol. 3 (DJ Mix)",,2026,Dance,US23A9882536,https://www.shazam.com/track/876587863/be-your-baby-mixed,132.1,-0.7,133.0,-0.1
2026-06-05,Unlimited,3,DJ Functionist Party Mix,9,2940,3012,49:00,2,DJ Vibe,The Underground,Global Grooves,Kaos Records Portugal,2000,Dance,QM4TX1726899,https://www.shazam.com/track/10525851/the-underground,132.0,3.4,127.7,0.2
2026-06-05,Unlimited,3,DJ Functionist Party Mix,10,2970,3282,49:30,3,Roos,Instant Moments (Moederoverste Onie Mix),Instant Moments,Basic Beat,1997,House,NLDB91600005,https://www.shazam.com/track/54619250/instant-moments-moederoverste-onie-mix,66.0,-1.3,66.9,0.3
2026-06-05,Unlimited,3,DJ Functionist Party Mix,11,3060,3252,51:00,4,LEON (Italy) & Shaf Huse,Can't Truss,Can't Truss - EP,Sola,2018,House,GBJAJ1800690,https://www.shazam.com/track/422719677/cant-truss,132.1,4.9,125.9,4.0
2026-06-05,Unlimited,3,DJ Functionist Party Mix,12,3300,3522,55:00,7,VHOOR & Mc Pbó,Bang Bang!,De Keke!,Aquecimento BR,2026,Electronic,BCVHO2600002,https://www.shazam.com/track/859413000/bang-bang,132.1,1.6,129.9,-0.2
2026-06-05,Unlimited,4,DJ Beware,1,1470,1692,24:30,2,Elder Island,I Fold You (Pbr Streetgang Remix),I Fold You - Single,Elder Island,2020,Electronic,QM4TX2087486,https://www.shazam.com/track/512300158/i-fold-you-pbr-streetgang-remix,124.6,-1.9,127.0,-2.7
2026-06-05,Unlimited,4,DJ Beware,2,1740,2052,29:00,11,NuBreed,Ionosphere,Beats N Rhymes - Single,Mob Records,2002,Dance,GBDLM0200003,https://www.shazam.com/track/20033010/ionosphere,124.6,-2.7,128.0,-2.7
2026-06-05,Unlimited,4,DJ Beware,3,2100,2232,35:00,4,Sidekick,Deep Fear (Glauko & Neil Amarey Afro Remix),Deep Fear (Glauko & Neil Amarey Afro Remix) - Single,Netswork International,2025,,ITD452500052,https://www.shazam.com/track/818060167/deep-fear-glauko-neil-amarey-afro-remix,124.5,0.6,123.7,1.1
2026-06-05,Unlimited,4,DJ Beware,4,3300,3582,55:00,9,Freaky Chakra,Platform,Blacklight Fantasy,Astralwerks,1998,Electronic,USCN39801046,https://www.shazam.com/track/10006376/platform,124.3,-2.7,127.8,-2.8
2026-06-12,Unlimited,1,DJ Functionist Pride Weekend Warmup,1,90,222,1:30,5,Piers Kirwan,Way up (feat. Jeremy Glenn),Collabs - EP,Boogie Cafe Records,2025,House,GBLV62517868,https://www.shazam.com/track/848044070/way-up-feat-jeremy-glenn,,0.0,,-0.0
2026-06-12,Unlimited,1,DJ Functionist Pride Weekend Warmup,2,270,522,4:30,9,Safar (FR),Misto,Misto - Single,MoBlack Records,2026,,ITFGO2600052,https://www.shazam.com/track/881090535/misto,126.0,3.3,122.0,0.2
2026-06-12,Unlimited,1,DJ Functionist Pride Weekend Warmup,3,540,822,9:00,10,Hotmood,Wake Up Your Body,Wake Up Your Body - Single,Deep And Under Records,2026,Electronic,GBKQU2638643,https://www.shazam.com/track/875141161/wake-up-your-body,126.0,1.6,124.0,0.0
2026-06-12,Unlimited,1,DJ Functionist Pride Weekend Warmup,4,840,1062,14:00,4,Musumeci & Joyce Muniz,Musica Elettrica,Musica Elettrica - Single,Buttress,2026,IDM/Experimental,DEY472673975,https://www.shazam.com/track/873325780/musica-elettrica,127.1,0.0,127.1,-0.0
2026-06-12,Unlimited,1,DJ Functionist Pride Weekend Warmup,5,1110,1452,18:30,12,Nightmares On Wax & Marlon Lopez,Cancel Dat!,Patang - EP,20/20 Vision Recordings,2026,House,UK9AV2600166,https://www.shazam.com/track/876226875/cancel-dat,127.1,3.2,123.1,0.1
2026-06-12,Unlimited,1,DJ Functionist Pride Weekend Warmup,6,1500,1632,25:00,5,Sébastien Tellier & Juliette Armanet,Attraction,Attraction - Single,Because Music / Horizons,2026,French Pop,FR6P12601220,https://www.shazam.com/track/876438081/attraction,127.2,4.1,122.3,0.2
2026-06-12,Unlimited,1,DJ Functionist Pride Weekend Warmup,7,1860,2082,31:00,8,"Brian Jackson, Masters At Work, Kenny Dope & Louie Vega",The Revolution Will Not Be Televised (feat. Black Thought),Now More Than Ever,BBE Music,2025,R&B/Soul,GBEQT2400231,https://www.shazam.com/track/828141251/the-revolution-will-not-be-televised-feat-black-thought,181.9,0.0,181.9,-0.0
2026-06-12,Unlimited,1,DJ Functionist Pride Weekend Warmup,8,2130,2322,35:30,7,Maya Jane Coles,Rise Up (feat. Rye Rye),Rise Up (feat. Rye Rye) - Single,Night Creatures,2026,Dance,QM6N22642494,https://www.shazam.com/track/872432001/rise-up-feat-rye-rye,126.1,-0.0,126.1,-0.0
2026-06-12,Unlimited,1,DJ Functionist Pride Weekend Warmup,9,2340,2442,39:00,4,Bilderbuch,Push Reality,∞+1,Maschin Records,2026,Rock,ATAI72600002,https://www.shazam.com/track/878484297/push-reality,126.1,-2.8,129.7,0.4
2026-06-12,Unlimited,1,DJ Functionist Pride Weekend Warmup,10,2460,2682,41:00,6,Dam Swindle,Do What You Want,Do What You Want - EP,PIV,2026,House,GBKQU2652994,https://www.shazam.com/track/878389759/do-what-you-want,126.0,-1.6,128.0,-0.0
2026-06-12,Unlimited,1,DJ Functionist Pride Weekend Warmup,11,2490,2652,41:30,2,LEON (Italy) & Shaf Huse,Can't Truss,Can't Truss - EP,Sola,2018,House,GBJAJ1800690,https://www.shazam.com/track/422719677/cant-truss,125.9,0.0,125.8,0.6
2026-06-12,Unlimited,1,DJ Functionist Pride Weekend Warmup,12,2730,3102,45:30,12,Fred Everything,Searching (feat. Jinadu) [Deetron Remix],Searching (feat. Jinadu),Defected Records,2015,Dance,QMQ641555001,https://www.shazam.com/track/292332805/searching-feat-jinadu-deetron-remix,126.0,1.6,124.0,0.0
2026-06-12,Unlimited,1,DJ Functionist Pride Weekend Warmup,13,3120,3402,52:00,10,DJ Zombi & Guy Davidov,Disco Boy (Bonafique Radio Edit),Disco Boy - Single,Beat Boutique,2025,Electronic,NLHR22380063,https://www.shazam.com/track/838548083/disco-boy-bonafique-radio-edit,127.2,1.8,125.0,0.2
2026-06-12,Unlimited,2,DJ Functionist Pride Weekend Mix,1,60,282,1:00,4,Sidney Charles & Kolter,Be Your Baby (Mixed),"Source Material, Vol. 3 (DJ Mix)",,2026,Dance,US23A9882536,https://www.shazam.com/track/876587863/be-your-baby-mixed,133.0,-0.0,133.0,-0.0
2026-06-12,Unlimited,2,DJ Functionist Pride Weekend Mix,2,90,252,1:30,4,Mousse T. & Hot 'n' Juicy,Horny '98 (Extended Mix) [Mixed] [Mixed],Glitterbox - Catch the Beat (DJ Mix),Glitterbox Recordings,2019,Dance,GBCPZ1916404,https://www.shazam.com/track/10502624/horny-98-extended-mix-mixed-mixed,133.4,3.9,128.4,3.6
2026-06-12,Unlimited,2,DJ Functionist Pride Weekend Mix,3,330,612,5:30,6,Roos,Instant Moments (Moederoverste Onie Mix),Instant Moments,Basic Beat,1997,House,NLDB91600005,https://www.shazam.com/track/54619250/instant-moments-moederoverste-onie-mix,99.7,-0.6,100.3,0.4
2026-06-12,Unlimited,2,DJ Functionist Pride Weekend Mix,4,570,642,9:30,2,Circulation,Mauve (Mix A),Mauve - Single,Circulation,1998,Dance,GBPUP0728013,https://www.shazam.com/track/59082482/mauve-mix-a,,4.7,,4.0
2026-06-12,Unlimited,2,DJ Functionist Pride Weekend Mix,5,660,852,11:00,7,O'Flynn & Swordman Kitala,Sekete,Kairos,Panthus,2026,Dance,GB2LD2610086,https://www.shazam.com/track/871848210/sekete,133.0,-0.0,133.0,-0.0
2026-06-12,Unlimited,2,DJ Functionist Pride Weekend Mix,6,870,1212,14:30,12,"TOMORA, AURORA, Tom Rowlands & salute",SOMEWHERE ELSE (salute Remix),SOMEWHERE ELSE (salute Remix) - Single,Fontana,2026,Electronic,GBUM72602077,https://www.shazam.com/track/869218111/somewhere-else-salute-remix,133.0,2.3,130.0,0.3
2026-06-12,Unlimited,2,DJ Functionist Pride Weekend Mix,7,1260,1422,21:00,4,Soul Rebels,The Revolution Will Not Be Televised (Lunar Disco Remix),The Revolution Will Not Be Televised,Defected Records,1999,Dance,GBCPZ0200739,https://www.shazam.com/track/58050315/the-revolution-will-not-be-televised-lunar-disco-remix,132.0,3.0,128.1,0.3
2026-06-12,Unlimited,2,DJ Functionist Pride Weekend Mix,8,1800,2022,30:00,8,Ahadadream & Capo Lee,Put That Banger On Next,P ★ K I,Universal-Island Records Ltd.,2026,Dance,GBUM72602065,https://www.shazam.com/track/868822016/put-that-banger-on-next,99.0,1.5,97.5,0.3
2026-06-12,Unlimited,2,DJ Functionist Pride Weekend Mix,9,2640,3132,44:00,6,Floorfilla,Anthem #2 (D.J. Cerla Floorfiller Mix),Anthem #2 - EP,Expanded Music Srl,1999,Dance,IT00G9913501,https://www.shazam.com/track/10308183/anthem-2-d-j-cerla-floorfiller-mix,131.9,-0.1,132.1,0.2
2026-06-12,Unlimited,3,DJ Beware,1,840,912,14:00,3,Kevin McKay & Start The Party,I Feel Love (Club Mix),I Feel Love - Single,Glasgow Underground,2018,House,GBPQS1800175,https://www.shazam.com/track/452384915/i-feel-love-club-mix,122.0,-2.4,125.0,-0.7
2026-06-12,Unlimited,3,DJ Beware,2,1800,1962,30:00,4,Marc Molina,More Than Physical (Manuel Palmitesta Remix),Frequenza Summer 2015,Frequenza,2015,Dance,ITZ832015012,https://www.shazam.com/track/257984782/more-than-physical-manuel-palmitesta-remix,121.9,-0.8,122.9,0.6
2026-06-12,Unlimited,3,DJ Beware,3,2010,2292,33:30,2,Clean Bandit,Rather Be (feat. Jess Glynne) [The Magician Remix],Rather Be (feat. Jess Glynne) [Remixes] - EP,Atlantic Records UK,2014,Dance,GBAHS1300595,https://www.shazam.com/track/105271706/rather-be-feat-jess-glynne-the-magician-remix,121.9,0.8,120.9,-0.8
2026-06-12,Unlimited,3,DJ Beware,4,2070,2382,34:30,2,Sinner & James,On My Mind,On My Mind EP,Loulou Records,2019,Dance,QM7281996497,https://www.shazam.com/track/498373615/on-my-mind,,-2.5,,-3.0
2026-06-12,Unlimited,3,DJ Beware,5,2160,2202,36:00,2,Ricardo Villalobos,Easy Lee,,,,Electronic,,https://www.shazam.com/track/20131209/easy-lee,,-4.0,,-3.2
2026-06-12,Unlimited,3,DJ Beware,6,2790,3162,46:30,13,Raxon,Robotalia,Robotalia - Single,Cocoon Recordings,2023,Techno,DEQ202300013,https://www.shazam.com/track/667961645/robotalia,122.0,-4.7,128.0,-4.7
2026-06-19,Unlimited,1,DJ Functionist,1,30,222,0:30,7,Inner City,Good Life,Paradise,Virgin Catalogue,1989,Dance,GBAAA8900115,https://www.shazam.com/track/650904/good-life,121.9,0.6,121.2,-0.4
2026-06-19,Unlimited,1,DJ Functionist,2,240,432,4:00,7,Bella Boo & Venus Anon,Summertime,DreamySpaceyBlue,Studio Barnhus,2023,House,SE2WJ2306005,https://www.shazam.com/track/676791750/summertime,122.2,1.7,120.2,-0.1
2026-06-19,Unlimited,1,DJ Functionist,3,450,702,7:30,8,Dam Swindle,That's Right (Edit),That's Right (Edit) - Single,Heist Recordings,2023,Electronic,NLYV52300046,https://www.shazam.com/track/677976767/thats-right-edit,121.9,1.7,119.9,-0.1
2026-06-19,Unlimited,1,DJ Functionist,4,720,972,12:00,9,House Punkz,Music in the Night,Music in the Night - Single,Tasty Recordings,2023,Electronic,GBRBN2300010,https://www.shazam.com/track/647417087/music-in-the-night,122.1,0.8,121.1,-0.2
2026-06-19,Unlimited,1,DJ Functionist,5,1650,1782,27:30,2,Avishai Cohen,Smash,The 50 Gold Selection (Commented Version),Naive,2006,Jazz,US2W60646309,https://www.shazam.com/track/47194472/smash,,3.7,,-0.1
2026-06-19,Unlimited,2,Kamehameharin Unlimited Am Attersee Warmup Mix,1,210,372,3:30,6,Turk Turkelton,Sugar,Ghettoraid Vol. 1,RAIDERS,2020,Bass,NLCK42216899,https://www.shazam.com/track/623344209/sugar,145.1,-0.0,145.1,-0.0
2026-06-19,Unlimited,2,Kamehameharin Unlimited Am Attersee Warmup Mix,2,390,612,6:30,8,Nubiyan Twist,Breeze,Breeze - Single,Strut,2024,Jazz,DEG932404188,https://www.shazam.com/track/713206934/breeze,,3.1,,-0.0
2026-06-19,Unlimited,2,Kamehameharin Unlimited Am Attersee Warmup Mix,3,840,942,14:00,4,"DJ KOALA6, MC Marlon PH & CACAU CHUU",IGNORANTE POR CIMA DO SAX (SLOWED),IGNORANTE POR CIMA DO SAX - Single,DJ KOALA6,2025,Electronic,BKVYY2500817,https://www.shazam.com/track/828678056/ignorante-por-cima-do-sax-slowed,133.6,3.1,129.6,0.0
2026-06-19,Unlimited,2,Kamehameharin Unlimited Am Attersee Warmup Mix,4,960,1092,16:00,2,DJ Boogie,L.F.B,,,,Hip-Hop/Rap,,https://www.shazam.com/track/159733542/l-f-b,,2.4,,0.5
2026-06-19,Unlimited,3,DJ Functionist,1,210,492,3:30,9,Moondog,Lament 1 'Bird's Lament',,,,Jazz,,https://www.shazam.com/track/45060489/lament-1-birds-lament,,0.0,,-0.1
2026-06-19,Unlimited,3,DJ Functionist,2,570,852,9:30,4,Chris Fortier & Neil Kolo,All I Got (Chris Fortier 20yr Dub),All I Got (Chris Fortier Remixes) - EP,Fade Records,2015,Techno,QMPNN1200220,https://www.shazam.com/track/297000567/all-i-got-chris-fortier-20yr-dub,122.0,-0.9,123.1,-1.8
2026-06-19,Unlimited,3,DJ Functionist,3,600,672,10:00,2,SolyMar & Megamen,All I Need,Sound Of New York,Waako Records,2011,Dance,DEA311106256,https://www.shazam.com/track/56479524/all-i-need,122.0,-2.6,125.2,-2.4
2026-06-19,Unlimited,3,DJ Functionist,4,870,1212,14:30,3,Lovebirds,The Path 2011,The Path 2011 - Single,Peppermint Jam Records,2020,Electronic,DEP082000005,https://www.shazam.com/track/509938879/the-path-2011,121.9,1.7,119.9,-0.1
2026-06-19,Unlimited,3,DJ Functionist,5,930,1092,15:30,3,Concept Neuf,The Path (Sorito Edit),Concept Neuf,Altra Moda Music,1979,World,GBGB71500002,https://www.shazam.com/track/61091090/the-path-sorito-edit,121.9,2.4,119.0,-0.1
2026-06-19,Unlimited,3,DJ Functionist,6,960,1182,16:00,3,Ninetoes,Finder,Finder - EP,Kling Klong Records,2013,Electronic,DENC31200185,https://www.shazam.com/track/92270906/finder,121.9,1.0,120.6,-0.1
2026-06-19,Unlimited,3,DJ Functionist,7,1230,1572,20:30,5,Eli Escobar,Happiness Pt 2,Happiness (Deluxe Edition),Classic Music Company,2014,Dance,GBCPZ1609560,https://www.shazam.com/track/327930958/happiness-pt-2,122.0,-0.0,122.0,-0.1
2026-06-19,Unlimited,3,DJ Functionist,8,1260,1602,21:00,8,Soft Rocks & Kings of Tomorrow,Talking Jungle (Justin Vandervolgen Remix / So Alive (Accapella) [Mixed],Defected in the House Radio Show Episode 024 (Hosted by Simon Dunmore) [Mixed],Defected Records,2016,Dance,GBCPZ1610194,https://www.shazam.com/track/333941534/talking-jungle-justin-vandervolgen-remix-so-alive-accapella,121.9,-0.9,123.0,0.0
2026-06-19,Unlimited,3,DJ Functionist,9,1650,1902,27:30,9,Detroit Rising & Jimpster,Don't Stop the Feeling (Dub),Don't Stop the Feeling (Dub) - Single,Down Jazz Records,2026,House,UKACT2643924,https://www.shazam.com/track/872264034/dont-stop-the-feeling-dub,122.0,-0.8,123.1,-0.0
2026-06-19,Unlimited,3,DJ Functionist,10,2010,2172,33:30,3,Funkadelic,(Not Just) Knee Deep (Mixed),"Splash House, August 2023 (DJ Mix)",,2023,House,US23A9467798,https://www.shazam.com/track/509724/not-just-knee-deep-mixed,122.0,5.5,115.7,-0.3
2026-06-19,Unlimited,3,DJ Functionist,11,2070,2112,34:30,2,Down N Out,Whoahaa,"Tastie Greens, Vol. 3",Greenhouse Recordings,2012,House,FRX991593769,https://www.shazam.com/track/58954073/whoahaa,122.0,-2.3,124.8,-0.2
2026-06-19,Unlimited,3,DJ Functionist,12,2250,2592,37:30,12,Soul Reductions,Got 2 Be Loved (Extended Mix),Got 2 Be Loved (Extended Mix) - Single,Classic Music Company,2017,Dance,GBCPZ1915190,https://www.shazam.com/track/462322644/got-2-be-loved-extended-mix,122.1,-0.0,122.1,0.0
2026-06-19,Unlimited,3,DJ Functionist,13,2610,2802,43:30,3,Brooklyn Express,Change Position (88) [Dr Packer Edit],Z Records Presents Ibiza 2017,Z Records,2017,Dance,GBPKF1700068,https://www.shazam.com/track/367655829/change-position-88-dr-packer-edit,121.9,1.7,119.9,-0.1
2026-06-19,Unlimited,3,DJ Functionist,14,2640,2772,44:00,4,Brooklyn Express,Sixty Nine,Sixty Nine - Single,Sunpire Records,2021,R&B/Soul,CA5KR2143603,https://www.shazam.com/track/72834550/sixty-nine,122.0,3.0,118.5,-0.3
2026-06-19,Unlimited,3,DJ Functionist,15,2880,3132,48:00,7,Happy Clappers,I Believe,I Believe,Cherry Red Records,1994,Dance,GBCEN1700198,https://www.shazam.com/track/11144392/i-believe,122.2,-2.4,125.1,-0.2
2026-06-19,Unlimited,3,DJ Functionist,16,3210,3492,53:30,10,DJ Zombi & Guy Davidov,Disco Boy (Bonafique Radio Edit),Disco Boy - Single,Beat Boutique,2025,Electronic,NLHR22380063,https://www.shazam.com/track/838548083/disco-boy-bonafique-radio-edit,122.0,-2.4,125.0,-0.1
2026-06-19,Unlimited,4,DJ Beware,1,690,1092,11:30,6,Pigna People,Fregna the Age (Mixed),A Bugged Out Mix (DJ Mix),,2005,Electronic,US23A8125129,https://www.shazam.com/track/40933915/fregna-the-age-mixed,124.0,-4.6,130.0,-4.7
2026-06-19,Unlimited,4,DJ Beware,2,750,912,12:30,5,Charles Manier,Change You,Tangent 2002: Disco Nouveau,Ghostly International,2002,Electronic,US2J70400511,https://www.shazam.com/track/40094731/change-you,124.0,-4.2,129.5,-4.3
2026-06-19,Unlimited,4,DJ Beware,3,1440,1602,24:00,3,A Bitch Named Johanna,Freak It (Instrumental),,,,,,https://www.shazam.com/track/283994053/freak-it-instrumental,124.0,0.5,123.3,-0.2
2026-06-19,Unlimited,4,DJ Beware,4,2190,2412,36:30,8,Analog Fingerprints,Roofs,Roofs - EP,Pigna,2003,Dance,ITC640300062,https://www.shazam.com/track/41391041/roofs,124.0,-0.8,125.0,-0.8
2026-06-19,Unlimited,4,DJ Beware,5,2880,3102,48:00,8,Alexander Robotnick,Dance Boy Dance,,,,Electronic,,https://www.shazam.com/track/40216684/dance-boy-dance,124.0,-1.4,125.8,-1.5
2026-06-19,Unlimited,4,DJ Beware,6,3270,3432,54:30,2,BLR & Rave & Crave,Taj,"EP, Pt. 1 - EP",Spinnin' Deep,2017,Dance,NLZ541701197,https://www.shazam.com/track/378527324/taj,124.0,0.2,123.7,-0.5
2026-06-19,Unlimited,4,DJ Beware,7,3330,3372,55:30,2,Villalobos,Easy Lee,,,,Electronic,,https://www.shazam.com/track/72009567/easy-lee,124.0,-3.5,128.5,-4.0
2026-06-19,Unlimited,4,DJ Beware,8,3450,3552,57:30,3,Sinner & James,On My Mind,On My Mind EP,Loulou Records,2019,Dance,QM7281996497,https://www.shazam.com/track/498373615/on-my-mind,124.0,-0.7,124.9,-1.4
2026-06-26,Unlimited,1,DJ Functionist,1,30,252,0:30,8,Jungle Brothers,Doin' Our Own Dang,Done By the Forces of Nature,Warner Records,1989,Hip-Hop/Rap,USWB10003288,https://www.shazam.com/track/512955/doin-our-own-dang,113.1,0.0,113.1,0.0
2026-06-26,Unlimited,1,DJ Functionist,2,270,732,4:30,16,Joakim,Nothing Gold (Todd Terje Remix),Nothing Gold,Tigersushi Records,2012,Electronic,FR5S91200925,https://www.shazam.com/track/57978260/nothing-gold-todd-terje-remix,113.0,0.0,113.0,-0.0
2026-06-26,Unlimited,1,DJ Functionist,3,990,1542,16:30,19,The Stone Roses,Fools Gold,The Stone Roses (20th Anniversary Collector's Edition),Silvertone,1989,Alternative,GBAHJ0900020,https://www.shazam.com/track/217259/fools-gold,,0.2,,-0.1
2026-06-26,Unlimited,1,DJ Functionist,4,1560,1692,26:00,5,Kurtis Blow,The Breaks,Hip Hop Anniversary Europe Tour (Live),ZYX,2008,Hip-Hop/Rap,DEA310805869,https://www.shazam.com/track/44511194/the-breaks,113.2,0.2,112.9,0.2
2026-06-26,Unlimited,1,DJ Functionist,5,1950,2262,32:30,11,Eli Escobar,Seein You,Up All Night,Night People NYC,2009,Dance,USYBL1500293,https://www.shazam.com/track/254283475/seein-you,113.2,-0.9,114.2,-0.1
2026-06-26,Unlimited,2,DJ Functionist Dance Mix,1,270,642,4:30,13,Crackazat,Shine (Club Mix),,,,Electronic,,https://www.shazam.com/track/861899516/shine-club-mix,124.8,0.0,124.8,-0.0
2026-06-26,Unlimited,2,DJ Functionist Dance Mix,2,690,942,11:30,8,Tyree Cooper,Turn Up the Bass (Tyree Cooper Turn Up the House Mix),Turn Up the Bass - EP,Supa Dupa Rec.,1998,Dance,DEBL60822267,https://www.shazam.com/track/49001013/turn-up-the-bass-tyree-cooper-turn-up-the-house-mix,127.9,0.3,127.6,-0.5
2026-06-26,Unlimited,2,DJ Functionist Dance Mix,3,990,1332,16:30,12,Cinthie,U Gotta Believe,U Gotta Believe - Single,Heist Recordings,2026,Electronic,NLYV52600016,https://www.shazam.com/track/871897792/u-gotta-believe,127.9,-0.0,127.9,-0.0
2026-06-26,Unlimited,2,DJ Functionist Dance Mix,4,1380,1542,23:00,6,Beth,Hooked On You,Hooked On You - Single,Melon Bomb Records,2026,House,GBKQU2636046,https://www.shazam.com/track/871154268/hooked-on-you,127.8,-0.8,128.9,-0.0
2026-06-26,Unlimited,2,DJ Functionist Dance Mix,5,1560,1692,26:00,2,The DangerFeel Newbies,What Am I Here for? (Ndatl Vocal - Danny Krivit Edit),Edits by Mr. K - Single,Defected Records,2003,Dance,GBCPZ1609472,https://www.shazam.com/track/318486671/what-am-i-here-for-ndatl-vocal-danny-krivit-edit,128.5,3.6,124.0,0.8
2026-06-26,Unlimited,2,DJ Functionist Dance Mix,6,1590,1842,26:30,6,KiRiK,Hug,Hug,Cecille Records,2025,House,GBKQU2545330,https://www.shazam.com/track/824767164/hug,129.2,0.0,129.2,-0.1
2026-06-26,Unlimited,2,DJ Functionist Dance Mix,7,2100,2172,35:00,3,DJ Tennis,Hello Hello (Extended Mix),fabric presents DJ Tennis (Mixed),fabric Records,2026,House,GBEXH2500212,https://www.shazam.com/track/859105800/hello-hello-extended-mix,,1.1,,-0.2
2026-06-26,Unlimited,2,DJ Functionist Dance Mix,8,2250,2502,37:30,5,Rank 1,Airwave (Radio Vocal Edit),Airwave,Be Yourself Music,2000,Trance,NLE800510001,https://www.shazam.com/track/45063022/airwave-radio-vocal-edit,133.0,-2.1,135.9,-0.7
2026-06-26,Unlimited,2,DJ Functionist Dance Mix,9,2550,2832,42:30,10,Sonz of a Loop da Loop Era,Far out,Far Out / Higher - Single,Suburban Base,1991,Breakbeat,GBDLM1300556,https://www.shazam.com/track/5879677/far-out,133.0,-1.6,135.1,-0.0
2026-06-26,Unlimited,2,DJ Functionist Dance Mix,10,2910,2952,48:30,2,DJ Markuz,Someone Call a Dj,Someone Call a Dj - Single,3931578 Records DK,2025,House,QT3F92544304,https://www.shazam.com/track/843556927/someone-call-a-dj,132.8,-0.0,132.9,-0.3
2026-06-26,Unlimited,2,DJ Functionist Dance Mix,11,2970,3012,49:30,2,KI/KI,What's a Girl to Do in '25,What's a Girl to Do in '25 - Single,Disorder Artist & Label Services,2025,Trance,USA2P2544761,https://www.shazam.com/track/838224742/whats-a-girl-to-do-in-25,133.0,-8.9,146.0,-0.1
2026-06-26,Unlimited,2,DJ Functionist Dance Mix,12,3090,3192,51:30,4,Zero & Flava D,On My Line,On My Line - Single,Funfair Records,2023,Electronic,QMFME2397695,https://www.shazam.com/track/681677390/on-my-line,133.1,-0.7,134.1,-0.2
2026-06-26,Unlimited,2,DJ Functionist Dance Mix,13,3210,3432,53:30,4,Sidney Charles & Kolter,Be Your Baby (Mixed),"Source Material, Vol. 3 (DJ Mix)",,2026,Dance,US23A9882536,https://www.shazam.com/track/876587863/be-your-baby-mixed,133.0,-0.0,133.0,-0.0
2026-06-26,Unlimited,2,DJ Functionist Dance Mix,14,3240,3372,54:00,3,Mousse T. & Hot 'n' Juicy,Horny '98 (Extended Mix) [Mixed] [Mixed],Glitterbox - Catch the Beat (DJ Mix),Glitterbox Recordings,2019,Dance,GBCPZ1916404,https://www.shazam.com/track/10502624/horny-98-extended-mix-mixed-mixed,132.9,3.9,127.9,3.6
2026-06-26,Unlimited,3,DJ Beware,1,720,1092,12:00,4,Spirit Catcher,Voo Doo Knight,Voo Doo Knight,Moodmusic,2004,Dance,DEY470904031,https://www.shazam.com/track/40819673/voo-doo-knight,124.0,-4.6,130.0,-4.7
2026-06-26,Unlimited,3,DJ Beware,2,750,912,12:30,2,Charles Manier,Change You,Tangent 2002: Disco Nouveau,Ghostly International,2002,Electronic,US2J70400511,https://www.shazam.com/track/40094731/change-you,124.0,-4.2,129.5,-4.3
2026-06-26,Unlimited,3,DJ Beware,3,840,1062,14:00,7,Pigna People,Fregna the Age (Mixed),A Bugged Out Mix (DJ Mix),,2005,Electronic,US23A8125129,https://www.shazam.com/track/40933915/fregna-the-age-mixed,124.0,-4.6,130.0,-4.7
2026-06-26,Unlimited,3,DJ Beware,4,1230,1272,20:30,2,Amin,Morker,The Path Toward Darkness,Wout Records,2018,Techno,DEH741806573,https://www.shazam.com/track/416372233/morker,124.2,0.6,123.5,-0.2
2026-06-26,Unlimited,3,DJ Beware,5,1440,1752,24:00,2,A Bitch Named Johanna,Freak It (Instrumental),,,,,,https://www.shazam.com/track/283994053/freak-it-instrumental,124.0,0.4,123.4,-0.2
2026-06-26,Unlimited,3,DJ Beware,6,2190,2412,36:30,7,Analog Fingerprints,Roofs,Roofs - EP,Pigna,2003,Dance,ITC640300062,https://www.shazam.com/track/41391041/roofs,124.0,-0.8,125.0,-0.8
2026-06-26,Unlimited,3,DJ Beware,7,2880,3132,48:00,9,Alexander Robotnick,Dance Boy Dance,,,,Electronic,,https://www.shazam.com/track/40216684/dance-boy-dance,124.0,-1.4,125.8,-1.6
2026-07-10,Unlimited,1,DJ Functionist Atterday Mix (Part 1 & 2),1,30,192,0:30,6,DJ Tennis,Misbehave (feat. Campbell King),Misbehave (feat. Campbell King) - Single,Life and Death,2026,Dance,QM7282639379,https://www.shazam.com/track/881726286/misbehave-feat-campbell-king,129.1,0.0,129.1,-0.0
2026-07-10,Unlimited,1,DJ Functionist Atterday Mix (Part 1 & 2),2,210,642,3:30,14,Cinthie,U Gotta Believe,U Gotta Believe - Single,Heist Recordings,2026,Electronic,NLYV52600016,https://www.shazam.com/track/871897792/u-gotta-believe,96.0,0.0,96.0,-0.0
2026-07-10,Unlimited,1,DJ Functionist Atterday Mix (Part 1 & 2),3,660,762,11:00,3,Boom!,Messed Up,Messed Up - EP,Rough Cut Records,1996,Dance,NLK590500046,https://www.shazam.com/track/68027369/messed-up,129.3,0.0,129.2,-0.6
2026-07-10,Unlimited,1,DJ Functionist Atterday Mix (Part 1 & 2),4,720,792,12:00,2,Mella Dee,Sunday Service,Sunday Service - Single,Nothing Stays The Same,2026,Dance,QM7282609053,https://www.shazam.com/track/882463961/sunday-service,,0.1,,-0.1
2026-07-10,Unlimited,1,DJ Functionist Atterday Mix (Part 1 & 2),5,810,912,13:30,4,Danny Howard,Knockin’,Knockin’ - Single,Nothing Else Matters,2026,House,GBJAJ2600100,https://www.shazam.com/track/856263471/knockin,129.1,-0.8,130.1,-0.2
2026-07-10,Unlimited,1,DJ Functionist Atterday Mix (Part 1 & 2),6,990,1302,16:30,7,DJ OTAVIO HENRIQUE,SET MEGA FUNK FIM DE ANO 2026,SET MEGA FUNK FIM DE ANO 2026 - Single,6275363 Records DK,2025,Jungle/Drum'n'bass,QT6G62561407,https://www.shazam.com/track/854372981/set-mega-funk-fim-de-ano-2026,129.0,-0.8,130.0,-0.2
2026-07-10,Unlimited,1,DJ Functionist Atterday Mix (Part 1 & 2),7,1140,1242,19:00,3,J.J. Fad,Supersonic,Supersonic,Rhino/Elektra,1988,Hip-Hop/Rap,USEW18800001,https://www.shazam.com/track/10567242/supersonic,128.7,-2.4,131.8,-0.2
2026-07-10,Unlimited,1,DJ Functionist Atterday Mix (Part 1 & 2),8,1350,1602,22:30,9,Soul Mass Transit System,Feel Da Vibe,HAUSDOGS002 - EP,ec2a,2026,Dance,CBEFB2601264,https://www.shazam.com/track/867124760/feel-da-vibe,129.2,-0.8,130.2,-0.2
2026-07-10,Unlimited,1,DJ Functionist Atterday Mix (Part 1 & 2),9,1620,1812,27:00,6,Fragma,Toca's Miracle (Radio Edit),Toca (20th Anniversary Edition),Front of House Recordings,2000,Dance,DEP992200001,https://www.shazam.com/track/49803917/tocas-miracle-radio-edit,101.3,-0.0,101.3,0.8
2026-07-10,Unlimited,1,DJ Functionist Atterday Mix (Part 1 & 2),10,2160,2382,36:00,8,Debba,Crazy,Crazy / Warm - Single,Rinse,2026,Garage,FR96X2695849,https://www.shazam.com/track/877852340/crazy,134.9,0.7,134.0,-0.0
2026-07-10,Unlimited,1,DJ Functionist Atterday Mix (Part 1 & 2),11,2490,2652,41:30,3,Brooklyn Bounce,The Theme (Of Progressive Attack) [Trip Mix Radio Edit],Best of the 90's,Mental Madness Records,1997,Dance,DET190500267,https://www.shazam.com/track/20068239/the-theme-of-progressive-attack-trip-mix-radio-edit,101.2,0.9,100.3,0.5
2026-07-10,Unlimited,1,DJ Functionist Atterday Mix (Part 1 & 2),12,2760,2952,46:00,6,Fold & George FitzGerald,Milk,Milk - Single,Rinse,2025,Garage,GBQGW2500085,https://www.shazam.com/track/840144654/milk,135.0,0.0,135.0,-0.0
2026-07-10,Unlimited,1,DJ Functionist Atterday Mix (Part 1 & 2),13,2970,3312,49:30,12,rRoxymore,Dub Me Somewhere,Dub Me Somewhere - Single,subglow,2025,Electronic,DEG932505232,https://www.shazam.com/track/842408360/dub-me-somewhere,135.0,-0.0,135.0,-0.0
2026-07-10,Unlimited,2,DJ Functionist Atterday Mix (Part 3 & 4),1,960,1242,16:00,10,Mario Reyes,"What Ever Turns You on (Club Edit 12"" Mix)",,,,Dance,,https://www.shazam.com/track/60071562/what-ever-turns-you-on-club-edit-12-mix,119.1,-2.3,121.9,-0.1
2026-07-10,Unlimited,2,DJ Functionist Atterday Mix (Part 3 & 4),2,1620,1842,27:00,8,Theo Kottis,Turning Around,Turning Around - Single,Skint Records,2019,House,GB5KW1902105,https://www.shazam.com/track/469914080/turning-around,119.1,0.9,118.1,-0.1
2026-07-10,Unlimited,2,DJ Functionist Atterday Mix (Part 3 & 4),3,2700,2922,45:00,6,"Made By Pete, Kyozo & Blindsmyth",I Remember (Pete's Other Mix),I Remember - Single,Life In Colour,2026,Electronic,GXGUA2600030,https://www.shazam.com/track/878307520/i-remember-petes-other-mix,124.2,0.8,123.1,-0.2
2026-07-10,Unlimited,2,DJ Functionist Atterday Mix (Part 3 & 4),4,2940,3162,49:00,8,Arpy Brown & Kapote,Only for You,Memento Ludi,Toy Tonics,2026,Electronic,DEBY41201095,https://www.shazam.com/track/870281711/only-for-you,,0.8,,-0.1
2026-07-10,Unlimited,2,DJ Functionist Atterday Mix (Part 3 & 4),5,3210,3402,53:30,4,Darude,Sandstorm,Before the Storm,16 Inch Records,1999,Dance,FISGC9900001,https://www.shazam.com/track/87213338/sandstorm,140.0,2.9,136.1,0.9
2026-07-10,Unlimited,2,DJ Functionist Atterday Mix (Part 3 & 4),6,3270,3342,54:30,2,Tiësto,Adagio for Strings,Just Be,Musical Freedom,2004,Dance,NLE710480320,https://www.shazam.com/track/40329244/adagio-for-strings,140.0,0.2,139.7,0.2
2026-07-10,Unlimited,2,DJ Functionist Atterday Mix (Part 3 & 4),7,3360,3492,56:00,2,Maxx,No More (I Can't Stand It),To the Maxximum,High Fashion Music,1994,Dance,NLP431120495,https://www.shazam.com/track/10044387/no-more-i-cant-stand-it,140.1,1.5,138.0,1.1
2026-07-10,Unlimited,3,DJ Beware Atterday Mix,1,30,222,0:30,7,The Exaltics,Propaganda DNA (feat. Paris the Black FU) [The Alternate Universe Mix],Paris The Black Fu v The Exaltics - Single,Engineroom,2024,Electronic,NLS382400005,https://www.shazam.com/track/713058945/propaganda-dna-feat-paris-the-black-fu-the-alternate,100.1,-2.7,102.9,-2.7
2026-07-10,Unlimited,3,DJ Beware Atterday Mix,2,510,612,8:30,4,James Shinra,Turn It Up,Shinra Electro Company Vol 1 - EP,Shinra Electro Company,2024,Electronic,GX53U2390226,https://www.shazam.com/track/717383142/turn-it-up,133.3,-1.3,135.0,-1.3
2026-07-10,Unlimited,3,DJ Beware Atterday Mix,3,630,792,10:30,5,Detroit In Effect,Work It,Work It - EP,MAP Records,2012,Electronic,NLL561103021,https://www.shazam.com/track/55586987/work-it,133.3,-4.8,140.0,-4.8
2026-07-10,Unlimited,3,DJ Beware Atterday Mix,4,1380,1692,23:00,11,Or:la,Chant (Christopher Ledger Remix),,,,Dance,,https://www.shazam.com/track/824328689/chant-christopher-ledger-remix,133.2,0.2,132.9,0.2
2026-07-10,Unlimited,3,DJ Beware Atterday Mix,5,1710,1872,28:30,6,ctrl+opt,Turn It Up,Power - EP,Flamingo Park,2025,Electronic,USYBL2501224,https://www.shazam.com/track/823410578/turn-it-up,133.3,0.2,133.0,0.2
2026-07-10,Unlimited,3,DJ Beware Atterday Mix,6,2250,2532,37:30,10,PRZ,We Are Space,Beyond the Void,Mechatronica,2025,Electronic,NLCK42512155,https://www.shazam.com/track/833951128/we-are-space,133.4,-2.7,137.1,-2.8
2026-07-10,Unlimited,3,DJ Beware Atterday Mix,7,2730,2982,45:30,9,DJ JM,Moov,Moov - EP,Turbo Recordings,2025,Electronic,DEG932502187,https://www.shazam.com/track/821184142/moov,133.3,-1.3,135.0,-1.3
2026-07-10,Unlimited,3,DJ Beware Atterday Mix,8,3120,3192,52:00,2,Frankie Bones,FOLLOW THE LEADER,"GHETTO TECHNICS ""THE COMPILATION"" , Vol. 2 - EP",OAKS,1997,Techno,FRX762560429,https://www.shazam.com/track/58835070/follow-the-leader,116.7,1.4,115.1,-0.4
2026-07-17,Unlimited,1,DJ Functionist Unltd Wkdn Wrmup,1,210,342,3:30,2,Artic White,Aria (Lost Desert Edit),ShardaLand - EP,Souksonic,2024,Dance,BEIR42400007,https://www.shazam.com/track/695389540/aria-lost-desert-edit,121.9,-0.0,121.9,0.0
2026-07-17,Unlimited,1,DJ Functionist Unltd Wkdn Wrmup,2,450,642,7:30,2,House of Prayers,Treble (Diego Harispe Remix),Treble (Diego Harispe Remix ) - Single,Pornostar Records,2015,Electronic,HUA970900690,https://www.shazam.com/track/298239457/treble-diego-harispe-remix,121.9,1.8,119.8,-0.1
2026-07-17,Unlimited,1,DJ Functionist Unltd Wkdn Wrmup,3,750,1062,12:30,11,Rockin Moroccin,You Got the Love,You Got the Love - Single,Get Physical Music,2022,House,DEBE72300525,https://www.shazam.com/track/641231696/you-got-the-love,122.2,1.7,120.2,-0.1
2026-07-17,Unlimited,1,DJ Functionist Unltd Wkdn Wrmup,4,1110,1452,18:30,12,Lindstrøm,I Feel Space,It's a Feedelity Affair,Feedelity Recordings,2006,Dance,NOFEE0501010,https://www.shazam.com/track/40681119/i-feel-space,122.1,-0.0,122.2,-0.1
2026-07-17,Unlimited,1,DJ Functionist Unltd Wkdn Wrmup,5,1500,1812,25:00,7,Gerd Janson & Shan,Surrender,Surrender - Single,Regraded,2017,Dance,UK2VX1700004,https://www.shazam.com/track/358065492/surrender,122.1,0.0,122.1,-0.0
2026-07-17,Unlimited,1,DJ Functionist Unltd Wkdn Wrmup,6,1590,1782,26:30,4,Rainbow Brown,Till You Surrender (Special Remix),For Discos Only: Indie Dance Music From Fantasy & Vanguard Records (1976-1981),Craft Recordings,2018,Dance,USC4R1800688,https://www.shazam.com/track/433308254/till-you-surrender-special-remix,122.2,5.5,115.7,-0.2
2026-07-17,Unlimited,1,DJ Functionist Unltd Wkdn Wrmup,7,2550,2862,42:30,11,Geoffrey C & DJ Spen,Beats Like This,Beats Like This - Single,unquantize,2024,,UKF4C1604205,https://www.shazam.com/track/714067340/beats-like-this,152.3,-0.0,152.3,-0.0
2026-07-17,Unlimited,1,DJ Functionist Unltd Wkdn Wrmup,8,2880,3012,48:00,5,Phil Fuldner,Take Me,Take Me - Single,Armada Subjekt,2019,House,NLF711901533,https://www.shazam.com/track/459198729/take-me,122.0,-0.1,122.0,-0.1
2026-07-17,Unlimited,1,DJ Functionist Unltd Wkdn Wrmup,9,3030,3282,50:30,9,Byron the Aquarius,PHONE SEX (69),Northern Lights Kush Project Vol.1,TALKNOI$E,2025,Electronic,QZTV32570068,https://www.shazam.com/track/328105860/phone-sex-69,122.1,1.2,120.6,-0.1
2026-07-17,Unlimited,1,DJ Functionist Unltd Wkdn Wrmup,10,3300,3432,55:00,5,"MOTSA, Jody Wisternoff & James Grant",Feel This Way,Feel This Way - Single,Anjunadeep,2025,Dance,GBEWA2500780,https://www.shazam.com/track/702457269/feel-this-way,106.8,-1.6,108.5,-0.1
2026-07-17,Unlimited,2,DJ Functionist Attersee Wknd Warmup,1,210,432,3:30,5,Paul Keeley,A Sort of Homecoming (Michael Cassette Remix),A Sort of Homecoming,Anjunabeats,2006,Dance,GBEWA0800118,https://www.shazam.com/track/46128363/a-sort-of-homecoming-michael-cassette-remix,125.2,-0.8,126.2,-1.3
2026-07-17,Unlimited,2,DJ Functionist Attersee Wknd Warmup,2,600,672,10:00,2,Madonna,Vogue (Bette Davis Dub),Vogue - EP,Rhino/Warner Records,1990,Pop,USWB10300196,https://www.shazam.com/track/531806220/vogue-bette-davis-dub,,7.0,,-0.4
2026-07-17,Unlimited,2,DJ Functionist Attersee Wknd Warmup,3,900,1182,15:00,8,Todd Terry,Jumpin Original,The Dubs Part 2,InHouse Records,1993,Dance,US92E0610539,https://www.shazam.com/track/125463365/jumpin-original,125.0,1.8,122.8,0.7
2026-07-17,Unlimited,2,DJ Functionist Attersee Wknd Warmup,4,1500,1842,25:00,12,Kerri Chandler,Coro (Kaoz 6: 23 Dark Extended Mix),Coro (Remixes) - Single,King Street Sounds,2010,House,USA670602018,https://www.shazam.com/track/44829595/coro-kaoz-6-23-dark-extended-mix,140.7,0.8,139.5,-0.1
2026-07-17,Unlimited,2,DJ Functionist Attersee Wknd Warmup,5,1890,2142,31:30,3,Marlena Shaw,Woman of the Ghetto (Catz 'n Dogz Remix),Woman of the Ghetto (Catz 'n Dogz Remix) - Single,Pets Recordings,2017,House,PLE071708501,https://www.shazam.com/track/368782179/woman-of-the-ghetto-catz-n-dogz-remix,125.0,0.8,124.0,-0.2
2026-07-17,Unlimited,2,DJ Functionist Attersee Wknd Warmup,6,1920,2112,32:00,4,Rhye,Taste (Moon Boots Remix),Blood Remixed,Loma Vista Recordings,2018,Electronic,USC4R1702318,https://www.shazam.com/track/403343654/taste-moon-boots-remix,125.0,3.3,121.0,3.1
2026-07-17,Unlimited,2,DJ Functionist Attersee Wknd Warmup,7,2160,2502,36:00,11,Todd Terje & The Olsens,Disco Circus,The Big Cover-Up (Deluxe Version),Olsen Records,2016,Dance,NOOLS1602020,https://www.shazam.com/track/317811447/disco-circus,125.0,0.8,124.0,-0.2
2026-07-17,Unlimited,2,DJ Functionist Attersee Wknd Warmup,8,2910,3282,48:30,13,DJ Koze,Pick Up,Knock Knock,Pampa Records,2018,House,DEVU51745092,https://www.shazam.com/track/407581457/pick-up,124.9,-0.9,126.0,0.0
2026-07-17,Unlimited,2,DJ Functionist Attersee Wknd Warmup,9,3300,3582,55:00,9,Robag Wruhme,Wuzzelbud FF,Wuzzelbud FF,Hart & Tief,2018,Dance,DEMM11800029,https://www.shazam.com/track/435855761/wuzzelbud-ff,125.0,-0.0,125.0,-0.0
2026-07-17,Unlimited,3,DJ Beware,1,210,432,3:30,8,James Shinra,Turn It Up,Shinra Electro Company Vol 1 - EP,Shinra Electro Company,2024,Electronic,GX53U2390226,https://www.shazam.com/track/717383142/turn-it-up,140.0,3.7,135.0,3.7
2026-07-17,Unlimited,3,DJ Beware,2,1860,1992,31:00,2,Tiësto,"Traffic (Original 12"")",Traffic - EP,Musical Freedom,2002,Dance,NLE710381451,https://www.shazam.com/track/86992457/traffic-original-12,139.9,1.6,137.8,-0.6
2026-07-17,Unlimited,3,DJ Beware,3,2310,2442,38:30,2,Phazma,Dead Aim,Intrusion Countermeasures Electronics,Pure Life Records,2024,Jungle/Drum'n'bass,USA2P2420852,https://www.shazam.com/track/697738447/dead-aim,,-0.0,,0.2
2026-07-24,Unlimited,1,DJ Functionist Intro - From Attersee To Steyr,1,960,1272,16:00,11,Groove Armada,Love’s Theme,Love’s Theme - Single,Glitterbox Recordings,2026,Dance,GBCPZ2625083,https://www.shazam.com/track/859698787/loves-theme,124.0,-0.0,124.0,-0.0
2026-07-24,Unlimited,1,DJ Functionist Intro - From Attersee To Steyr,2,1320,1392,22:00,2,Robin S.,Show Me Love,Show Me Love,Atlantic Records,1990,Pop,USAT29300075,https://www.shazam.com/track/5918573/show-me-love,120.1,-3.2,124.1,0.1
2026-07-24,Unlimited,2,Who Is Ela Warmup Mix für Unlimited in Steyr am 12.9.,1,90,192,1:30,2,Ctrlz3ta,Vikings,Vikings,Kaos Krew Records,2015,Trance,USLZJ1539331,https://www.shazam.com/track/278510757/vikings,148.8,1.3,146.8,-0.5
2026-07-24,Unlimited,2,Who Is Ela Warmup Mix für Unlimited in Steyr am 12.9.,2,210,282,3:30,3,"David Löhlein, Rove Ranger & Sesh",Club Riot,Club Riot - Single,SESH,2024,Techno,DEPI82412054,https://www.shazam.com/track/698178830/club-riot,149.1,0.7,148.0,-0.0
2026-07-24,Unlimited,2,Who Is Ela Warmup Mix für Unlimited in Steyr am 12.9.,3,510,642,8:30,3,Sarmien,Funk the Vocal (Free Download),Funk the Vocal - Single,FAST DOGS,2025,Techno,GBKQU2580336,https://www.shazam.com/track/833761858/funk-the-vocal-free-download,99.5,4.2,95.5,0.0
2026-07-24,Unlimited,2,Who Is Ela Warmup Mix für Unlimited in Steyr am 12.9.,4,720,912,12:00,7,Blame The Mono,Super Saiyan Sprinter,Sample and Hold - EP,MISGUIDED LABEL,2025,Techno,NL9WP2400020,https://www.shazam.com/track/814180843/super-saiyan-sprinter,99.4,0.7,98.7,-0.0
2026-07-24,Unlimited,2,Who Is Ela Warmup Mix für Unlimited in Steyr am 12.9.,5,1110,1182,18:30,2,DAVA,КРОШКА МОЯ (feat. Руки Вверх),КОРОЛЬ,Atlantic Records Russia,2020,Hip-Hop/Rap,FRX202076777,https://www.shazam.com/track/218051102/%D0%BA%D1%80%D0%BE%D1%88%D0%BA%D0%B0-%D0%BC%D0%BE%D1%8F-feat-%D1%80%D1%83%D0%BA%D0%B8-%D0%B2%D0%B2%D0%B5%D1%80%D1%85,151.0,4.1,145.0,1.7
2026-07-24,Unlimited,2,Who Is Ela Warmup Mix für Unlimited in Steyr am 12.9.,6,1320,1392,22:00,3,E.D.O.,Sonic Jungle,Sonic Jungle - Single,Polyamor Berlin,2026,Dance,DECE72504391,https://www.shazam.com/track/852166393/sonic-jungle,150.8,4.2,144.8,-0.0
2026-07-24,Unlimited,3,DJ Beware,1,810,852,13:30,2,Kevin McKay & Start The Party,I Feel Love (Club Mix),I Feel Love - Single,Glasgow Underground,2018,House,GBPQS1800175,https://www.shazam.com/track/452384915/i-feel-love-club-mix,122.3,-2.4,125.3,-0.7
2026-07-24,Unlimited,3,DJ Beware,2,1830,1992,30:30,4,Marc Molina,More Than Physical (Manuel Palmitesta Remix),Frequenza Summer 2015,Frequenza,2015,Dance,ITZ832015012,https://www.shazam.com/track/257984782/more-than-physical-manuel-palmitesta-remix,122.3,-0.8,123.3,0.6
2026-07-24,Unlimited,3,DJ Beware,3,2100,2262,35:00,2,BLR & Rave & Crave,Taj,"EP, Pt. 1 - EP",Spinnin' Deep,2017,Dance,NLZ541701197,https://www.shazam.com/track/378527324/taj,,-1.5,,-2.2
2026-07-24,Unlimited,3,DJ Beware,4,2220,2292,37:00,2,X-Press 2,Say What! (London Underground Mix),Say What! - EP,Acid Jazz UK,2022,Electronic,GBUQC2201180,https://www.shazam.com/track/45292952/say-what-london-underground-mix,,-2.4,,-2.6
2026-07-24,Unlimited,3,DJ Beware,5,2790,3132,46:30,12,Raxon,Robotalia,Robotalia - Single,Cocoon Recordings,2023,Techno,DEQ202300013,https://www.shazam.com/track/667961645/robotalia,122.2,-4.7,128.2,-4.7
2026-07-24,Unlimited,3,DJ Beware,6,3150,3462,52:30,11,Tiga,FRICTION,HOTLIFE,Secret City Records,2026,Dance,CA0RZ2500317,https://www.shazam.com/track/842021099/friction,122.2,-2.4,125.2,-2.4
2026-07-24,Unlimited,4,DJ Functionist Summer Mix,1,240,372,4:00,5,Overmono,Good Lies,Good Lies,XL Recordings,2023,Electronic,GBBKS2200259,https://www.shazam.com/track/645850345/good-lies,126.4,0.0,126.4,-0.0
2026-07-24,Unlimited,4,DJ Functionist Summer Mix,2,390,582,6:30,7,"Dina Summer, Kalipo & Local Suicide",Unter Strom (Club Edit),Hide & Seek,Iptamenos Discos,2024,House,DGA0Q2350968,https://www.shazam.com/track/685667086/unter-strom-club-edit,126.3,-0.8,127.3,-0.1
2026-07-24,Unlimited,4,DJ Functionist Summer Mix,3,810,1212,13:30,10,"The Blessed Madonna, Joy Anonymous & Danielle Ponder",Carry Me Higher (7 Inch Version),Carry Me Higher - EP,Warner Records,2023,Dance,GBAHT2301438,https://www.shazam.com/track/682668185/carry-me-higher-7-inch-version,127.0,-0.0,127.0,-0.0
2026-07-24,Unlimited,4,DJ Functionist Summer Mix,4,1230,1482,20:30,9,Megablast,Vamos (feat. Eribertho Cruz),Vamos (feat. Eribertho Cruz),Madorasindahouse Records,2019,Dance,QM6P41915666,https://www.shazam.com/track/471264476/vamos-feat-eribertho-cruz,124.0,3.3,120.0,-0.2
2026-07-24,Unlimited,4,DJ Functionist Summer Mix,5,1650,1722,27:30,3,Sweely,Around,All the Reasons - EP,Distant Hawaii,2017,House,UKA2G1708002,https://www.shazam.com/track/341980518/around,124.0,-0.9,125.1,-0.1
2026-07-24,Unlimited,4,DJ Functionist Summer Mix,6,1980,2022,33:00,2,"Inner City, Kevin Saunderson & Dantiez",Reach (feat. Steffanie Christi'an) [Radio Edit],Reach (feat. Steffanie Christi'an) [Radio Edit] - Single,KMS Records,2023,House,GBKQU2337575,https://www.shazam.com/track/663720349/reach-feat-steffanie-christian-radio-edit,124.2,-0.9,125.4,-0.1
2026-07-24,Unlimited,4,DJ Functionist Summer Mix,7,2310,2472,38:30,4,Paul Keeley,A Sort of Homecoming (Michael Cassette Remix),A Sort of Homecoming,Anjunabeats,2006,Dance,GBEWA0800118,https://www.shazam.com/track/46128363/a-sort-of-homecoming-michael-cassette-remix,124.0,-1.7,126.2,-1.6
2026-07-24,Unlimited,4,DJ Functionist Summer Mix,8,2640,3072,44:00,10,Prince,17 Days (Piano & a Microphone 1983 Version),Piano & a Microphone 1983,Warner Records,2018,Pop,USRH11801733,https://www.shazam.com/track/436882185/17-days-piano-a-microphone-1983-version,124.0,1.1,122.7,-0.2
2026-07-24,Unlimited,4,DJ Functionist Summer Mix,9,3360,3642,56:00,6,Skatebård,Agfachrome RSX II,Colour Negatives - Single,Bordello A Parigi,2016,Dance,NLUL61600071,https://www.shazam.com/track/334745361/agfachrome-rsx-ii,139.5,-0.8,140.6,-0.0
2026-07-24,Unlimited,4,DJ Functionist Summer Mix,10,3510,3552,58:30,2,Candy Knievel,Spiritual,Spiritual - Single,1350709 Records DK,2019,Dance,QZHN31979762,https://www.shazam.com/track/500968046/spiritual,123.9,0.0,123.9,0.7
2026-07-31,Unlimited,1,Functionist Summer Classicmix,1,30,372,0:30,10,Easttown,Phunky,Timeless,Cecille Records,2024,House,GBKQU2486704,https://www.shazam.com/track/713374625/phunky,129.9,-0.0,129.9,-0.0
2026-07-31,Unlimited,1,Functionist Summer Classicmix,2,390,432,6:30,2,Wigbert,Balance,SUM 2,Second State Audio,2017,Techno,DESR41700124,https://www.shazam.com/track/357412198/balance,130.0,4.0,125.0,3.5
2026-07-31,Unlimited,1,Functionist Summer Classicmix,3,450,702,7:30,4,Toman,De Bongo Man,Dolce Far Niente - EP,Cecille Records,2024,House,GBKQU2469933,https://www.shazam.com/track/707980721/de-bongo-man,130.0,1.6,128.0,-0.0
2026-07-31,Unlimited,1,Functionist Summer Classicmix,4,480,522,8:00,2,ATB,9 P.M. (Till I Come),Movin' Melodies,Kontor Records,1999,Dance,DEN060301020,https://www.shazam.com/track/20066191/9-p-m-till-i-come,130.0,-0.2,130.2,0.6
2026-07-31,Unlimited,1,Functionist Summer Classicmix,5,840,1152,14:00,11,Radio Slave,All Rize (feat. Kameelah Waheed) [Harry Romero Remix Dub],All Rize (Remixes) [feat. Kameelah Waheed] - Single,Rekids,2025,Dance,GBLTF2500142,https://www.shazam.com/track/841623829/all-rize-feat-kameelah-waheed-harry-romero-remix-dub,130.0,1.6,128.0,-0.0
2026-07-31,Unlimited,1,Functionist Summer Classicmix,6,1170,1542,19:30,12,Tino,Tinto!,Set You Free - EP,Move Like Me,2025,House,GBKQU2587971,https://www.shazam.com/track/836901334/tinto,129.9,4.0,124.9,-0.1
2026-07-31,Unlimited,1,Functionist Summer Classicmix,7,2250,2622,37:30,11,Floating Points,Grammar,Grammar - Single,Ninja Tune,2022,Electronic,GBCFB2200167,https://www.shazam.com/track/608046545/grammar,129.9,-0.0,129.9,-0.1
2026-07-31,Unlimited,1,Functionist Summer Classicmix,8,2670,3072,44:30,13,Mandy & Booka Shade,Body Language (Remaster) [M.A.N.D.Y. vs. Booka Shade],Body Language (M.A.N.D.Y. vs. Booka Shade) - Single,Get Physical Music,2005,House,DEBE72300194,https://www.shazam.com/track/43115130/body-language-remaster-m-a-n-d-y-vs-booka-shade,130.1,0.0,130.1,0.0
2026-07-31,Unlimited,1,Functionist Summer Classicmix,9,3090,3192,51:30,2,Disclosure,"She’s Gone, Dance On","She’s Gone, Dance On - Single",Disorder,2024,Dance,USA2P2420371,https://www.shazam.com/track/700708981/shes-gone-dance-on,130.2,-3.1,134.3,-0.1
2026-07-31,Unlimited,1,Functionist Summer Classicmix,10,3300,3372,55:00,2,Kelis,Milkshake 20 (Alex Wann Remix),Milkshake 20 (Alex Wann Remix) - Single,BMG Rights Management (US) LLC,2023,Dance,QMRSZ2302091,https://www.shazam.com/track/677195916/milkshake-20-alex-wann-remix,,9.3,,-0.1
2026-07-31,Unlimited,2,DJ Beware,1,30,432,0:30,14,Lime,On The Grid (Remix),12 Inch Classics,Unidisc Music Inc.,1993,Dance,CAU118313572,https://www.shazam.com/track/265459011/on-the-grid-remix,126.0,-0.2,126.2,-0.2
2026-07-31,Unlimited,2,DJ Beware,2,450,672,7:30,5,Fun Fun,Give up Your Fight (The Boxer Mix),"The 12"" Singles",X-Energy,1996,Dance,IT00D8700808,https://www.shazam.com/track/364130504/give-up-your-fight-the-boxer-mix,126.1,-0.1,126.3,-0.2
2026-07-31,Unlimited,2,DJ Beware,3,480,612,8:00,2,Ziger,Feel the Bass,Feel the Bass - Single,ICONYC,2022,House,UKACT2220277,https://www.shazam.com/track/618067459/feel-the-bass,126.0,1.6,124.0,0.1
2026-07-31,Unlimited,2,DJ Beware,4,690,1032,11:30,12,Queen,The Invisible Man,The Miracle,Columbia,1989,Rock,GBUM71029633,https://www.shazam.com/track/220468/the-invisible-man,125.9,5.0,119.9,0.8
2026-07-31,Unlimited,2,DJ Beware,5,1080,1422,18:00,6,Pulse 8,Radio Morocco (Youth),,,,,,https://www.shazam.com/track/10276968/radio-morocco-youth,125.8,4.3,120.6,4.2
2026-07-31,Unlimited,2,DJ Beware,6,2520,2832,42:00,9,La Peña,A1,,,,Latino,,https://www.shazam.com/track/49377578/a1,126.0,0.8,125.0,0.8
2026-07-31,Unlimited,2,DJ Beware,7,3390,3492,56:30,2,Mousse T.,Horny (Hamburg Gets Horny Mix) [feat. Hot'n'Juicy],Horny (feat. Hot'n'Juicy) - Single,Peppermint Jam Records,1998,Electronic,DEP080100265,https://www.shazam.com/track/5073721/horny-hamburg-gets-horny-mix-feat-hotnjuicy,,2.3,,0.1
2026-07-31,Unlimited,3,Functionist Happy Retro Mix,1,90,222,1:30,3,Reel 2 Real,"I Like To Move It (feat. The Mad Stuntman) [Erick ""More"" Album Mix]",Move It!,Strictly Rhythm Records,1993,Dance,QMRSZ1800990,https://www.shazam.com/track/10210775/i-like-to-move-it-feat-the-mad-stuntman-erick-more-album-mix,123.0,-0.0,123.0,-0.6
2026-07-31,Unlimited,3,Functionist Happy Retro Mix,2,270,492,4:30,8,Osayomore Joseph & The Ulele Power Sound,Ororo No De Fade,"Edo Funk Explosion, Vol. 1",Analog Africa,2021,,DENR92014012,https://www.shazam.com/track/552355142/ororo-no-de-fade,123.0,1.8,120.8,-0.2
2026-07-31,Unlimited,3,Functionist Happy Retro Mix,3,720,762,12:00,2,ID,ID2 (from In The House Of Love) [Mixed],In The House Of Love (DJ Mix),Defected,2006,House,US23A1921067,https://www.shazam.com/track/43773599/id2-from-in-the-house-of-love-mixed,122.9,-1.7,125.1,-0.0
2026-07-31,Unlimited,3,Functionist Happy Retro Mix,4,900,1092,15:00,7,Barry Can't Swim,Sunsleeper,Sunsleeper - Single,Ninja Tune,2023,Electronic,GBCFB2200981,https://www.shazam.com/track/650573459/sunsleeper,123.1,-0.8,124.1,-0.0
2026-07-31,Unlimited,3,Functionist Happy Retro Mix,5,1140,1302,19:00,3,Greg Beato,Pma,Pma - Single,L.I.E.S.,2014,Electronic,DEMM41401155,https://www.shazam.com/track/133757962/pma,123.0,-0.4,123.5,-0.9
2026-07-31,Unlimited,3,Functionist Happy Retro Mix,6,1500,1782,25:00,10,Session Victim,Screen Off (feat. Ras Stimulant),Screen off - Single,Delusions of Grandeur,2024,Dance,GBZHR2400396,https://www.shazam.com/track/699718221/screen-off-feat-ras-stimulant,123.1,-0.0,123.1,-0.0
2026-07-31,Unlimited,3,Functionist Happy Retro Mix,7,1800,1932,30:00,5,Todd Terry,Jumpin Original,The Dubs Part 2,InHouse Records,1993,Dance,US92E0610539,https://www.shazam.com/track/125463365/jumpin-original,123.0,0.2,122.8,-0.2
2026-07-31,Unlimited,3,Functionist Happy Retro Mix,8,2340,2562,39:00,6,Fouk,Cobalt,Gravity - Single,Basics Recordings,2024,House,GBKQU2440703,https://www.shazam.com/track/698950219/cobalt,123.0,-1.6,125.0,-0.1
2026-07-31,Unlimited,3,Functionist Happy Retro Mix,9,2700,2832,45:00,4,NEIL FRANCES,Energy (feat. DRAMA) [Ewan Mcvicar '05 Remix],It's All a Bit Fuzzy (Remixes) - EP,Nettwerk Music Group,2024,Dance,CAN112400677,https://www.shazam.com/track/693326088/energy-feat-drama-ewan-mcvicar-05-remix,123.2,-2.4,126.1,-0.1
2026-07-31,Unlimited,3,Functionist Happy Retro Mix,10,2940,3012,49:00,3,Zimmie Gix,Absolute Chill,Moonquake Tech Bash,Drooling Floors,2021,World,ITZ072127519,https://www.shazam.com/track/598696908/absolute-chill,123.2,-1.6,125.2,0.1
2026-07-31,Unlimited,3,Functionist Happy Retro Mix,11,3060,3102,51:00,2,Chris Fortier & Neil Kolo,All I Got (Chris Fortier 20yr Dub),All I Got (Chris Fortier Remixes) - EP,Fade Records,2015,Techno,QMPNN1200220,https://www.shazam.com/track/297000567/all-i-got-chris-fortier-20yr-dub,123.0,0.0,123.0,-0.1
2026-08-07,Unlimited,1,DJ Functionist Intro,1,30,372,0:30,12,Surprise Chef,Pash Rash,Friendship EP,Big Crown Records,2023,R&B/Soul,QZ2L62200033,https://www.shazam.com/track/646927260/pash-rash,99.6,0.0,99.6,-0.0
2026-08-07,Unlimited,1,DJ Functionist Intro,2,450,612,7:30,2,Drauf & Dran,Elise (Alle Farben Remix),Elise Auf Der Kirmis - EP,Style Rockets,2012,Electronic,DEGD51206236,https://www.shazam.com/track/79928063/elise-alle-farben-remix,120.0,-1.8,122.2,-0.0
2026-08-07,Unlimited,1,DJ Functionist Intro,3,660,912,11:00,9,Rochelle Jordan,Situation (&ME Remix),Play With The Changes (Remixed),Young Art Records,2022,Dance,USA2P2232179,https://www.shazam.com/track/624404957/situation-me-remix,120.0,1.7,118.0,-0.1
2026-08-07,Unlimited,1,DJ Functionist Intro,4,930,1062,15:30,5,Jimi Jules,Human Rights,Human Rights - Single,Innervisions,2024,Electronic,DEEC31810589,https://www.shazam.com/track/706486321/human-rights,120.1,-1.7,122.1,-0.1
2026-08-07,Unlimited,2,Anni Herzer,1,390,642,6:30,9,Di After,Feel The Drums,Come Here - EP,Correspondant Records,2025,House,USA2P2555707,https://www.shazam.com/track/844005274/feel-the-drums,130.6,-1.1,132.1,-0.0
2026-08-07,Unlimited,2,Anni Herzer,2,660,702,11:00,2,Gigi D'Agostino,Bla Bla Bla,L'amour Toujours,ZYX Music,1999,Dance,DEA319908479,https://www.shazam.com/track/10498654/bla-bla-bla,130.5,-1.9,133.0,-2.6
2026-08-07,Unlimited,3,DJ Functionist,1,30,72,0:30,2,Celestial Seed Sound,Aura Cleanse and Grounding Roots of Abundance With Chamuel (Subliminal Solfeggio Sound),Archangel Activations,Divinity Wave,2022,New Age,QZNWZ2279581,https://www.shazam.com/track/634778177/aura-cleanse-and-grounding-roots-of-abundance-with,,1.3,,-0.1
2026-08-07,Unlimited,3,DJ Functionist,2,300,642,5:00,12,Peven Everett & Deetron,Evermore,Evermore - Single,Character,2023,House,BEN582000144,https://www.shazam.com/track/675227064/evermore,126.6,0.5,126.0,-0.1
2026-08-07,Unlimited,3,DJ Functionist,3,840,1062,14:00,3,Chris Fortier & Neil Kolo,All I Got (Chris Fortier 20yr Dub),All I Got (Chris Fortier Remixes) - EP,Fade Records,2015,Techno,QMPNN1200220,https://www.shazam.com/track/297000567/all-i-got-chris-fortier-20yr-dub,63.7,3.5,61.5,0.7
2026-08-07,Unlimited,3,DJ Functionist,4,870,1002,14:30,2,SolyMar & Megamen,All I Need,Sound Of New York,Waako Records,2011,Dance,DEA311106256,https://www.shazam.com/track/56479524/all-i-need,63.7,1.8,62.6,0.3
2026-08-07,Unlimited,3,DJ Functionist,5,900,1032,15:00,2,Cinthie,You Know How,You Know How - Single,803 Crystal Grooves,2024,Electronic,DEY472476011,https://www.shazam.com/track/704106387/you-know-how,,-0.4,,-0.1
2026-08-07,Unlimited,4,DJ Beware,1,150,282,2:30,3,Avicii,Heaven,TIM,Pophouse Entertainment Group,2019,Dance,SE5R71900203,https://www.shazam.com/track/466845638/heaven,125.0,2.6,121.9,0.6
2026-08-07,Unlimited,4,DJ Beware,2,360,582,6:00,8,Christian Nielsen,Know You Better,Ellum Sampler Vol. 4 (Part 1) - Single,Ellum Audio,2024,Dance,QM7282417378,https://www.shazam.com/track/707540054/know-you-better,125.0,-2.3,128.0,-2.4
2026-08-07,Unlimited,4,DJ Beware,3,960,1182,16:00,2,Paul Keeley,A Sort of Homecoming (Michael Cassette Remix),A Sort of Homecoming,Anjunabeats,2006,Dance,GBEWA0800118,https://www.shazam.com/track/46128363/a-sort-of-homecoming-michael-cassette-remix,125.1,-0.9,126.2,-1.6
2026-08-07,Unlimited,4,DJ Beware,4,1050,1092,17:30,2,Corona,The Rhythm Of The Night,The Rhythm of the Night - EP,DWA Records,1993,Dance,ITA199800041,https://www.shazam.com/track/20123696/the-rhythm-of-the-night,125.0,-2.6,128.3,-2.1
2026-08-07,Unlimited,4,DJ Beware,5,1230,1422,20:30,3,Donna Summer,I Feel Love,I Remember Yesterday,Island Mercury,1977,Pop,USPR39402393,https://www.shazam.com/track/94229622/i-feel-love,125.0,-1.3,126.7,0.7
2026-08-07,Unlimited,4,DJ Beware,6,1470,1812,24:30,4,Robosonic & Klangkuenstler,Nuts,Mother Knows Best 4,Mother Recordings,2017,House,FRX201643179,https://www.shazam.com/track/337605660/nuts,125.0,1.6,123.0,0.3
2026-08-07,Unlimited,4,DJ Beware,7,1530,1572,25:30,2,Dosem & Prok & Fitch,Doors,Doors - Single,Suara,2016,House,ES84B1510376,https://www.shazam.com/track/324358949/doors,125.1,0.8,124.1,-0.0
2026-08-07,Unlimited,4,DJ Beware,8,2160,2202,36:00,2,Paperclip People,Throw (Slam's RTM Remix),Throw (Slam's RTM Remix) - Single,Planet E Communications,2011,Dance,USPC81201241,https://www.shazam.com/track/59935063/throw-slams-rtm-remix,,-1.6,,0.0
2026-08-07,Unlimited,4,DJ Beware,9,2250,2502,37:30,9,Tiga,FRICTION,HOTLIFE,Secret City Records,2026,Dance,CA0RZ2500317,https://www.shazam.com/track/842021099/friction,125.0,0.0,125.0,0.0
2026-08-07,Unlimited,4,DJ Beware,10,2520,2892,42:00,13,Mephisto Odyssey,Sexy Dancer (2001) [H Foundation Remix],,,,Electronic,,https://www.shazam.com/track/162403818/sexy-dancer-2001-h-foundation-remix,125.1,-2.4,128.1,-2.6
2026-08-07,Unlimited,5,DJ Functionist Summerhouse Mix,1,720,1002,12:00,10,Jimpster,The Phoenix,The Phoenix - EP,Nu Groove Records,2025,Dance,GBCPZ2423984,https://www.shazam.com/track/815145887/the-phoenix,123.1,0.0,123.1,-0.1
2026-08-07,Unlimited,5,DJ Functionist Summerhouse Mix,2,1020,1332,17:00,11,Tobehonest & Ky William,Going Fast,Going Fast - Single,Club Bad,2025,Dance,QM6N22570764,https://www.shazam.com/track/820384309/going-fast,123.0,0.8,122.0,-0.1
2026-08-07,Unlimited,5,DJ Functionist Summerhouse Mix,3,1380,1542,23:00,5,Jungle by Night,Oog om Oog (feat. Spinvis),Synergy,V2 Records Benelux,2024,Dance,NLC242100747,https://www.shazam.com/track/700127642/oog-om-oog-feat-spinvis,123.0,2.4,120.1,-0.1
2026-08-07,Unlimited,5,DJ Functionist Summerhouse Mix,4,2340,2652,39:00,11,Raz & Afla,Windowlicker,Windowlicker - Single,Wah Wah 45s,2025,,GBLQT2500019,https://www.shazam.com/track/818345710/windowlicker,129.4,1.0,128.1,-0.1
2026-08-07,Unlimited,5,DJ Functionist Summerhouse Mix,5,3270,3522,54:30,9,ProOne79,Lysergic,[QR]D.115.TLN.25,COD3 QR,2025,Dance,NLZ9U2500015,https://www.shazam.com/track/820287033/lysergic,129.2,0.9,128.0,-0.1
2026-08-14,Unlimited,1,DJ Functionist Weekend Warmup,1,210,342,3:30,5,Jugo Ürdens,Für Mich,DUMM - EP,Modern Angst,2025,Hip-Hop/Rap,DGA052589180,https://www.shazam.com/track/841322833/f%C3%BCr-mich,159.9,0.0,159.9,0.0
2026-08-14,Unlimited,1,DJ Functionist Weekend Warmup,2,360,582,6:00,8,Quantic,Eko Eko (DJ - Kicks),DJ - Kicks: Quantic,!K7 Records,2025,Funk,DEG932405754,https://www.shazam.com/track/813827264/eko-eko-dj-kicks,123.0,0.0,123.0,-0.0
2026-08-14,Unlimited,1,DJ Functionist Weekend Warmup,3,660,822,11:00,2,COMPUTER DATA,Healing,Emotional Shift - Single,clipp.art,2018,Dance,USA2P1884110,https://www.shazam.com/track/444788639/healing,123.1,-0.0,123.1,0.0
2026-08-14,Unlimited,1,DJ Functionist Weekend Warmup,4,690,912,11:30,5,Alex Dolby & Santos,Raw Road (Carlo Lio Remix),Believe In the Music II,Nervous Records,2011,Dance,USNRS1128663,https://www.shazam.com/track/149023124/raw-road-carlo-lio-remix,123.0,-2.4,126.0,-2.7
2026-08-14,Unlimited,1,DJ Functionist Weekend Warmup,5,930,1122,15:30,3,The Weeknd,Take My Breath,Dawn FM,XO / Republic Records,2021,R&B/Soul,USUG12106684,https://www.shazam.com/track/579903331/take-my-breath,123.0,1.7,120.9,0.2
2026-08-14,Unlimited,1,DJ Functionist Weekend Warmup,6,1980,2292,33:00,11,Session Victim,Screen Off (feat. Ras Stimulant),Screen off - Single,Delusions of Grandeur,2024,Dance,GBZHR2400396,https://www.shazam.com/track/699718221/screen-off-feat-ras-stimulant,123.0,0.0,123.0,-0.0
2026-08-14,Unlimited,1,DJ Functionist Weekend Warmup,7,2670,2832,44:30,2,First Choice,The Player,Philly Golden Classics,Synergie OMP,1973,R&B/Soul,GBQRF0819160,https://www.shazam.com/track/615185/the-player,123.0,5.1,117.0,0.5
2026-08-14,Unlimited,1,DJ Functionist Weekend Warmup,8,2970,3312,49:30,11,Kristian Davidek & Theodor Striese,I Bet,The Lilli Ann EP - EP,jhruza records,2026,Electronica,ATHB32603003,https://www.shazam.com/track/878635332/i-bet,128.0,-0.0,128.0,-0.0
2026-08-14,Unlimited,2,DJ Soulcat,1,120,312,2:00,4,Fusion Groove Orchestra,If Only I Could (feat. Steve Lucas) [Liem Remix],If Only I Could (feat. Steve Lucas) - Single,Classic Music Company,2016,Dance,GBCPZ1509317,https://www.shazam.com/track/313257893/if-only-i-could-feat-steve-lucas-liem-remix,126.0,0.0,126.0,-0.0
2026-08-14,Unlimited,2,DJ Soulcat,2,390,732,6:30,12,Osunlade,Envision (Âme Remix),Envision Remixes,Innervisions,2011,Electronic,DEEC31100008,https://www.shazam.com/track/53742506/envision-%C3%A2me-remix,126.1,2.4,123.1,-0.0
2026-08-14,Unlimited,2,DJ Soulcat,3,750,882,12:30,5,Cassius,Feeling For You,Best Of 1996-2019,Love Supreme / Justice,2024,Electronic,FR01Q9800002,https://www.shazam.com/track/5248242/feeling-for-you,126.1,-1.5,128.0,-0.0
2026-08-14,Unlimited,2,DJ Soulcat,4,990,1032,16:30,2,Nari,S&M,,,,House,,https://www.shazam.com/track/842393073/s-m,,0.2,,0.1
2026-08-14,Unlimited,2,DJ Soulcat,5,1050,1182,17:30,5,Womack & Womack & Rules,Teardrops (Rules Remix),Teardrops (Rules Remix) - Single,Island Records,2025,R&B/Soul,USUM72505540,https://www.shazam.com/track/683886507/teardrops-rules-remix,126.0,0.8,125.0,-0.1
2026-08-14,Unlimited,2,DJ Soulcat,6,1200,1362,20:00,6,Samm (BE),Body Language,Body Language - Single,ABRACADABRA Music,2025,Dance,QMBZ92552535,https://www.shazam.com/track/827918862/body-language,126.2,3.3,122.2,-0.0
2026-08-14,Unlimited,2,DJ Soulcat,7,1380,1542,23:00,6,Ghetto Kumbé,Vamo a Dale Duro,Ghetto Kumbé,ZZK Records,2020,Electronic,GBGLW2000127,https://www.shazam.com/track/509227805/vamo-a-dale-duro,126.0,5.0,120.0,-0.0
2026-08-14,Unlimited,2,DJ Soulcat,8,1560,1812,26:00,9,Dj Hermes & Fly,Sing It Back (Afro Mix),Sing It Back - Single,Nervous Records,2022,Dance,USNRS2241880,https://www.shazam.com/track/614406524/sing-it-back-afro-mix,110.2,1.6,108.4,-0.0
2026-08-14,Unlimited,2,DJ Soulcat,9,2010,2172,33:30,6,IDRIS & Sio,The Drum,The Drum - Single,Sound International,2026,House,CBEFB2602119,https://www.shazam.com/track/872225832/the-drum,,1.6,,-0.0
2026-08-14,Unlimited,2,DJ Soulcat,10,2190,2292,36:30,4,AFRO CODE,Macarena (afro house VIP),Macarena (afro house VIP) - Single,11534848 Records DK,2026,Afro-Beat,QZZ772672966,https://www.shazam.com/track/877515672/macarena-afro-house-vip,,0.8,,-0.0
2026-08-14,Unlimited,2,DJ Soulcat,11,2670,2892,44:30,8,Gianni Romano & Emanuele Esposito,It's Not Right (feat. Helen Tesfazghi),SQNIZZ - EP,Ulu Records,2021,,ITYEB2100209,https://www.shazam.com/track/528245629/its-not-right-feat-helen-tesfazghi,123.0,0.0,123.0,-0.0
2026-08-14,Unlimited,2,DJ Soulcat,12,3000,3072,50:00,3,Noir & Haze,Around (Solomun Vox),Around,Defected Records,2011,Dance,GBTEZ1100351,https://www.shazam.com/track/53967706/around-solomun-vox,121.5,6.2,114.5,0.0
2026-08-14,Unlimited,2,DJ Soulcat,13,3090,3192,51:30,4,Maxomar,Ocean,Ocean - Single,Maxomar,2025,Dance,QMFMG2554130,https://www.shazam.com/track/848488648/ocean,126.2,0.3,125.9,-0.0
2026-08-14,Unlimited,3,DJ Beware,1,120,342,2:00,3,SQL,Warhola,"Progressive Plucks, Vol. 2",Plusquam Division,2009,Dance,DEH741004811,https://www.shazam.com/track/51323705/warhola,130.3,1.6,128.2,-0.2
2026-08-14,Unlimited,3,DJ Beware,2,210,402,3:30,2,Syncom Data,Ekstasis,Warehousing - EP,SD Records,2015,Dance,NLY871500032,https://www.shazam.com/track/235740271/ekstasis,130.2,1.7,128.0,0.3
2026-08-14,Unlimited,3,DJ Beware,3,1260,1542,21:00,10,Rennie Pilgrem,A Place Called Acid (Rennie's Indigestion Mix) [feat. Aka Thursday Club],The Best of Rennie Pilgrem,Thursday club recordings,2000,Dance,GBDUE0100020,https://www.shazam.com/track/10152571/a-place-called-acid-rennies-indigestion-mix-feat-aka,130.0,0.9,128.9,0.9
2026-08-14,Unlimited,3,DJ Beware,4,2760,2952,46:00,2,Teriyaki Boyz,Tokyo Drift (Odd Mob Raw Edit),,,,,,https://www.shazam.com/track/637350921/tokyo-drift-odd-mob-raw-edit,130.4,0.2,130.2,-0.3
2026-08-21,Unlimited,1,Intro by DJ Functionist,1,630,672,10:30,2,Luvstruck,What's A Girl To Do,What's A Girl To Do - Single,Spinnin' Records,2024,Dance,DEPI82434338,https://www.shazam.com/track/707527093/whats-a-girl-to-do,134.1,1.0,132.8,-0.2
2026-08-21,Unlimited,1,Intro by DJ Functionist,2,780,972,13:00,7,Overmono & Ruthven,Gem Lingo (ovr now),Pure Devotion,XL Recordings,2024,Electronic,GBBKS2400264,https://www.shazam.com/track/705454676/gem-lingo-ovr-now,134.1,0.0,134.1,-0.0
2026-08-21,Unlimited,1,Intro by DJ Functionist,3,1140,1272,19:00,2,Rank 1,Airwave (Radio Vocal Edit),Airwave,Be Yourself Music,2000,Trance,NLE800510001,https://www.shazam.com/track/45063022/airwave-radio-vocal-edit,133.9,-1.3,135.7,-1.4
2026-08-21,Unlimited,1,Intro by DJ Functionist,4,1170,1332,19:30,2,Tiësto,Lethal Industry,Lethal Industry,Musical Freedom,2001,Dance,NLE710180008,https://www.shazam.com/track/11066553/lethal-industry,134.0,-0.7,135.0,-0.5
2026-08-21,Unlimited,1,Intro by DJ Functionist,5,1350,1392,22:30,2,Alice Deejay,Better Off Alone,Better Off Alone,Universal Music B.V.,1998,Dance,NLC529811129,https://www.shazam.com/track/229252/better-off-alone,133.9,-2.2,137.0,-1.7
2026-08-21,Unlimited,1,Intro by DJ Functionist,6,1410,1662,23:30,8,RSRRCT,I Found My Stash from the 90's,I Found My Stash from the 90’s - Single,OFF Recordings,2022,Techno,GBKQU2284645,https://www.shazam.com/track/631948769/i-found-my-stash-from-the-90s,134.1,-0.0,134.1,0.0
2026-08-21,Unlimited,2,Anna Ullrich Warmup Mix für Unltd in Steyr,1,60,252,1:00,2,Alice Deejay,Better Off Alone,Better Off Alone,Universal Music B.V.,1998,Dance,NLC529811129,https://www.shazam.com/track/229252/better-off-alone,150.0,9.5,137.0,-0.1
2026-08-21,Unlimited,2,Anna Ullrich Warmup Mix für Unltd in Steyr,2,90,222,1:30,4,Anna Ullrich,Nokia,Nokia - Single,recordJet,2026,Trance,DEZC62685461,https://www.shazam.com/track/885271921/nokia,150.1,-2.6,154.1,-0.0
2026-08-21,Unlimited,2,Anna Ullrich Warmup Mix für Unltd in Steyr,3,510,642,8:30,3,T-Factor & Criostasis,Overcharge (Dirty Harry & Costa Pantazis Remix),Overcharge - Single,Bleach Recordings,2014,Dance,GBKQU1416804,https://www.shazam.com/track/111339022/overcharge-dirty-harry-costa-pantazis-remix,,1.3,,-0.5
2026-08-21,Unlimited,2,Anna Ullrich Warmup Mix für Unltd in Steyr,4,870,942,14:30,3,Loic D,Parada,,,,Dance,,https://www.shazam.com/track/628096340/parada,150.2,-0.1,150.2,0.3
2026-08-21,Unlimited,2,Anna Ullrich Warmup Mix für Unltd in Steyr,5,1020,1122,17:00,4,Blend,I Like The Way You Move (Donk Edit),I Like The Way You Move (Donk Edit) - Single,6418039 Records DK,2024,Dance,QZTBD2489539,https://www.shazam.com/track/713515567/i-like-the-way-you-move-donk-edit,150.0,-0.0,150.0,-0.0
2026-08-21,Unlimited,2,Anna Ullrich Warmup Mix für Unltd in Steyr,6,1200,1332,20:00,5,Anna Ullrich,LOVE RAVE,LOVE RAVE - Single,recordJet,2026,Trance,ATJ852600004,https://www.shazam.com/track/873148716/love-rave,149.9,-1.9,152.9,-0.0
2026-08-21,Unlimited,2,Anna Ullrich Warmup Mix für Unltd in Steyr,7,1380,1482,23:00,4,"DJ Tallboy, DJ Discostoff & MAIKE",Schiebt Unnormal,Schiebt Unnormal - Single,Tausendnamen,2024,Dance,TCAIP2490638,https://www.shazam.com/track/713003890/schiebt-unnormal,150.3,-1.3,152.3,-0.0
2026-08-21,Unlimited,3,Unlimited mit DJ Beware,1,1740,1962,29:00,8,Hodge,Trust (Om Unit Remix),Trust / Wiggler (Om Unit & Eris Drew Remixes) - Single,Local Action,2026,Electronic,UKW3K2600032,https://www.shazam.com/track/887218792/trust-om-unit-remix,135.0,2.3,132.0,2.3
2026-08-21,Unlimited,3,Unlimited mit DJ Beware,2,3300,3582,55:00,7,Peer Du,Spezial,Spezial - Single,HOUSEWARMING,2025,Electronic,QZHPJ2595689,https://www.shazam.com/track/829659843/spezial,135.1,3.9,130.1,3.8
2026-08-21,Unlimited,4,Summermix,1,60,252,1:00,6,Martin Ikin & Grant Nelson,Out of My Head (Extended Mix),Out of My Head - Single,KNOW WHERE,2024,Dance,GBJAJ2401504,https://www.shazam.com/track/802978349/out-of-my-head-extended-mix,128.8,0.6,128.1,-0.1
2026-08-21,Unlimited,4,Summermix,2,330,492,5:30,6,"Redrago, DJ Tennis & Red Axes",Different XXX (feat. Gaia Weiss),Different XXX (feat. Gaia Weiss) - Single,Life and Death,2025,Dance,DEVY92500079,https://www.shazam.com/track/813285123/different-xxx-feat-gaia-weiss,129.0,0.8,128.0,-0.0
2026-08-21,Unlimited,4,Summermix,3,840,1152,14:00,11,Clive From Accounts,Save Me,Save Me - Single,Razor-N-Tape,2025,House,QMXZD1100770,https://www.shazam.com/track/806065306/save-me,130.4,0.3,130.1,-0.1
2026-08-21,Unlimited,4,Summermix,4,1440,1572,24:00,2,Energy 52,Café Del Mar (Three 'n One Remix),Anthems 02: Café Del Mar (Three'n One Remix & Original) - Single,Grand Casino Records,1997,Dance,DEL029760004,https://www.shazam.com/track/20070830/caf%C3%A9-del-mar-three-n-one-remix,133.8,0.6,132.9,0.4
2026-08-21,Unlimited,4,Summermix,5,1500,1812,25:00,4,Gigi D'Agostino,Bla Bla Bla,L'amour Toujours,ZYX Music,1999,Dance,DEA319908479,https://www.shazam.com/track/10498654/bla-bla-bla,134.0,0.9,132.8,0.3
2026-08-21,Unlimited,4,Summermix,6,1530,1752,25:30,3,Dario G,Sunchyme,Sunmachine,Chrysalis Records,1998,Pop,GBAHT9802853,https://www.shazam.com/track/61121498/sunchyme,134.0,0.7,133.0,-0.9
2026-08-21,Unlimited,4,Summermix,7,2400,2652,40:00,9,Kink,Kazan (Zed Bias Remix),Kazan (Zed Bias Remix) - Single,Hypercolour,2025,Garage,UK9PS2400055,https://www.shazam.com/track/810545883/kazan-zed-bias-remix,137.0,0.0,137.0,-0.0
2026-08-21,Unlimited,4,Summermix,8,3210,3372,53:30,3,Moodena,All That Jazz,All That Jazz - Single,Tropical Disco Records,2019,Dance,GBENT1654565,https://www.shazam.com/track/468056046/all-that-jazz,121.0,0.8,120.0,-0.1
2026-08-21,Unlimited,4,Summermix,9,3240,3492,54:00,4,T.Markakis,Marvins Touch,Marvins Touch - Single,Little Jack,2020,House,GBKQU2090908,https://www.shazam.com/track/535467768/marvins-touch,121.0,-0.0,121.0,-0.1
2026-08-21,Unlimited,4,Summermix,10,3270,3432,54:30,3,DJ Hani B,Deep Obsession 127,,,,Dance,,https://www.shazam.com/track/673321101/deep-obsession-127,121.0,1.7,119.0,-0.2
2026-08-28,Unlimited,1,DJ Functionist,1,0,252,0:00,9,Todd Terje,Strandbar,It's Album Time,Olsen Records,2014,Electronic,NOOLS1401050,https://www.shazam.com/track/105809195/strandbar,123.4,1.3,121.9,0.1
2026-08-28,Unlimited,1,DJ Functionist,2,300,492,5:00,7,Kerrier District,Techno Disco (KiNK Remix),4 (Remixes) - EP,Hypercolour,2016,Dance,UK9PS1500071,https://www.shazam.com/track/307735921/techno-disco-kink-remix,123.8,-1.1,125.2,0.0
2026-08-28,Unlimited,1,DJ Functionist,3,510,672,8:30,6,Joyce Muniz,Arrivederci Bella,Zeitkapsel,Joyce Muniz Music,2023,Dance,DEGL62200303,https://www.shazam.com/track/635688725/arrivederci-bella,123.6,0.5,123.0,0.0
2026-08-28,Unlimited,1,DJ Functionist,4,690,912,11:30,6,Dan Kye,Iigo,"Joy, Ease, Lightness - EP",Rhythm Section International,2016,Dance,UKB8U1600091,https://www.shazam.com/track/335626285/iigo,123.2,2.1,120.6,0.1
2026-08-28,Unlimited,1,DJ Functionist,5,930,1212,15:30,10,Kornél Kovács,Pantalón,Radio Koko - EP,Numbers,2015,Alternative,GB7CH1500007,https://www.shazam.com/track/266114498/pantal%C3%B3n,123.6,3.0,120.0,0.2
2026-08-28,Unlimited,2,Miyra Lim Unlimited in Steyr Warmup Mix,1,30,252,0:30,6,Danny Son,Boarding Completed,We Speak Fluently - EP,INDUSTRIAL LIGHT RECORDINGS,2023,House,QZWFP2370700,https://www.shazam.com/track/686991563/boarding-completed,126.9,-2.3,129.9,-0.0
2026-08-28,Unlimited,2,Miyra Lim Unlimited in Steyr Warmup Mix,2,510,582,8:30,3,Mood II Swing,Closer (feat. Carole Sylvan) [The Deepshakerz Extended Rework],Closer (feat. Carole Sylvan) [Remixes],King Street Sounds,1994,House,USA671700077,https://www.shazam.com/track/342908851/closer-feat-carole-sylvan-the-deepshakerz-extended-rework,127.0,3.2,123.1,2.3
2026-08-28,Unlimited,2,Miyra Lim Unlimited in Steyr Warmup Mix,3,600,642,10:00,2,Mella Dee,Techno Disco Tool,Techno Disco Tool - Single,Warner Records,2017,Dance,GBAHT1700695,https://www.shazam.com/track/372812870/techno-disco-tool,127.0,-2.3,130.0,-2.9
2026-08-28,Unlimited,2,Miyra Lim Unlimited in Steyr Warmup Mix,4,990,1062,16:30,2,Big Ever,Oozz,Oozz - Single,TraTraTrax,2025,Electronic,COAB11900272,https://www.shazam.com/track/844408747/oozz,,-4.5,,-0.0
2026-08-28,Unlimited,2,Miyra Lim Unlimited in Steyr Warmup Mix,5,1080,1272,18:00,7,SIKTVP,Ki Bounce,Ki Bounce - Single,4841981 Records DK,2025,Dance,QZHN92545221,https://www.shazam.com/track/816209769/ki-bounce,158.8,2.4,155.0,-0.0
2026-08-28,Unlimited,2,Miyra Lim Unlimited in Steyr Warmup Mix,6,1290,1512,21:30,7,LADYMONIX,It's a Party Dammit!,Steppin' Out - EP,Frizner Electric,2021,House,QZMEM2105677,https://www.shazam.com/track/591730775/its-a-party-dammit,127.4,0.8,126.3,-0.0
2026-08-28,Unlimited,2,Miyra Lim Unlimited in Steyr Warmup Mix,7,1650,1932,27:30,7,Human Movement,Kibbeh Nayyeh,50/50,Gallery Recordings,2026,Garage,AUMSZ2600014,https://www.shazam.com/track/863308370/kibbeh-nayyeh,128.0,0.0,127.9,-0.0
2026-08-28,Unlimited,2,Miyra Lim Unlimited in Steyr Warmup Mix,8,1800,1872,30:00,2,Faithless,Salva Mea,Reverence / Irreverence,Cheeky Records,1996,Dance,GBBXH9920071,https://www.shazam.com/track/67437814/salva-mea,128.0,-0.0,128.0,0.4
2026-08-28,Unlimited,2,Miyra Lim Unlimited in Steyr Warmup Mix,9,2040,2112,34:00,2,Masud Khan,Midafternoon (Mastering Lo-Fi),,,,Folk,,https://www.shazam.com/track/859308472/midafternoon-mastering-lo-fi,,1.1,,-0.1
2026-08-28,Unlimited,3,FM4 Unlimited mit DJ Beware,1,360,762,6:00,14,Spacejunk,Mundo Futuro,Down With You - EP,Magnitude Recordings,2006,House,NLHR22000337,https://www.shazam.com/track/81524813/mundo-futuro,120.5,-2.8,124.0,-2.9
2026-08-28,Unlimited,3,FM4 Unlimited mit DJ Beware,2,990,1032,16:30,2,Amine Edge & DANCE & Blaze (Kevin Hedge),Lovelee Dae,Lovelee Dae - Single,Defected Records,2017,Dance,GBCPZ1712198,https://www.shazam.com/track/376457598/lovelee-dae,120.5,-2.8,124.0,-2.6
2026-08-28,Unlimited,3,FM4 Unlimited mit DJ Beware,3,1560,1992,26:00,14,Simon Baker,Mamaia Highway (Original Mix),,,,Dance,,https://www.shazam.com/track/81781331/mamaia-highway-original-mix,120.5,-3.6,125.0,-3.7
2026-08-28,Unlimited,3,FM4 Unlimited mit DJ Beware,4,2160,2232,36:00,2,Paquito Salazar,Malfunction,Fidelidad Artificial - EP,paquito salazar,2019,Techno,SE6A91921301,https://www.shazam.com/track/469890000/malfunction,120.5,-4.7,126.5,-4.4
2026-08-28,Unlimited,3,FM4 Unlimited mit DJ Beware,5,2460,2832,41:00,7,Luca Lozano,Number One Difficult Man,Number One Difficult Man - EP,Klasse Wrecks,2024,Dance,NLL561908796,https://www.shazam.com/track/700464576/number-one-difficult-man,120.5,-3.6,125.0,-3.6
2026-08-28,Unlimited,3,FM4 Unlimited mit DJ Beware,6,2580,2742,43:00,3,Eelke Kleijn,Transmission (Joris Voorn Remix),Transmission (Remixes) - EP,DAYS like NIGHTS,2022,Dance,NLF712208018,https://www.shazam.com/track/627762876/transmission-joris-voorn-remix,120.4,-4.2,125.7,-4.6
2026-08-28,Unlimited,4,Summermix Bestof Set,1,0,192,0:00,7,Good Neighbours & The Blessed Madonna,Ripple (The Blessed Madonna's Godsquad Mix),Ripple (The Blessed Madonna's Godsquad Mix) - Single,Polydor Records,2025,Alternative,GBUM72501450,https://www.shazam.com/track/820023606/ripple-the-blessed-madonnas-godsquad-mix,80.2,0.0,80.1,0.0
2026-08-28,Unlimited,4,Summermix Bestof Set,2,210,432,3:30,8,Dusky,Keep On,Keep On / Operation - Single,17 Steps,2024,Dance,GBEWA2406410,https://www.shazam.com/track/800141813/keep-on,121.0,-0.0,121.0,-0.0
2026-08-28,Unlimited,4,Summermix Bestof Set,3,450,732,7:30,10,"Joss Moog, Around7 & Phil Weeks",Point G,SU-700 Lost Sessions - Single,Ondulé Recordings,2025,Dance,QM6MZ2560409,https://www.shazam.com/track/817692261/point-g,122.0,1.7,120.0,-0.1
2026-08-28,Unlimited,4,Summermix Bestof Set,4,750,912,12:30,6,Nebraska,Green Marimba (Remastered),Archive Tracks Vol.1 - EP,Friends & Relations,2025,Dance,GXBKR2500010,https://www.shazam.com/track/72933963/green-marimba-remastered,122.3,1.7,120.3,-0.1
2026-08-28,Unlimited,4,Summermix Bestof Set,5,1050,1362,17:30,8,Jimpster,Beat of an Era,The Phoenix - EP,Nu Groove Records,2025,Dance,GBCPZ2423986,https://www.shazam.com/track/814983714/beat-of-an-era,122.0,-0.0,122.0,-0.0
2026-08-28,Unlimited,4,Summermix Bestof Set,6,1380,1572,23:00,7,Quantic,Eko Eko (DJ - Kicks),DJ - Kicks: Quantic,!K7 Records,2025,Funk,DEG932405754,https://www.shazam.com/track/813827264/eko-eko-dj-kicks,122.0,-0.8,123.0,-0.0
2026-08-28,Unlimited,4,Summermix Bestof Set,7,1590,1842,26:30,9,Lindstrøm,Cirkl,Sirius Syntoms,Feedelity / Hans-Peter Lindstrøm,2025,Dance,NOFEE2501010,https://www.shazam.com/track/816780595/cirkl,122.0,-1.6,124.0,-0.1
2026-08-28,Unlimited,4,Summermix Bestof Set,8,1890,2172,31:30,10,Sofia Kourtesis,La Perla (Edit),La Perla (Edit) - Single,Technicolour,2021,Electronic,GBCFB2000764,https://www.shazam.com/track/553566618/la-perla-edit,122.2,-1.6,124.2,-0.1
2026-08-28,Unlimited,4,Summermix Bestof Set,9,2190,2592,36:30,13,Huge In Japan & Justin Imperiale,Bahia (Justin Imperiale Remix),"Justin Imperiale Remixes, Vol. 1",Cabana Recordings,2015,Electronic,USZ5Y1200025,https://www.shazam.com/track/151475965/bahia-justin-imperiale-remix,128.0,-0.0,128.0,-0.0
2026-08-28,Unlimited,4,Summermix Bestof Set,10,2640,2892,44:00,7,Fouk,Cobalt,Gravity - Single,Basics Recordings,2024,House,GBKQU2440703,https://www.shazam.com/track/698950219/cobalt,122.0,-2.4,125.0,-0.1
2026-09-04,Unlimited,1,Functionist x Rundfunk.fm Zürich,1,90,222,1:30,2,Wal,What Ya Got,GTFU - Single,Bass Jamz,2026,House,GBKQU2613623,https://www.shazam.com/track/861188179/what-ya-got,124.0,-2.3,126.9,0.0
2026-09-04,Unlimited,1,Functionist x Rundfunk.fm Zürich,2,120,162,2:00,2,"KITSCHKRIEG, Blumengarten & Shirin David",Gut Genug (mit Blumengarten & Shirin David),KITSCHKRIEG ZWEI,Four Music/SoulForce Records,2025,Hip-Hop/Rap,DEKF22600057,https://www.shazam.com/track/857100056/gut-genug-mit-blumengarten-shirin-david,124.0,1.7,122.0,-0.0
2026-09-04,Unlimited,1,Functionist x Rundfunk.fm Zürich,3,240,432,4:00,6,Raz & Afla,Shikor Shikor,Echoes of Resistance,Wah Wah 45s,2024,,GBLQT2400045,https://www.shazam.com/track/712806766/shikor-shikor,124.4,-0.8,125.4,-0.0
2026-09-04,Unlimited,1,Functionist x Rundfunk.fm Zürich,4,450,822,7:30,7,Lakeshouse,Ubegrensa Harmoni,Ubegrensa Harmoni - EP,Paper Recordings,2025,House,GBEYE2500005,https://www.shazam.com/track/818710935/ubegrensa-harmoni,93.0,-0.8,93.7,-0.0
2026-09-04,Unlimited,1,Functionist x Rundfunk.fm Zürich,5,570,792,9:30,3,Robin S.,Luv 4 Luv (Stone's Radio Edit),Luv 4 Luv,Champion Records,1993,Pop,GBBXG0920101,https://www.shazam.com/track/20066439/love-for-love,124.1,0.9,123.0,-0.0
2026-09-04,Unlimited,1,Functionist x Rundfunk.fm Zürich,6,900,1152,15:00,6,The Funkmaster,Juicy (feat. Tawatha) [Classic Mix],Juicy (Classic Mix) [feat. Tawatha] - Single,fusion,2021,Electronic,DEY472172045,https://www.shazam.com/track/562142158/juicy-feat-tawatha-classic-mix,124.0,-0.6,124.8,0.0
2026-09-04,Unlimited,1,Functionist x Rundfunk.fm Zürich,7,1410,1722,23:30,11,Geoffrey C & DJ Spen,Beats Like This,Beats Like This - Single,unquantize,2024,,UKF4C1604205,https://www.shazam.com/track/714067340/beats-like-this,155.1,1.7,152.6,0.0
2026-09-04,Unlimited,1,Functionist x Rundfunk.fm Zürich,8,1740,1962,29:00,7,Idris Muhammad,Could Heaven Ever Be Like This,Turn This Mutha Out,CTI,1977,Jazz,USSM11405937,https://www.shazam.com/track/10454200/could-heaven-ever-be-like-this,124.1,-1.1,125.5,-0.1
2026-09-04,Unlimited,1,Functionist x Rundfunk.fm Zürich,9,1980,2232,33:00,9,Rockin Moroccin,You Got the Love,You Got the Love - Single,Get Physical Music,2022,House,DEBE72300525,https://www.shazam.com/track/641231696/you-got-the-love,124.0,3.4,120.0,0.0
2026-09-04,Unlimited,1,Functionist x Rundfunk.fm Zürich,10,2250,2442,37:30,3,Blaze & Bicep,Lovelee Dae (Bicep Remix),Lovelee Dae Bicep Remixes - Single,Bicep Music,2016,Electronic,GBVHV1500062,https://www.shazam.com/track/323743308/lovelee-dae-bicep-remix,123.9,0.1,123.8,-0.8
2026-09-04,Unlimited,1,Functionist x Rundfunk.fm Zürich,11,2280,2322,38:00,2,Phil Weeks & Mikey V,Spinnin',Spinnin' - EP,Robsoul,2023,Dance,FR48Z2300031,https://www.shazam.com/track/658443711/spinnin,123.9,-0.9,125.0,-0.0
2026-09-04,Unlimited,1,Functionist x Rundfunk.fm Zürich,12,2460,2802,41:00,12,Tim Deluxe,It Just Won't Do (feat. Sam Obernik) [Radio Edit],It Just Won't Do - EP,Get Human,2002,House,GBP2Q1000049,https://www.shazam.com/track/11120229/it-just-wont-do-feat-sam-obernik-radio-edit,124.1,-3.1,128.1,0.0
2026-09-04,Unlimited,1,Functionist x Rundfunk.fm Zürich,13,2820,2952,47:00,5,Session Victim,Good Intentions (Lp Mix),The Haunted House of House,Delusions of Grandeur,2012,Dance,GBZHR0900091,https://www.shazam.com/track/53575087/good-intentions-lp-mix,124.1,4.2,119.0,-0.0
2026-09-04,Unlimited,2,DJ Functionist x Rundfunk.fm,1,0,222,0:00,8,Dam Swindle,That's Right (Edit),That's Right (Edit) - Single,Heist Recordings,2023,Electronic,NLYV52300046,https://www.shazam.com/track/677976767/thats-right-edit,124.1,3.4,120.0,-0.0
2026-09-04,Unlimited,2,DJ Functionist x Rundfunk.fm,2,240,672,4:00,15,Red Rack'em,Wonky Bassline Disco Banger,Wonky Bassline Disco Banger - Single,Classic Music Company,2014,Dance,GBCPZ1609658,https://www.shazam.com/track/313317122/wonky-bassline-disco-banger,124.2,-0.7,125.0,-0.0
2026-09-04,Unlimited,2,DJ Functionist x Rundfunk.fm,3,990,1362,16:30,13,Benoit & Sergio,Everybody,Principles / Everybody - Single,DFA Records,2011,Electronic,US4GE1100092,https://www.shazam.com/track/53679829/everybody,124.0,-1.6,126.0,-0.0
2026-09-04,Unlimited,2,DJ Functionist x Rundfunk.fm,4,1380,1692,23:00,11,Afriqua,Space Dookie (feat. Big Farma),Colored,R&S Records,2019,Electronic,BEZ351900120,https://www.shazam.com/track/483621967/space-dookie-feat-big-farma,124.0,-1.2,125.5,-0.0
2026-09-04,Unlimited,2,DJ Functionist x Rundfunk.fm,5,1740,2052,29:00,11,Kenny Hawkes & Louise Carver,Play the Game (Extended Mix),Play the Game (Extended Mixes),Classic Music Company,2010,Dance,GBCPZ0211219,https://www.shazam.com/track/59070349/play-the-game-extended-mix,124.1,-0.9,125.2,-0.0
2026-09-04,Unlimited,2,DJ Functionist x Rundfunk.fm,6,2070,2352,34:30,10,DJ Split,Body Go Ah,Action Classa - EP,Tessellate,2026,House,UKUJB2600022,https://www.shazam.com/track/880182635/body-go-ah,124.0,-2.4,127.0,-0.0
2026-09-04,Unlimited,2,DJ Functionist x Rundfunk.fm,7,2370,2682,39:30,11,Matthew Styles,Hot!,Aji-No-Moto - EP,Running Back,2012,Electronic,DECY51201373,https://www.shazam.com/track/71672620/hot,124.0,-3.1,128.0,-0.0
2026-09-04,Unlimited,2,DJ Functionist x Rundfunk.fm,8,2700,2952,45:00,5,Tom Tom Club,Wordy Rappinghood,Genius of Live,Nacional Records,2010,Alternative,US66W1001846,https://www.shazam.com/track/47451929/wordy-rappinghood,124.1,1.9,121.7,-0.1
2026-09-04,Unlimited,2,DJ Functionist x Rundfunk.fm,9,2790,2922,46:30,4,Beltran & Mc Gw,Culpa Da Cachaça,Culpa Da Cachaça - Single,Turbo Recordings,2026,Electronic,DEG932600213,https://www.shazam.com/track/860273904/culpa-da-cachac-a,124.0,-3.1,128.0,-0.0
2026-09-04,Unlimited,2,DJ Functionist x Rundfunk.fm,10,3240,3462,54:00,5,Barry Can't Swim,All My Friends (ATRIP Remix),All My Friends (ATRIP Remix) - Single,Ninja Tune,2025,Electronic,GBCFB2500483,https://www.shazam.com/track/835004089/all-my-friends-atrip-remix,125.7,-4.7,131.9,-0.0
2026-09-04,Unlimited,2,DJ Functionist x Rundfunk.fm,11,3570,3792,59:30,7,Raxon,Acid Call,Speicher 134 - Single,Kompakt Extra,2025,Techno,DEU672500005,https://www.shazam.com/track/810430719/acid-call,125.7,-4.0,131.0,0.0
2026-09-04,Unlimited,2,DJ Functionist x Rundfunk.fm,12,3810,3852,1:03:30,2,BLR & Rave & Crave,Taj,"EP, Pt. 1 - EP",Spinnin' Deep,2017,Dance,NLZ541701197,https://www.shazam.com/track/378527324/taj,125.7,1.4,124.0,1.1
2026-09-04,Unlimited,3,FM4 Unlimited mit DJ Beware,1,1140,1392,19:00,6,The Shapeshifters,Lola's Theme,Sound Advice,Glitterbox Recordings,2006,Dance,GBGYY0500059,https://www.shazam.com/track/40047979/lolas-theme,125.0,-0.0,125.0,0.9
2026-09-04,Unlimited,3,FM4 Unlimited mit DJ Beware,2,1290,1452,21:30,3,Tiësto,The Business,DRIVE,Atlantic Records,2020,Dance,CYA112000624,https://www.shazam.com/track/537668825/the-business,125.0,0.8,124.0,1.3
2026-09-04,Unlimited,3,FM4 Unlimited mit DJ Beware,3,1320,1362,22:00,2,Michael Gray & Kimberly Brown,Fly Away (feat. The Sultra Gospel Singers),Optimism,Sultra Records,2024,Dance,NLML62400043,https://www.shazam.com/track/693854617/fly-away-feat-the-sultra-gospel-singers,125.0,2.7,121.7,2.3
2026-09-04,Unlimited,3,FM4 Unlimited mit DJ Beware,4,1500,1872,25:00,3,Spirit Catcher,Voo Doo Knight,Voo Doo Knight,Moodmusic,2004,Dance,DEY470904031,https://www.shazam.com/track/40819673/voo-doo-knight,125.0,-3.8,129.9,-3.9
2026-09-04,Unlimited,3,FM4 Unlimited mit DJ Beware,5,1530,1692,25:30,4,Charles Manier,Change You,Tangent 2002: Disco Nouveau,Ghostly International,2002,Electronic,US2J70400511,https://www.shazam.com/track/40094731/change-you,125.0,-3.5,129.5,-3.6
2026-09-04,Unlimited,3,FM4 Unlimited mit DJ Beware,6,1650,1842,27:30,6,Pigna People,Fregna the Age (Mixed),A Bugged Out Mix (DJ Mix),,2005,Electronic,US23A8125129,https://www.shazam.com/track/40933915/fregna-the-age-mixed,125.1,-3.9,130.2,-3.9
2026-09-04,Unlimited,3,FM4 Unlimited mit DJ Beware,7,1890,2232,31:30,12,Raxon,Robotalia,Robotalia - Single,Cocoon Recordings,2023,Techno,DEQ202300013,https://www.shazam.com/track/667961645/robotalia,125.0,-2.3,128.0,-2.4
2026-09-04,Unlimited,3,FM4 Unlimited mit DJ Beware,8,2250,2532,37:30,5,Maceo Plex,Solar Detroit,Solar Sampler - Single,Ellum,2015,Dance,GB7M21529002,https://www.shazam.com/track/276386320/solar-detroit,125.0,-2.4,128.0,-2.9
2026-09-04,Unlimited,3,FM4 Unlimited mit DJ Beware,9,2280,2412,38:00,4,Anfisa Letyago,Rhythm Tension,Speicher 118 - Single,Kompakt Extra,2021,Electronic,DEU672100874,https://www.shazam.com/track/579824120/rhythm-tension,124.9,-3.9,129.9,-3.9
2026-09-04,Unlimited,3,FM4 Unlimited mit DJ Beware,10,3030,3312,50:30,9,Zoo Brazil,Big Sister,,,,,,https://www.shazam.com/track/40626427/big-sister,125.0,0.8,124.0,0.7
2026-09-04,Unlimited,3,FM4 Unlimited mit DJ Beware,11,3330,3582,55:30,7,Random Factor,Old News,Ricochet - EP,20/20 Vision Recordings,2024,Dance,GBEWY0300059,https://www.shazam.com/track/712958233/old-news,124.6,-1.9,127.0,-1.9
2026-09-11,Unlimited,1,DJ Functionist Weekend Warmup,1,0,342,0:00,12,Menta Sauce,Get Together,Inside - Single,Jus' Mirage,2026,House,QZTBA2609784,https://www.shazam.com/track/871340466/get-together,132.2,0.9,131.0,0.1
2026-09-11,Unlimited,1,DJ Functionist Weekend Warmup,2,360,612,6:00,2,Red Eyes,Long Ago,Long Ago (Collection) - Single,SKANDHAS RECORDS,2019,Electronic,CA5KR1846087,https://www.shazam.com/track/455052735/long-ago,132.1,3.3,127.8,3.2
2026-09-11,Unlimited,1,DJ Functionist Weekend Warmup,3,390,582,6:30,6,Soul Mass Transit System,Music Rock 4 Me,Music Rock 4 Me - Single,ec2a,2026,House,CBEFB2605347,https://www.shazam.com/track/894314112/music-rock-4-me,132.1,-2.8,135.9,0.3
2026-09-11,Unlimited,1,DJ Functionist Weekend Warmup,4,630,762,10:30,5,Cloonee,Get Up And Dance,Are You Still You?,Good Music For Bad People,2026,House,CBEFB2605183,https://www.shazam.com/track/892629356/get-up-and-dance,132.3,1.7,130.1,0.1
2026-09-11,Unlimited,1,DJ Functionist Weekend Warmup,5,780,912,13:00,5,"Dina Summer, Local Suicide & Kalipo",Burning Heart,Burning Heart - Single,Iptamenos Discos,2026,House,FR59R2621907,https://www.shazam.com/track/868849762/burning-heart,132.5,2.5,129.3,0.1
2026-09-11,Unlimited,1,DJ Functionist Weekend Warmup,6,930,1182,15:30,9,AceMo & Swami Sound,Knot Theory,The Equation - EP,The Core of Our Strategy Ltd.,2026,Electronic,USYBL2601612,https://www.shazam.com/track/894931381/knot-theory,97.8,0.3,97.5,0.3
2026-09-11,Unlimited,1,DJ Functionist Weekend Warmup,7,1200,1452,20:00,9,Hotmood,Boogie Celebration,Boogie Celebration - Single,WEEY BACK RECORDS,2026,Electronic,GBKQU2683173,https://www.shazam.com/track/892332903/boogie-celebration,126.9,0.7,126.0,0.4
2026-09-11,Unlimited,1,DJ Functionist Weekend Warmup,8,1530,1602,25:30,3,KiRiK,Ne Reste Pas (Radio Edit),World Child - EP,Memory Remains,2026,House,GBKQU2678582,https://www.shazam.com/track/890934611/ne-reste-pas-radio-edit,126.9,-0.8,128.0,0.3
2026-09-11,Unlimited,1,DJ Functionist Weekend Warmup,9,1710,1872,28:30,6,Blawan,Gi Mi Keys Back,Gi Mi Keys Back / Auto Fake - Single,XL Recordings,2026,Electronic,GBBKS2600257,https://www.shazam.com/track/895709787/gi-mi-keys-back,138.4,-1.1,140.0,0.1
2026-09-11,Unlimited,1,DJ Functionist Weekend Warmup,10,1890,2082,31:30,7,Modeselektor,Aorta,Aorta - Single,Monkeytown Records,2026,Electronic,DEOE82700001,https://www.shazam.com/track/896397482/aorta,139.3,-0.5,140.0,0.3
2026-09-11,Unlimited,1,DJ Functionist Weekend Warmup,11,2100,2292,35:00,7,KING BOOO!,Take Me Up,Take Me Up - Single,Black Butter Records,2026,Garage,USA2P2655019,https://www.shazam.com/track/893279332/take-me-up,138.9,0.5,138.1,0.1
2026-09-11,Unlimited,1,DJ Functionist Weekend Warmup,12,2400,2622,40:00,7,Christian Nielsen,Back Seat,Access EP,Sincopat,2019,Techno,ES35G1200632,https://www.shazam.com/track/471220216/back-seat,124.1,-0.8,125.1,0.0
2026-09-11,Unlimited,1,DJ Functionist Weekend Warmup,13,2640,2892,44:00,8,Solee,Shanti,Out of Nowhere,Parquet Recordings,2014,Electronic,DEH741409119,https://www.shazam.com/track/155952375/shanti,123.8,0.6,123.0,0.1
2026-09-11,Unlimited,1,DJ Functionist Weekend Warmup,14,3000,3192,50:00,3,Electrick City,Over and Over (Extended Mix),Over and Over - Single,Chemiztri Recordings,2023,House,GBRT22300160,https://www.shazam.com/track/678360146/over-and-over-extended-mix,123.7,-1.8,125.9,0.2
2026-09-11,Unlimited,1,DJ Functionist Weekend Warmup,15,3060,3222,51:00,3,Chris Fortier & Neil Kolo,All I Got (Chris Fortier 20yr Dub),All I Got (Chris Fortier Remixes) - EP,Fade Records,2015,Techno,QMPNN1200220,https://www.shazam.com/track/297000567/all-i-got-chris-fortier-20yr-dub,123.8,0.6,123.0,0.9
2026-09-11,Unlimited,2,DJ Beware,1,570,792,9:30,7,ctrl+opt,Turn It Up,Power - EP,Flamingo Park,2025,Electronic,USYBL2501224,https://www.shazam.com/track/823410578/turn-it-up,131.0,-1.5,133.0,-1.5
2026-09-11,Unlimited,2,DJ Beware,2,810,1092,13:30,7,D'Julz,Hip House Soup (Original Mix),Hip House Soup - EP,Honchos Music,2005,Dance,GBHSF0400498,https://www.shazam.com/track/40543647/hip-house-soup-original-mix,131.1,3.9,126.1,3.9
2026-09-11,Unlimited,2,DJ Beware,3,870,1062,14:30,3,Elvis Benait & Tony Gomez,Gate One,Gate One,Toolroom Trax,2008,Dance,GBJAJ0800553,https://www.shazam.com/track/58970526/gate-one,131.0,2.4,127.9,3.4
2026-09-11,Unlimited,2,DJ Beware,4,1380,1692,23:00,4,Knuckleheadz,House Rocca,The Collection,Glamzoo,2019,Dance,GBKQU1952251,https://www.shazam.com/track/10659768/house-rocca,131.0,-4.0,136.4,-0.5
2026-09-11,Unlimited,2,DJ Beware,5,1710,2082,28:30,13,Random Factor,Update,Ricochet - EP,20/20 Vision Recordings,2024,Dance,GBEWY0300061,https://www.shazam.com/track/10519589/update,130.9,2.9,127.2,2.9
2026-09-11,Unlimited,2,DJ Beware,6,2700,3042,45:00,11,DJ Naughty,All The Boys Look Superchic,,,,,,https://www.shazam.com/track/43113417/all-the-boys-look-superchic,131.1,1.0,129.7,1.0
2026-09-11,Unlimited,2,DJ Beware,7,3060,3342,51:00,10,NuBreed,Ionosphere,Beats N Rhymes - Single,Mob Records,2002,Dance,GBDLM0200003,https://www.shazam.com/track/20033010/ionosphere,131.0,2.3,128.0,2.3
2026-09-11,Unlimited,3,DJ Functionist Radiomix,1,30,372,0:30,12,Douglas Greed,"Everything Is Stupid, I Wanna Go Home!","Everything Is Stupid, I Wanna Go Home! - Single",Tulpa Ovi Records,2025,Techno,DEXO52499324,https://www.shazam.com/track/809662828/everything-is-stupid-i-wanna-go-home,129.0,1.6,127.0,-0.1
2026-09-11,Unlimited,3,DJ Functionist Radiomix,2,390,762,6:30,13,Loidis,Towlift,From the Toolkit of Lovers,Incienso,2026,House,DEG932604017,https://www.shazam.com/track/892099637/towlift,129.3,1.8,127.0,-0.1
2026-09-11,Unlimited,3,DJ Functionist Radiomix,3,780,1002,13:00,8,Deetron,Filter (House Mix),House Masters - Deetron Sampler - Single,Defected Records,2026,Dance,GBCPZ2525155,https://www.shazam.com/track/875551666/filter-house-mix,128.9,0.7,128.0,-0.0
2026-09-11,Unlimited,3,DJ Functionist Radiomix,4,1050,1242,17:30,7,Rachel Row,Follow the Step (Justin Martin Remix),Follow the Step - EP,Defected Records,2013,Dance,PLE071302903,https://www.shazam.com/track/82325719/follow-the-step-justin-martin-remix,129.0,4.9,123.0,-0.0
2026-09-11,Unlimited,3,DJ Functionist Radiomix,5,1680,1932,28:00,9,Tyree Cooper,Turn Up the Bass (Tyree Cooper Turn Up the House Mix),Turn Up the Bass - EP,Supa Dupa Rec.,1998,Dance,DEBL60822267,https://www.shazam.com/track/49001013/turn-up-the-bass-tyree-cooper-turn-up-the-house-mix,126.7,-0.4,127.2,-0.4
2026-09-11,Unlimited,4,DJ Mix by Functionist,1,0,552,0:00,19,Ron Trent,Street Wave (feat. Lars Bartkuhn),Lift Off,Rush Hour,2025,House,NLM971900773,https://www.shazam.com/track/815002632/street-wave-feat-lars-bartkuhn,124.1,0.0,124.1,0.0
2026-09-11,Unlimited,4,DJ Mix by Functionist,2,660,912,11:00,8,Robag Wruhme,Olahni,Fumaxohn - EP,Cocoon Recordings,2026,Techno,DEQ202600003,https://www.shazam.com/track/891739635/olahni,126.4,-1.3,128.0,0.3
2026-09-11,Unlimited,4,DJ Mix by Functionist,3,930,1362,15:30,10,Sébastien Léger,Caprice,Caprice - Single,Lost Miracle,2026,House,QMDA72627605,https://www.shazam.com/track/897038845/caprice,126.4,3.4,122.3,0.3
2026-09-11,Unlimited,4,DJ Mix by Functionist,4,1380,1452,23:00,2,George Ellinas,Rainmaker (Extended Club Mix),Rainmaker - EP,Ellina Music,2012,Dance,US83Z1815026,https://www.shazam.com/track/80058644/rainmaker-extended-club-mix,121.1,-5.1,127.7,0.4
2026-09-11,Unlimited,4,DJ Mix by Functionist,5,1530,1572,25:30,2,Adele,Set Fire to the Rain (Thomas Gold Remix),Set Fire to the Rain (Remixes) - EP,XL Recordings,2011,Pop,GBBKS1100177,https://www.shazam.com/track/53552154/set-fire-to-the-rain-thomas-gold-remix,121.1,-3.6,125.6,0.5
2026-09-12,Live von den Dancefloors aus dem Schloss Lamberg,1,Myra Lim,1,0,222,0:00,7,"Kenlou, Louie Vega & Kenny Dope",Gimme Some More (KenLou Instrumental Mix),MAW Lost Tapes 12 - Single,MAW Records,2024,House,GBKQU2400514,https://www.shazam.com/track/687859109/gimme-some-more-kenlou-instrumental-mix,126.5,-0.4,127.0,-0.0
2026-09-12,Live von den Dancefloors aus dem Schloss Lamberg,1,Myra Lim,2,180,402,3:00,6,Janet Jackson,Got 'Til It's Gone (feat. Q-Tip & Joni Mitchell) [Def Club Mix],The Velvet Rope (Deluxe Edition),Virgin Catalog,1997,R&B/Soul,USUM72216721,https://www.shazam.com/track/634045725/got-til-its-gone-feat-q-tip-joni-mitchell-def-club-mix,126.5,2.2,123.8,0.0
2026-09-12,Live von den Dancefloors aus dem Schloss Lamberg,1,Myra Lim,3,360,462,6:00,3,"Sharon Pass & Steve ""Silk"" Hurley",The Word Is Love (Mousse T's Kinda Deep Mix),The Word Is Love (S&S Remixes),S&S Records,1998,Dance,USHWH1300904,https://www.shazam.com/track/93891965/the-word-is-love-mousse-ts-kinda-deep-mix,126.5,1.6,124.5,-0.9
2026-09-12,Live von den Dancefloors aus dem Schloss Lamberg,2,DJ Functionist,1,30,282,0:30,9,2000 and One,Wan Poku Moro,Heritage,100% Pure,2009,Electronic,NLR340510061,https://www.shazam.com/track/48347033/wan-poku-moro,126.5,2.8,123.0,0.0
2026-09-12,Live von den Dancefloors aus dem Schloss Lamberg,2,DJ Functionist,2,300,342,5:00,2,Kenlou,Moonshine (Masters At Work Remix),Moonshine (Masters At Work Remix) - EP,MAW Records,2022,House,GBKQU2210145,https://www.shazam.com/track/599928989/moonshine-masters-at-work-remix,126.5,3.7,122.0,0.0
2026-09-12,Live von den Dancefloors aus dem Schloss Lamberg,2,DJ Functionist,3,360,522,6:00,4,Marc Marzenit,Perron (Wehbba Remix),Perron (Remixes) - Single,Tronic,2015,House,DEKB71438635,https://www.shazam.com/track/264281338/perron-wehbba-remix,126.5,2.1,124.0,3.1
2026-09-12,Live von den Dancefloors aus dem Schloss Lamberg,2,DJ Functionist,4,630,852,10:30,7,Saison,How You Feel,How You Feel - Single,Papa Records,2012,Dance,GB7GV1701015,https://www.shazam.com/track/383538611/how-you-feel,126.5,2.9,122.9,-0.0
2026-09-12,Live von den Dancefloors aus dem Schloss Lamberg,2,DJ Functionist,5,870,1002,14:30,4,Byron the Aquarius,PHONE SEX (69),Northern Lights Kush Project Vol.1,TALKNOI$E,2025,Electronic,QZTV32570068,https://www.shazam.com/track/328105860/phone-sex-69,126.5,5.0,120.5,0.1
2026-09-12,Live von den Dancefloors aus dem Schloss Lamberg,2,DJ Functionist,6,1260,1572,21:00,11,Robag Wruhme,Naila,Speicher 132 - Single,Kompakt Extra,2024,Dance,DEU672400531,https://www.shazam.com/track/704933635/naila,127.2,0.2,126.9,-0.0
2026-09-12,Live von den Dancefloors aus dem Schloss Lamberg,2,DJ Functionist,7,1740,1782,29:00,2,Janet Jackson,What Have You Done For Me Lately,Design of a Decade 1986/1996,A&M,1986,Pop,USUM70732208,https://www.shazam.com/track/5186284/what-have-you-done-for-me-lately,,-0.1,,-0.1
2026-09-12,Live von den Dancefloors aus dem Schloss Lamberg,2,DJ Functionist,8,1890,2052,31:30,4,Fatima Yamaha,What's a Girl to Do,A Girl Between Two Worlds,Magnetron Music,2015,Electronic,NLW041200326,https://www.shazam.com/track/101208535/whats-a-girl-to-do,129.2,7.5,120.2,-0.0
2026-09-12,Live von den Dancefloors aus dem Schloss Lamberg,2,DJ Functionist,9,1950,2202,32:30,7,DJ Markuz,Someone Call a Dj,Someone Call a Dj - Single,3931578 Records DK,2025,House,QT3F92544304,https://www.shazam.com/track/843556927/someone-call-a-dj,129.2,-2.8,133.0,-0.0
2026-09-12,Live von den Dancefloors aus dem Schloss Lamberg,2,DJ Functionist,10,2220,2262,37:00,2,Anunaku,Atlas4088,Stargate - Single,3024,2020,Techno,NLEF82000003,https://www.shazam.com/track/504874950/atlas4088,172.2,0.9,170.7,0.0
2026-09-12,Live von den Dancefloors aus dem Schloss Lamberg,2,DJ Functionist,11,2280,2322,38:00,2,Marco & Tarma,No Body,Vintage - Single,HOTOVEN RECORDS,2026,House,QZ5FN2636628,https://www.shazam.com/track/859471504/no-body,,4.1,,3.6
2026-09-12,Live von den Dancefloors aus dem Schloss Lamberg,2,DJ Functionist,12,2370,2532,39:30,6,DJ Deep,What's Going On,[QR]D.081.TSM.24 - Single,COD3 QR,2024,Dance,NLZ9U2400012,https://www.shazam.com/track/694230804/whats-going-on,129.2,4.2,124.0,0.0
2026-09-12,Live von den Dancefloors aus dem Schloss Lamberg,2,DJ Functionist,13,2550,2712,42:30,4,Daniel Steinberg,Free Living (Extended),Free Living EP - EP,Rekids,2026,Dance,GBLTF2600033,https://www.shazam.com/track/863281612/free-living-extended,129.2,1.8,126.9,-0.1
2026-09-12,Live von den Dancefloors aus dem Schloss Lamberg,2,DJ Functionist,14,2730,2862,45:30,3,Oxia,Domino (Rework),Domino (Remixes),Armada Music,2006,Dance,FR10S1759391,https://www.shazam.com/track/341043581/domino-rework,129.3,2.4,126.2,0.2
2026-09-12,Live von den Dancefloors aus dem Schloss Lamberg,2,DJ Functionist,15,3120,3402,52:00,6,DJ OTAVIO HENRIQUE,SET MEGA FUNK FIM DE ANO 2026,SET MEGA FUNK FIM DE ANO 2026 - Single,6275363 Records DK,2025,Jungle/Drum'n'bass,QT6G62561407,https://www.shazam.com/track/854372981/set-mega-funk-fim-de-ano-2026,129.7,-0.2,130.0,0.0
2026-09-12,Live von den Dancefloors aus dem Schloss Lamberg,2,DJ Functionist,16,3180,3252,53:00,2,Gusto,Disco's Revenge (Mole Hole Dirty Mix),Disco's Revenge,Altra Moda Music,1995,House,ITB550404013,https://www.shazam.com/track/10105650/discos-revenge-mole-hole-dirty-mix,129.6,2.8,126.2,1.9
2026-09-12,Live von den Dancefloors aus dem Schloss Lamberg,2,DJ Functionist,17,3270,3342,54:30,2,J.J. Fad,Supersonic,Supersonic,Rhino/Elektra,1988,Hip-Hop/Rap,USEW18800001,https://www.shazam.com/track/10567242/supersonic,129.7,-1.8,132.1,0.1
2026-09-12,Live von den Dancefloors aus dem Schloss Lamberg,2,DJ Functionist,18,3420,3582,57:00,3,Hot'n'Juicy & Mousse T.,Horny ('98 Radio Edit),Horny (Radio Edit's) - Single,Peppermint Jam Records,1998,Electronic,DEP081900009,https://www.shazam.com/track/11146515/horny-98-radio-edit,129.7,3.0,126.0,3.0
2026-09-12,Live von den Dancefloors aus dem Schloss Lamberg,2,DJ Functionist,19,3600,3642,1:00:00,2,Argento,Red Light,Hang Tuff - Single,Tiger Records,2018,Dance,DEW871805329,https://www.shazam.com/track/429464278/red-light,129.7,4.6,124.0,4.7
2026-09-12,Live von den Dancefloors aus dem Schloss Lamberg,2,DJ Functionist,20,3750,3942,1:02:30,5,Raxon,Acid Call,Speicher 134 - Single,Kompakt Extra,2025,Techno,DEU672500005,https://www.shazam.com/track/810430719/acid-call,129.6,-1.0,130.9,-0.0
2026-09-12,Live von den Dancefloors aus dem Schloss Lamberg,2,DJ Functionist,21,3990,4302,1:06:30,8,Piezo & Priori,Onda,Onda - Single,TraTraTrax,2025,Electronic,COAB11900281,https://www.shazam.com/track/844530044/onda,129.6,-4.7,135.9,0.0
2026-09-12,Live von den Dancefloors aus dem Schloss Lamberg,2,DJ Functionist,22,4320,4542,1:12:00,8,Fabio Monesi,You Are Not Supposed To Know,Devotion - Single,Wilson Records,2023,House,FRX452398667,https://www.shazam.com/track/665914054/you-are-not-supposed-to-know,129.7,1.3,128.0,-0.0
2026-09-12,Live von den Dancefloors aus dem Schloss Lamberg,3,Jugo Ürdens,1,120,282,2:00,6,Jugo Ürdens,Aus Prinzip,DUMM - EP,Modern Angst,2025,Hip-Hop/Rap,DGA072583698,https://www.shazam.com/track/850024529/aus-prinzip,159.8,0.1,159.6,0.0
2026-09-12,Live von den Dancefloors aus dem Schloss Lamberg,3,Jugo Ürdens,2,330,462,5:30,5,Jugo Ürdens,Nie Wieder,Nie Wieder - Single,Modern Angst,2026,Hip-Hop/Rap,FR2X42686162,https://www.shazam.com/track/865247991/nie-wieder,170.0,-0.0,170.0,-0.0
2026-09-12,Live von den Dancefloors aus dem Schloss Lamberg,3,Jugo Ürdens,3,480,642,8:00,6,Jugo Ürdens,Kopf Hoch,Kopf Hoch - Single,Modern Angst,2026,Hip-Hop/Rap,FR96X2647498,https://www.shazam.com/track/874427136/kopf-hoch,125.0,-0.0,125.0,-0.0
2026-09-12,Live von den Dancefloors aus dem Schloss Lamberg,3,Jugo Ürdens,4,660,792,11:00,5,Jugo Ürdens,Café Europa,Café Europa - Single,Modern Angst,2026,Hip-Hop/Rap,DGA082505906,https://www.shazam.com/track/851203233/caf%C3%A9-europa,133.5,-0.0,133.5,0.0
2026-09-12,Live von den Dancefloors aus dem Schloss Lamberg,3,Jugo Ürdens,5,840,1002,14:00,4,Jugo Ürdens & Carlo5,Dagegen,DUMM - EP,Modern Angst,2025,Hip-Hop/Rap,DGA072525511,https://www.shazam.com/track/847127252/dagegen,135.2,0.0,135.1,-0.0
2026-09-12,Live von den Dancefloors aus dem Schloss Lamberg,3,Jugo Ürdens,6,1020,1182,17:00,5,Jugo Ürdens,Für Mich,DUMM - EP,Modern Angst,2025,Hip-Hop/Rap,DGA052589180,https://www.shazam.com/track/841322833/f%C3%BCr-mich,160.1,-0.0,160.1,0.0
2026-09-12,Live von den Dancefloors aus dem Schloss Lamberg,3,Jugo Ürdens,7,1260,1392,21:00,5,Udo Jürgens,Griechischer Wein,Meine Lieder,Sony Music Catalog,1974,German Pop,DEA817400019,https://www.shazam.com/track/20087435/griechischer-wein,151.4,0.1,151.2,0.1
2026-09-12,Live von den Dancefloors aus dem Schloss Lamberg,3,Jugo Ürdens,8,1410,1572,23:30,6,Jugo Ürdens & Tiavo,Benzin,Hund,Epic Local,2024,Hip-Hop/Rap,ATB152400199,https://www.shazam.com/track/710112901/benzin,160.2,-0.0,160.2,0.0
2026-09-12,Live von den Dancefloors aus dem Schloss Lamberg,3,Jugo Ürdens,9,1620,1752,27:00,4,Jugo Ürdens,Panik,Für Mich,Modern Angst,2026,Hip-Hop/Rap,FRX282621521,https://www.shazam.com/track/885149754/panik,160.6,0.1,160.4,-0.0
2026-09-12,Live von den Dancefloors aus dem Schloss Lamberg,3,Jugo Ürdens,10,1800,1932,30:00,5,Jugo Ürdens & MOLA,Alles Wird Gut,Für Mich,Modern Angst,2026,Hip-Hop/Rap,FRX282621523,https://www.shazam.com/track/884870303/alles-wird-gut,120.0,0.1,119.9,-0.0
2026-09-12,Live von den Dancefloors aus dem Schloss Lamberg,3,Jugo Ürdens,11,1980,2352,33:00,10,Jugo Ürdens,Sonntag im August,Hund,Epic Local,2024,Hip-Hop/Rap,ATB152400207,https://www.shazam.com/track/710269761/sonntag-im-august,100.0,0.0,100.0,-0.0
2026-09-12,Live von den Dancefloors aus dem Schloss Lamberg,3,Jugo Ürdens,12,2370,2472,39:30,4,Jugo Ürdens,Aus Prinzip,DUMM - EP,Modern Angst,2025,Hip-Hop/Rap,DGA072583698,https://www.shazam.com/track/850024529/aus-prinzip,160.4,-0.0,160.4,0.0
2026-09-12,Live von den Dancefloors aus dem Schloss Lamberg,3,Jugo Ürdens,13,2520,2622,42:00,3,Jugo Ürdens,Panik,Für Mich,Modern Angst,2026,Hip-Hop/Rap,FRX282621521,https://www.shazam.com/track/885149754/panik,160.4,0.1,160.2,-0.0
2026-09-12,Live von den Dancefloors aus dem Schloss Lamberg,3,Jugo Ürdens,14,2670,2832,44:30,3,Jugo Ürdens,Für Mich,DUMM - EP,Modern Angst,2025,Hip-Hop/Rap,DGA052589180,https://www.shazam.com/track/841322833/f%C3%BCr-mich,153.9,-3.7,159.9,-0.0
2026-09-12,Live von den Dancefloors aus dem Schloss Lamberg,4,Davidecks & Drums,1,30,342,0:30,11,Alan Braxe & Fred Falke,Intro (Alan Braxe Remix),Intro (25th Anniversary) - Single,Smugglers Way,2026,Dance,GBCEL2500674,https://www.shazam.com/track/852802921/intro-alan-braxe-remix,127.0,2.4,124.0,0.0
2026-09-12,Live von den Dancefloors aus dem Schloss Lamberg,4,Davidecks & Drums,2,360,552,6:00,6,Wave Wave,Money Talks,Money Talks - Single,Diynamic Music,2026,Dance,DEDH72300714,https://www.shazam.com/track/894229563/money-talks,128.9,-0.1,129.1,0.0
2026-09-12,Live von den Dancefloors aus dem Schloss Lamberg,4,Davidecks & Drums,3,630,942,10:30,6,gizA djs & Gianpietro,La Città Dei Pensieri,Hype Over Magic City EP - EP,Diynamic Music,2024,Electronic,DEDH72300293,https://www.shazam.com/track/710247549/la-citta-dei-pensieri,128.9,0.7,128.0,0.0
2026-09-12,Live von den Dancefloors aus dem Schloss Lamberg,4,Davidecks & Drums,4,660,702,11:00,2,BLR & Rave & Crave,Taj,"EP, Pt. 1 - EP",Spinnin' Deep,2017,Dance,NLZ541701197,https://www.shazam.com/track/378527324/taj,128.9,4.2,123.7,3.5
2026-09-12,Live von den Dancefloors aus dem Schloss Lamberg,4,Davidecks & Drums,5,720,792,12:00,3,X-Press 2,Say What! (London Underground Mix),Say What! - EP,Acid Jazz UK,2022,Electronic,GBUQC2201180,https://www.shazam.com/track/45292952/say-what-london-underground-mix,128.8,3.2,124.8,2.9
2026-09-12,Live von den Dancefloors aus dem Schloss Lamberg,4,Davidecks & Drums,6,990,1272,16:30,9,CASSIMM,LOVE DESIRE,LOVE DESIRE - Single,Golden Recordings,2023,Dance,US38Y2304083,https://www.shazam.com/track/678245920/love-desire,128.9,2.3,126.0,-0.0
2026-09-12,Live von den Dancefloors aus dem Schloss Lamberg,4,Davidecks & Drums,7,1290,1452,21:30,6,Hatiras,Hypnotized,Hypnotized - Single,Toolroom,2025,Dance,GBJAJ2500779,https://www.shazam.com/track/827947265/hypnotized,129.0,1.5,127.1,-0.0
2026-09-12,Live von den Dancefloors aus dem Schloss Lamberg,4,Davidecks & Drums,8,1770,1992,29:30,8,BURNS,Talamanca,Talamanca (Vintage Culture Remix) - Single,FFRR,2021,Dance,GBAYE2100748,https://www.shazam.com/track/573000283/talamanca,129.6,3.1,125.7,0.0
2026-09-12,Live von den Dancefloors aus dem Schloss Lamberg,4,Davidecks & Drums,9,2010,2232,33:30,5,salute,check check,check check - Single,Atlantic Records UK,2026,Dance,GBAHS2600181,https://www.shazam.com/track/878766687/check-check,130.2,-3.7,135.2,0.0
2026-09-12,Live von den Dancefloors aus dem Schloss Lamberg,4,Davidecks & Drums,10,2280,2442,38:00,4,Odd Mob,Left To Right,Left To Right - Single,Tinted Records,2022,House,AUCN32200150,https://www.shazam.com/track/619001207/left-to-right,130.2,1.1,128.8,-0.0
2026-09-12,Live von den Dancefloors aus dem Schloss Lamberg,4,Davidecks & Drums,11,2460,2622,41:00,6,Sean Paul & Odd Mob,Get Busy (Odd Mob Club Mix),Get Busy (Odd Mob Club Mix) - Single,Big Beat Records,2024,Dance,USAT22400662,https://www.shazam.com/track/693253987/get-busy-odd-mob-club-mix,130.0,-1.5,132.0,0.0
2026-09-12,Live von den Dancefloors aus dem Schloss Lamberg,4,Davidecks & Drums,12,2670,2772,44:30,4,Will Clarke,WHAT?!,WHAT?! - Single,Black Book Records,2026,House,GXFCP2500347,https://www.shazam.com/track/853210354/what,130.0,0.7,129.1,-0.0
2026-09-12,Live von den Dancefloors aus dem Schloss Lamberg,4,Davidecks & Drums,13,3000,3162,50:00,6,Kristian Davidek & Theodor Striese,I Bet,The Lilli Ann EP - EP,jhruza records,2026,Electronica,ATHB32603003,https://www.shazam.com/track/878635332/i-bet,130.2,1.6,128.1,0.0
2026-09-12,Live von den Dancefloors aus dem Schloss Lamberg,4,Davidecks & Drums,14,3240,3522,54:00,10,Eelke Kleijn,Transmission (Joris Voorn Remix),Transmission (Remixes) - EP,DAYS like NIGHTS,2022,Dance,NLF712208018,https://www.shazam.com/track/627762876/transmission-joris-voorn-remix,129.9,3.8,125.2,-0.0
2026-09-12,Live von den Dancefloors aus dem Schloss Lamberg,4,Davidecks & Drums,15,3540,3702,59:00,6,Parov Stelar,"Keine Melodien...1,2,3,4,5 (feat. Jeans Team)","Keine Melodien...1,2,3,4,5 (feat. Jeans Team) - Single",etage noir recordings,2021,Electronic,ATE612100003,https://www.shazam.com/track/565073184/keine-melodien-1-2-3-4-5-feat-jeans-team,113.2,0.2,113.0,-0.0
2026-09-12,Live von den Dancefloors aus dem Schloss Lamberg,5,Joyce Muniz,1,30,72,0:30,2,Joyce Muniz,In der Nacht (feat. Karl Michael),Zeitkapsel,Joyce Muniz Music,2022,Dance,DEGL62200300,https://www.shazam.com/track/635688721/in-der-nacht-feat-karl-michael,128.2,-0.0,128.2,-0.0
2026-09-12,Live von den Dancefloors aus dem Schloss Lamberg,5,Joyce Muniz,2,330,492,5:30,6,"Chris Lorenzo, Marco Strous & Buraka Som Sistema",BaBaBa (Hangover),BaBaBa (Hangover) - Single,Black Book Records,2025,House,GXFCP2500241,https://www.shazam.com/track/836032128/bababa-hangover,128.0,-1.5,130.0,-0.0
2026-09-12,Live von den Dancefloors aus dem Schloss Lamberg,5,Joyce Muniz,3,510,762,8:30,3,Tiga,Bugatti (feat. Pusha T) [Benny Benassi & Laherte Remix],Bugatti (feat. Pusha T) [Benny Benassi & Laherte Remix] - Single,Armada Music,2025,Dance,NL8FJ2500343,https://www.shazam.com/track/843625339/bugatti-feat-pusha-t-benny-benassi-laherte-remix,128.0,1.6,126.0,0.0
2026-09-12,Live von den Dancefloors aus dem Schloss Lamberg,5,Joyce Muniz,4,600,732,10:00,3,The Chemical Brothers,Hey Boy Hey Girl (ARTBAT Remix),Hey Boy Hey Girl (ARTBAT Remix) - Single,Positiva,2024,Electronic,GBUM72402687,https://www.shazam.com/track/700599430/hey-boy-hey-girl-artbat-remix,127.8,1.7,125.6,0.1
2026-09-12,Live von den Dancefloors aus dem Schloss Lamberg,5,Joyce Muniz,5,810,972,13:30,2,Adam Sellouk & Alex Kaspersky,Body,Body - Single,Drumcode,2026,Electronic,GBUR62001261,https://www.shazam.com/track/862117073/body,,0.7,,-0.0
2026-09-12,Live von den Dancefloors aus dem Schloss Lamberg,5,Joyce Muniz,6,1200,1392,20:00,3,Josh Wink,Higher State of Consciousness (Tweekin Acid Funk),Higher State of Consciousness - Single,Strictly Rhythm Records,1995,Dance,USSR39532103,https://www.shazam.com/track/10643654/higher-state-of-consciousness-tweekin-acid-funk,127.4,1.7,125.3,-0.0
2026-09-12,Live von den Dancefloors aus dem Schloss Lamberg,5,Joyce Muniz,7,1410,1452,23:30,2,Oxia,Domino (Rework),Domino (Remixes),Armada Music,2006,Dance,FR10S1759391,https://www.shazam.com/track/341043581/domino-rework,128.0,1.7,125.9,1.6
2026-09-12,Live von den Dancefloors aus dem Schloss Lamberg,5,Joyce Muniz,8,1680,1932,28:00,2,Reflekt,Need To Feel Loved (feat. Delline Bass) [Radio Edit],Need To Feel Loved (feat. Delline Bass),Altra Moda Music,2004,House,GBHPU0400001,https://www.shazam.com/track/40391152/need-to-feel-loved-feat-delline-bass-radio-edit,128.1,-2.0,130.8,-1.1
2026-09-12,Live von den Dancefloors aus dem Schloss Lamberg,5,Joyce Muniz,9,1710,1782,28:30,2,Zimmie Gix,Absolute Chill,Moonquake Tech Bash,Drooling Floors,2021,World,ITZ072127519,https://www.shazam.com/track/598696908/absolute-chill,127.8,2.5,124.7,2.6
2026-09-12,Live von den Dancefloors aus dem Schloss Lamberg,5,Joyce Muniz,10,2010,2172,33:30,4,Lifelike & Kris Menace,What Time Is Love (Live at SSL Mix),What Time Is Love (Live at SSL Mix) - Single,Spinnin' Deep,2016,Dance,NLZ541600200,https://www.shazam.com/track/321367450/what-time-is-love-live-at-ssl-mix,127.1,6.8,119.1,-0.0
2026-09-12,Live von den Dancefloors aus dem Schloss Lamberg,5,Joyce Muniz,11,2280,2412,38:00,2,Musumeci & Joyce Muniz,Musica Elettrica,Musica Elettrica - Single,Buttress,2026,IDM/Experimental,DEY472673975,https://www.shazam.com/track/873325780/musica-elettrica,128.0,0.8,127.0,0.0
2026-09-12,Live von den Dancefloors aus dem Schloss Lamberg,5,Joyce Muniz,12,2460,2712,41:00,7,Krystal Klear,Offenbach,Pancake,Running Back,2025,House,DEVY92500156,https://www.shazam.com/track/825637869/offenbach,128.0,0.0,128.0,-0.0
2026-09-12,Live von den Dancefloors aus dem Schloss Lamberg,5,Joyce Muniz,13,2730,3072,45:30,11,Mark Knight & Funkagenda,Man With the Red Face (Original),Man With the Red Face,Toolroom Records,2008,Dance,GBJAJ0800571,https://www.shazam.com/track/55179111/man-with-the-red-face-original,128.1,0.8,127.1,-0.0
2026-09-12,Live von den Dancefloors aus dem Schloss Lamberg,6,Anna Ullrich,1,90,132,1:30,2,Bad Boombox & Eloise Keeble,Got It Good,hard beach,Hot Meal Records,2026,Dance,QMBZ92602297,https://www.shazam.com/track/883629367/got-it-good,136.9,-2.2,139.9,0.1
2026-09-12,Live von den Dancefloors aus dem Schloss Lamberg,6,Anna Ullrich,2,210,462,3:30,7,Diffrent,Live And Direct,Live And Direct - Single,Second Phase,2023,Dance,USZXT2352311,https://www.shazam.com/track/678012557/live-and-direct,139.8,0.0,139.8,-0.0
2026-09-12,Live von den Dancefloors aus dem Schloss Lamberg,6,Anna Ullrich,3,750,912,12:30,4,The Prodigy,Out of Space,Experience,XL Recordings,1992,Electronic,GBBKS9200028,https://www.shazam.com/track/243333/out-of-space,143.1,-2.7,147.0,-0.0
2026-09-12,Live von den Dancefloors aus dem Schloss Lamberg,6,Anna Ullrich,4,1320,1392,22:00,2,Vengaboys,Parada de Tettas,Parada de Tettas - EP,Universal Music B.V.,1997,Dance,NLC529711140,https://www.shazam.com/track/54558213/parada-de-tettas,,5.8,,-0.1
2026-09-12,Live von den Dancefloors aus dem Schloss Lamberg,6,Anna Ullrich,5,1350,1422,22:30,2,Loic D,Parada,,,,Dance,,https://www.shazam.com/track/628096340/parada,145.1,-3.3,150.0,0.3
2026-09-12,Live von den Dancefloors aus dem Schloss Lamberg,6,Anna Ullrich,6,1980,2172,33:00,4,The Prodigy,No Good (Start the Dance),Music for the Jilted Generation,XL Recordings,1994,Electronic,GBBKS9400117,https://www.shazam.com/track/226259/no-good-start-the-dance,125.0,3.4,120.9,-0.1
2026-09-12,Live von den Dancefloors aus dem Schloss Lamberg,6,Anna Ullrich,7,2190,2322,36:30,4,FOVOS,The Roof Is On Fire,The Roof Is On Fire - Single,Polyamor Berlin,2026,Electronic,DECE72603113,https://www.shazam.com/track/888968649/the-roof-is-on-fire,,-1.3,,0.0
2026-09-12,Live von den Dancefloors aus dem Schloss Lamberg,6,Anna Ullrich,8,2280,2382,38:00,3,Maddix,Move It 2 the Drum,Move It 2 the Drum - Single,EXTATIC Records,2025,Techno,NL8RL2558542,https://www.shazam.com/track/840110987/move-it-2-the-drum,150.2,2.1,147.0,0.5
2026-09-12,Live von den Dancefloors aus dem Schloss Lamberg,6,Anna Ullrich,9,2430,2562,40:30,5,Eva Charley & Guy Spring,Rock With Tha,Rock With Tha - Single,Eva Charley,2025,Trance,QZZ8B2551781,https://www.shazam.com/track/873698099/rock-with-tha,150.0,0.0,150.0,-0.0
2026-09-12,Live von den Dancefloors aus dem Schloss Lamberg,6,Anna Ullrich,10,2580,2682,43:00,4,Anna Ullrich,LOVE RAVE,LOVE RAVE - Single,recordJet,2026,Trance,ATJ852600004,https://www.shazam.com/track/873148716/love-rave,150.1,-1.9,153.0,0.0
2026-09-12,Live von den Dancefloors aus dem Schloss Lamberg,6,Anna Ullrich,11,2730,2862,45:30,3,La Luna,When the Morning Comes (Space Cadets Mix),When the Morning Comes - Single,Lost Pearls,2021,Dance,BEC010000029,https://www.shazam.com/track/417677243/when-the-morning-comes-space-cadets-mix,150.0,4.9,143.0,4.1
2026-09-12,Live von den Dancefloors aus dem Schloss Lamberg,6,Anna Ullrich,12,2910,3072,48:30,2,Jugo Ürdens,Für Mich,DUMM - EP,Modern Angst,2025,Hip-Hop/Rap,DGA052589180,https://www.shazam.com/track/841322833/f%C3%BCr-mich,154.5,-2.9,159.1,0.1
2026-09-12,Live von den Dancefloors aus dem Schloss Lamberg,6,Anna Ullrich,13,3150,3282,52:30,4,LUM!X,Self Aware (Remix),Self Aware (Remix) - Single,Temper City under exclusive license to Thirty Knots,2026,Electronic,QT8BV2656755,https://www.shazam.com/track/879439049/self-aware-remix,155.1,-0.2,155.3,-0.7
2026-09-18,Unlimited,1,DJ Beware,1,330,732,5:30,11,Spacejunk,Mundo Futuro,Down With You - EP,Magnitude Recordings,2006,House,NLHR22000337,https://www.shazam.com/track/81524813/mundo-futuro,130.1,4.9,124.1,4.8
2026-09-18,Unlimited,1,DJ Beware,2,390,702,6:30,2,Peven Everett,I Can't Believe I Loved Her (Main Mix),I Can't Believe I Loved Her - EP,King Street Sounds,2002,House,USA670400336,https://www.shazam.com/track/49297892/i-cant-believe-i-loved-her-main-mix,130.0,-1.4,131.8,-1.7
2026-09-18,Unlimited,1,DJ Beware,3,780,822,13:00,2,The Shapeshifters,Lola's Theme,Sound Advice,Glitterbox Recordings,2006,Dance,GBGYY0500059,https://www.shazam.com/track/40047979/lolas-theme,,4.0,,0.5
2026-09-18,Unlimited,1,DJ Beware,4,900,942,15:00,2,Blaze & Bicep,Lovelee Dae (Bicep Remix),Lovelee Dae Bicep Remixes - Single,Bicep Music,2016,Electronic,GBVHV1500062,https://www.shazam.com/track/323743308/lovelee-dae-bicep-remix,130.0,4.8,124.0,3.9
2026-09-18,Unlimited,1,DJ Beware,5,1440,1812,24:00,13,Simon Baker,Mamaia Highway (Original Mix),,,,Dance,,https://www.shazam.com/track/81781331/mamaia-highway-original-mix,130.0,4.0,125.0,4.0
2026-09-18,Unlimited,1,DJ Beware,6,1830,2232,30:30,9,Layo & Bushwacka!,Love Story (Bushwacka! Remix),Love Story,XL Recordings,2002,Electronic,GBBKS0200047,https://www.shazam.com/track/20005353/love-story-bushwacka-remix,130.3,-1.5,132.3,-0.8
2026-09-18,Unlimited,1,DJ Beware,7,1950,2202,32:30,3,Mura Masa,SXC,Curve 1,Pond Recordings,2024,Dance,GX9U42400001,https://www.shazam.com/track/709190021/sxc,129.9,-0.3,130.4,-1.0
2026-09-18,Unlimited,1,DJ Beware,8,2250,2592,37:30,9,Luca Lozano,Number One Difficult Man,Number One Difficult Man - EP,Klasse Wrecks,2024,Dance,NLL561908796,https://www.shazam.com/track/700464576/number-one-difficult-man,130.0,4.0,125.0,4.0
2026-09-18,Unlimited,1,DJ Beware,9,2430,2502,40:30,2,Eelke Kleijn,Transmission (Joris Voorn Remix),Transmission (Remixes) - EP,DAYS like NIGHTS,2022,Dance,NLF712208018,https://www.shazam.com/track/627762876/transmission-joris-voorn-remix,130.1,3.4,125.7,2.9
2026-09-18,Unlimited,2,Unlimited Prater Warmup,1,0,282,0:00,10,Raxon,Basick Beat,4t20m - EP,Turbo Recordings,2026,Electronic,DEG932505402,https://www.shazam.com/track/845870911/basick-beat,130.0,1.6,128.0,-0.0
2026-09-18,Unlimited,2,Unlimited Prater Warmup,2,300,462,5:00,3,"The Blackout Allstars, Sheila E., Tito Puente, Dave Valentin, Grover Washington, Paquito D'Rivera, Ray Barretto & Tito Nieves",I Like It (Like That) [Radio Mix],Latin Mix USA,Sony Discos/Columbia,1998,Pop in Spanish,USSM19400518,https://www.shazam.com/track/5327809/i-like-it-like-that-radio-mix,129.9,1.6,128.0,-0.5
2026-09-18,Unlimited,2,Unlimited Prater Warmup,3,570,882,9:30,2,Wigbert,Balance,SUM 2,Second State Audio,2017,Techno,DESR41700124,https://www.shazam.com/track/357412198/balance,130.1,4.0,125.1,3.6
2026-09-18,Unlimited,2,Unlimited Prater Warmup,4,600,762,10:00,4,Toman,De Bongo Man,Dolce Far Niente - EP,Cecille Records,2024,House,GBKQU2469933,https://www.shazam.com/track/707980721/de-bongo-man,130.2,1.6,128.2,-0.0
2026-09-18,Unlimited,2,Unlimited Prater Warmup,5,1170,1212,19:30,2,"Agoria, NOEMIE & Rami Khalife",Teardrops (Don't Stop The Music) [Nick Morgan Remix],Teardrops (Don't Stop The Music),Sapiens Recordings,2023,House,FR00Y2300015,https://www.shazam.com/track/685892837/teardrops-dont-stop-the-music-nick-morgan-remix,130.0,4.8,124.0,4.9
2026-09-18,Unlimited,2,Unlimited Prater Warmup,6,1230,1542,20:30,9,Raxon,Don't Cry Pluto,Speicher 134 - Single,Kompakt Extra,2025,Electronic,DEU672500006,https://www.shazam.com/track/810169478/dont-cry-pluto,130.0,0.8,129.0,-0.1
2026-09-18,Unlimited,2,Unlimited Prater Warmup,7,1620,1842,27:00,7,Daniel Steinberg,Concrete,Free Living EP - EP,Rekids,2026,Dance,GBLTF2600034,https://www.shazam.com/track/863524008/concrete,130.0,0.0,130.0,-0.0
2026-09-18,Unlimited,2,Unlimited Prater Warmup,8,1860,2172,31:00,8,DJ OTAVIO HENRIQUE,SET MEGA FUNK FIM DE ANO 2026,SET MEGA FUNK FIM DE ANO 2026 - Single,6275363 Records DK,2025,Jungle/Drum'n'bass,QT6G62561407,https://www.shazam.com/track/854372981/set-mega-funk-fim-de-ano-2026,130.0,0.0,130.0,-0.0
2026-09-18,Unlimited,2,Unlimited Prater Warmup,9,2010,2082,33:30,2,J.J. Fad,Supersonic,Supersonic,Rhino/Elektra,1988,Hip-Hop/Rap,USEW18800001,https://www.shazam.com/track/10567242/supersonic,,-1.6,,-0.0
2026-09-18,Unlimited,2,Unlimited Prater Warmup,10,2190,2352,36:30,3,Gigi D'Agostino,Bla Bla Bla,L'amour Toujours,ZYX Music,1999,Dance,DEA319908479,https://www.shazam.com/track/10498654/bla-bla-bla,130.0,-2.1,132.8,0.3
2026-09-18,Unlimited,2,Unlimited Prater Warmup,11,2520,2832,42:00,11,Raxon,Acid Call,Speicher 134 - Single,Kompakt Extra,2025,Techno,DEU672500005,https://www.shazam.com/track/810430719/acid-call,130.1,-0.8,131.1,-0.2
2026-09-18,Unlimited,2,Unlimited Prater Warmup,12,2910,3222,48:30,4,Alex Dolby & Santos,Raw Road (Carlo Lio Remix),Believe In the Music II,Nervous Records,2011,Dance,USNRS1128663,https://www.shazam.com/track/149023124/raw-road-carlo-lio-remix,130.1,3.2,126.0,2.6
2026-09-18,Unlimited,2,Unlimited Prater Warmup,13,2970,3102,49:30,4,Soul Mass Transit System,Talking Nonsense,HAUSDOGS002 - EP,ec2a,2026,Dance,CBEFB2601260,https://www.shazam.com/track/867069515/talking-nonsense,130.0,-1.5,132.0,-0.2
2026-09-18,Unlimited,2,Unlimited Prater Warmup,14,3540,3702,59:00,4,Hot'n'Juicy & Mousse T.,Horny ('98 Radio Edit),Horny (Radio Edit's) - Single,Peppermint Jam Records,1998,Electronic,DEP081900009,https://www.shazam.com/track/11146515/horny-98-radio-edit,130.1,3.1,126.1,2.9
2026-09-18,Unlimited,2,Unlimited Prater Warmup,15,4050,4242,1:07:30,6,Demuja,Stop Asking Me,title.txt,Peach Discs,2026,House,UKMRM1800121,https://www.shazam.com/track/872212260/stop-asking-me,129.9,0.0,129.9,-0.1
2026-09-18,Unlimited,2,Unlimited Prater Warmup,16,4260,4692,1:11:00,14,Larry Heard & Mr. White,The Sun Can't Compare (Mixed),"Mix Piknic: Liv K in Montréal, Oct 12, 2025 (DJ Mix)",,2025,Dance,US23A8861005,https://www.shazam.com/track/45137271/the-sun-cant-compare-mixed,130.0,2.4,127.0,0.8
2026-09-18,Unlimited,2,Unlimited Prater Warmup,17,4980,5112,1:23:00,4,Basement Jaxx,Where’s Your Head At,Rooty,XL Recordings,2001,Electronic,GBBKS0100014,https://www.shazam.com/track/5170191/wheres-your-head-at,,1.7,,0.0
2026-09-18,Unlimited,2,Unlimited Prater Warmup,18,5370,5502,1:29:30,4,O'Flynn,Banggg,Banggg - Single,Earth's Only Paradise,2025,House,US38Y2434508,https://www.shazam.com/track/807213336/banggg,130.2,-0.0,130.3,-0.0
2026-09-18,Unlimited,2,Unlimited Prater Warmup,19,5520,5802,1:32:00,7,Debbie Deb,When I Hear Music,She's Back,Pandisc,1995,Dance,US54R0500152,https://www.shazam.com/track/41374493/when-i-hear-music,130.0,3.2,126.0,2.9
2026-09-18,Unlimited,2,Unlimited Prater Warmup,20,5880,6282,1:38:00,11,Mr. Oizo,Flat Beat,Flat Beat - EP,F Communications,1999,Electronic,FRV229900020,https://www.shazam.com/track/3103600/flat-beat,130.0,0.7,129.1,0.0
2026-09-18,Unlimited,2,Unlimited Prater Warmup,21,6300,6792,1:45:00,17,Da Hool,Meet Her at the Loveparade,Meet Her at the Loveparade,NITRON music,1997,Dance,DEC719700561,https://www.shazam.com/track/2912159/meet-her-at-the-loveparade,130.0,-1.5,132.0,-0.2
2026-09-18,Unlimited,2,Unlimited Prater Warmup,22,6810,6852,1:53:30,2,Mousse T. & Hot 'n' Juicy,Horny '98 (Extended Mix) [Mixed] [Mixed],Glitterbox - Catch the Beat (DJ Mix),Glitterbox Recordings,2019,Dance,GBCPZ1916404,https://www.shazam.com/track/10502624/horny-98-extended-mix-mixed-mixed,130.0,1.6,128.0,1.6
2026-09-18,Unlimited,2,Unlimited Prater Warmup,23,6870,6912,1:54:30,2,Fragma,Toca's Miracle (Radio Edit),Toca (20th Anniversary Edition),Front of House Recordings,2000,Dance,DEP992200001,https://www.shazam.com/track/49803917/tocas-miracle-radio-edit,130.0,-1.7,132.2,0.7
